id,family,prediction,answer,is_correct
00066667,bit,10010111,10010111,True
000b53cf,bit,01000011,01000011,True
00189f6a,cipher,cat imagines book,cat imagines book,True
001b24c4,roman,XXXVIII,XXXVIII,True
001c63cb,cipher,wizard creates secret,wizard creates secret,True
00208201,unit,16.65,16.65,True
0031df9c,bit,00110100,00110100,True
0040ff76,gravity,154.62,154.62,True
00457d26,symbol,,@&,False
00463d04,gravity,50.51,50.51,True
0047365c,unit,10.62,10.62,True
004ef7c7,bit,,11111111,False
0059df78,unit,43.44,43.43,False
005ad22a,cipher,king chases castle,king chases castle,True
00600e6e,roman,LXVII,LXVII,True
00619cba,gravity,91.84,91.84,True
00662ac2,gravity,11.78,11.78,True
00674059,cipher,alice watches under wonderland,alice watches under wonderland,True
006a46d3,unit,19.00,19.00,True
0073bcbb,gravity,20.33,20.33,True
00754598,bit,11101111,11101111,True
00890aff,bit,01110000,01110000,True
008b52fd,bit,,01100101,False
009a74b6,bit,,11111011,False
00a3fd23,cipher,wizard watches through library,wizard watches through library,True
00a77d86,unit,20.56,20.56,True
00c032a8,symbol,,\^?,False
00c8ab45,unit,23.75,23.75,True
00d1932c,unit,12.48,12.48,True
00d8b3db,symbol,,17/,False
00d9f682,roman,C,C,True
00ec1c63,gravity,7.66,7.66,True
00ed1836,gravity,24.28,24.28,True
00efa37c,cipher,turtle watches the mysterious garden,turtle watches the mysterious garden,True
00fdc0be,bit,11111111,11111111,True
010055e2,unit,28.29,28.29,True
0106eb4a,roman,LXXXIV,LXXXIV,True
0122d53a,roman,LI,LI,True
01248b76,bit,11000101,11000101,True
012cab1f,symbol,,|@{,False
012fb81b,bit,10000100,10000100,True
0133bcec,symbol,,\([#,False
0140788e,unit,38.74,38.74,True
01466f0b,unit,46.92,46.91,False
014c4f83,unit,54.29,54.28,False
014c7478,unit,66.59,66.59,True
015430cf,roman,LXXVII,LXXVII,True
0162e157,roman,LII,LII,True
016482c8,unit,62.33,62.33,True
016c474c,bit,00000100,00000100,True
01714be2,gravity,140.43,140.44,False
017a161b,cipher,rabbit creates in ocean,rabbit creates in ocean,True
017a871e,symbol,,\:,False
0184a864,cipher,wizard reads in village,wizard reads in village,True
0186fc54,roman,LXIV,LXIV,True
018871ed,roman,XXXIX,XXXIX,True
018c6f61,cipher,the wise dragon watches,the wise dragon watches,True
018d465c,roman,XV,XV,True
01a065bb,gravity,45.00,45.0,False
01a44deb,unit,23.26,23.26,True
01b2aa67,symbol,,+},False
01c5cb71,cipher,student follows book,student follows book,True
01cd504a,symbol,,6644,False
01d894fb,bit,11000000,11000000,True
01d96398,unit,13.71,13.71,True
01e09228,bit,10010101,10010101,True
01e395d0,bit,,01011101,False
01ef1e3e,symbol,,[](,False
01f7d5de,roman,LXVII,LXVII,True
01f8c0c5,unit,9.30,9.30,True
01f90423,gravity,141.51,141.52,False
01fa1f37,cipher,king studies beyond valley,king studies beyond valley,True
0201e198,bit,11110101,11110101,True
02021540,bit,11100000,11100000,True
020a2ec4,roman,LXXIV,LXXIV,True
020d8b25,gravity,27.75,27.75,True
02102281,cipher,rabbit explores above island,rabbit explores above island,True
0214e81f,gravity,60.40,60.39,False
021ed764,bit,11111101,11111101,True
0220c8b2,unit,97.74,97.74,True
0224a397,cipher,queen sees the hidden book,queen sees the hidden book,True
0228335b,bit,11011011,11011011,True
022b5f8b,cipher,the secret cat sees,the secret cat sees,True
022c1a0d,roman,XIII,XIII,True
022c4d73,symbol,,!',False
02324ba1,bit,11101011,11101011,True
02356cb8,unit,28.23,28.23,True
023739fe,unit,21.09,21.09,True
023aa939,gravity,125.68,125.68,True
0240254e,roman,XCIV,XCIV,True
024101d9,bit,00100000,00100000,True
02422609,unit,41.14,41.14,True
0245b9bb,bit,,00001001,False
024678e0,cipher,bird sees in wonderland,bird sees in wonderland,True
02473b23,gravity,55.52,55.52,True
025abbbb,bit,00000001,00000001,True
026106f5,symbol,,631,False
02664ad5,symbol,,:}',False
02778bd7,bit,00000000,00000000,True
028c71d7,gravity,6.06,6.06,True
028fed0d,cipher,cat draws inside castle,cat draws inside castle,True
02902eb3,symbol,,>/,False
0290f51a,bit,,10101111,False
02a04b59,symbol,,#>]#,False
02a57a2f,unit,56.65,56.65,True
02a5a1ca,bit,,01101101,False
02a66bcb,bit,00011110,00011110,True
02b8d816,symbol,,>$$>,False
02beaa05,gravity,38.60,38.6,False
02c15453,symbol,,(,False
02d4b022,roman,XXXIII,XXXIII,True
02da60a0,gravity,55.28,55.28,True
02e2589e,cipher,wizard follows mirror,wizard follows mirror,True
02e4851e,roman,XLIV,XLIV,True
02e70301,roman,XCIV,XCIV,True
02e871e4,symbol,,$',False
02fae114,roman,XCI,XCI,True
02fb9923,cipher,the curious mouse imagines,the curious mouse imagines,True
030479a6,bit,01000110,01000110,True
0311b798,bit,00000100,00000100,True
03135557,cipher,dragon follows the colorful book,dragon follows the colorful book,True
031a5f02,unit,37.89,37.89,True
0320b87e,gravity,37.11,37.11,True
0320cf76,gravity,124.02,124.02,True
03249403,cipher,dragon imagines the dark treasure,dragon imagines the dark treasure,True
032fc96f,bit,01111110,01111110,True
0334b2bf,bit,00001111,00001111,True
033826f6,unit,29.15,29.15,True
033d2b33,cipher,mouse dreams near cave,mouse dreams near cave,True
034930e2,bit,00010111,00010111,True
034fb629,bit,00111001,00111001,True
035c4c40,symbol,,??,False
0375a010,roman,LXXV,LXXV,True
037921b9,gravity,86.26,86.26,True
037c45c6,gravity,43.28,43.29,False
037cbabf,gravity,52.38,52.37,False
0383ca89,roman,LXXX,LXXX,True
039921f2,roman,XCIX,XCIX,True
03a04492,unit,10.12,10.12,True
03a3437f,symbol,,-!,False
03abf270,roman,XV,XV,True
03bf2ac0,roman,XXIV,XXIV,True
03c5783b,unit,59.01,59.01,True
03cb7b73,gravity,23.66,23.66,True
03dc4d0c,gravity,150.39,150.4,False
03deaa1c,cipher,the silver mouse imagines,the silver mouse imagines,True
03e2bedc,cipher,rabbit dreams in castle,rabbit dreams in castle,True
03e3c7b6,unit,40.32,40.32,True
03ed28b0,roman,XCIV,XCIV,True
03ef6857,roman,XXIII,XXIII,True
03f07b43,symbol,,61,False
03f9e9d2,unit,21.37,21.37,True
03fba6b6,cipher,alice watches potion,alice watches potion,True
03fe3002,roman,XLVIII,XLVIII,True
0409e7d8,gravity,58.73,58.73,True
04171e29,symbol,,32,False
04183bf9,bit,10010000,10010000,True
0422aab3,cipher,the mysterious bird sees,the mysterious bird sees,True
0429104b,unit,29.61,29.61,True
042f1e53,symbol,,-},False
04322d27,symbol,,2891,False
0440e6ab,bit,01100000,01100000,True
04415462,unit,30.44,30.44,True
0446e032,unit,27.90,27.90,True
044cac3d,cipher,queen dreams the clever puzzle,queen dreams the clever puzzle,True
044de524,cipher,the secret turtle dreams,the secret turtle dreams,True
0454705a,symbol,,%}|,False
045a58f0,roman,LXXI,LXXI,True
046e8532,bit,00011100,00011100,True
04732729,unit,22.45,22.45,True
04768bb8,cipher,knight dreams in garden,knight dreams in garden,True
047b775b,roman,XXI,XXI,True
047c4111,symbol,,2596,False
048cc279,bit,01010000,01010000,True
049be61b,cipher,the mysterious student imagines,the mysterious student imagines,True
049d892c,gravity,70.91,70.91,True
04b818d2,unit,41.70,41.70,True
04c1e45b,cipher,teacher explores near castle,teacher explores near castle,True
04c23a05,gravity,29.37,29.37,True
04c44df4,bit,00000000,00000000,True
04c6aa94,roman,LXXII,LXXII,True
04d492a9,bit,00110111,00110111,True
04d8c3e6,bit,10000000,10000000,True
04f03c7e,roman,LXXXII,LXXXII,True
04f569be,roman,LXXXVII,LXXXVII,True
050492a9,unit,73.06,73.06,True
0505ab22,symbol,,1499,False
05109055,symbol,,`>%/,False
05195c8e,roman,XCIV,XCIV,True
0520a6ec,bit,10100001,10100001,True
052289d8,roman,LXXIV,LXXIV,True
0528d502,bit,,00011111,False
0536483a,bit,00000000,00000000,True
053b4c86,symbol,,(@(],False
053dbbbc,roman,VI,VI,True
053f4545,symbol,,731,False
053f87d3,bit,11111111,11111111,True
054c2488,roman,LXXXV,LXXXV,True
054d3e92,gravity,180.41,180.41,True
055a8b01,symbol,,',False
056993ca,unit,44.16,44.16,True
057fa18f,gravity,23.87,23.87,True
058b2d19,cipher,king follows through ocean,king follows through ocean,True
05978845,roman,LXXXVII,LXXXVII,True
05992f55,roman,XCVII,XCVII,True
059af21b,gravity,21.32,21.31,False
059bced5,roman,LXIII,LXIII,True
05aa40de,cipher,queen draws in valley,queen draws in valley,True
05b5ffe1,bit,,01011111,False
05bd2dab,symbol,,[)),False
05c36467,symbol,,%%\,False
05c38073,unit,15.62,15.62,True
05c939be,roman,LXXXIX,LXXXIX,True
05ca617c,bit,,11011011,False
05d58fb3,bit,01011101,01011101,True
05d88aa8,unit,42.14,42.15,False
05d90bdf,cipher,king writes inside mountain,king writes inside mountain,True
05d979c3,cipher,bird follows door,bird follows door,True
05e780c4,roman,III,III,True
05edae97,unit,13.20,13.20,True
05fc4fcb,roman,XLIII,XLIII,True
05fcec41,unit,16.20,16.20,True
06048616,roman,LXXI,LXXI,True
06083e68,symbol,,:::,False
06120e47,bit,11110010,11110010,True
06181e6a,gravity,8.13,8.13,True
062255e8,unit,28.63,28.63,True
06248efa,bit,11110111,11110111,True
0624c50c,roman,XXXI,XXXI,True
0625f633,symbol,,@@//,False
062ccf0e,gravity,22.45,22.45,True
062fd9cb,gravity,74.38,74.38,True
063564fa,unit,21.95,21.95,True
06412918,bit,00010010,00010010,True
0641ef58,symbol,,-35,False
065abaf6,symbol,,&/:\,False
065f9dea,symbol,,*53,False
06667a93,bit,10100011,10100011,True
06698d4e,bit,00110010,00110010,True
067a0668,cipher,alice follows near castle,alice follows near castle,True
06881e47,bit,,11111100,False
06907f76,unit,27.92,27.92,True
06940ba0,unit,32.63,32.63,True
069813dc,gravity,82.38,82.38,True
0698da5a,cipher,the colorful mouse studies,the colorful mouse studies,True
069dbaab,bit,00010000,00010000,True
06a9fd5b,unit,36.95,36.95,True
06b23a36,unit,32.60,32.60,True
06b3ee9d,gravity,127.75,127.75,True
06b5da9f,bit,00011010,00011010,True
06c2734d,roman,XXXI,XXXI,True
06d1980f,roman,XXX,XXX,True
06d682ea,cipher,bird discovers around cave,bird discovers around cave,True
06ef5c5c,unit,79.44,79.44,True
06f838d4,cipher,mouse watches through castle,mouse watches through castle,True
07097221,unit,19.38,19.38,True
070991c8,unit,16.56,16.56,True
070e986f,unit,49.15,49.15,True
0712d262,unit,21.38,21.38,True
0716b06e,roman,LIV,LIV,True
0718c7c7,unit,26.07,26.07,True
071d7301,cipher,rabbit studies near tower,rabbit studies near tower,True
07214cbb,roman,XX,XX,True
07249300,roman,LXXXVII,LXXXVII,True
0734d679,cipher,knight dreams key,knight dreams key,True
073942b5,bit,10100110,10100110,True
073c40ce,cipher,alice follows above garden,alice follows above garden,True
07417dd5,unit,22.27,22.27,True
07434d56,bit,11011001,11011001,True
074f618a,cipher,student explores near palace,student explores near palace,True
075b9aec,unit,16.13,16.13,True
076fda72,roman,XL,XL,True
0771aa25,cipher,turtle follows potion,turtle follows potion,True
07735828,unit,4.65,4.65,True
077b20f7,gravity,76.59,76.59,True
077cfc0b,unit,40.04,40.04,True
078cfc7b,unit,53.46,53.46,True
078df00e,symbol,,1031,False
078e4ee7,roman,XCVI,XCVI,True
079c8d4f,cipher,turtle dreams around ocean,turtle dreams around ocean,True
07aef27f,symbol,,-62,False
07b440f0,symbol,,@$^$,False
07b8c3d3,gravity,86.23,86.23,True
07c09384,cipher,cat imagines the bright potion,cat imagines the bright potion,True
07c3a547,roman,LXVI,LXVI,True
07c96a99,gravity,39.47,39.47,True
07cbed38,symbol,,93,False
07ceed47,bit,10000101,10000101,True
07d1cd39,bit,11000000,11000000,True
07d4f5a6,unit,46.16,46.16,True
07d61ec8,bit,,10111101,False
07d8149a,bit,01000000,01000000,True
07e8cf66,bit,10010110,10010110,True
07e9a377,gravity,15.66,15.66,True
07f8b9ab,unit,9.11,9.11,True
07faa7e3,cipher,the secret bird follows,the secret bird follows,True
0805b912,roman,XCIX,XCIX,True
080b44aa,bit,,00111111,False
08111d57,symbol,,")""",False
081736c8,unit,26.24,26.24,True
0819520a,symbol,,401,False
081ad3f3,roman,XXIV,XXIV,True
082c1a06,unit,11.08,11.08,True
082ef256,roman,XVIII,XVIII,True
08324468,cipher,turtle found above wonderland,turtle found above wonderland,True
083882c7,unit,39.09,39.09,True
0839e9e0,unit,42.88,42.88,True
083ed8fe,symbol,,<#):,False
084757f1,roman,LXXXVI,LXXXVI,True
0848cbc0,gravity,127.07,127.07,True
084a4496,bit,11000111,11000111,True
084f0513,unit,29.85,29.86,False
0855605b,bit,10010110,10010110,True
0858c338,cipher,king dreams around tower,king dreams around tower,True
08615ada,bit,11101111,11101111,True
0866671e,cipher,the strange alice follows,the strange alice follows,True
086adade,gravity,88.75,88.74,False
086cce4f,roman,LXXII,LXXII,True
086e5409,gravity,48.70,48.7,False
08705b5e,cipher,alice creates under ocean,alice creates under ocean,True
087cc5ba,unit,55.73,55.73,True
088d07a3,gravity,97.85,97.85,True
08a161c9,bit,01011111,01011111,True
08aa9210,unit,60.59,60.59,True
08ad3b0b,cipher,the silver cat reads,the silver cat reads,True
08b0756a,roman,LXXIII,LXXIII,True
08b0ee54,cipher,alice found under mountain,alice found under mountain,True
08b2b48d,bit,,10101011,False
08bc3a02,cipher,rabbit sees near cave,rabbit sees near cave,True
08d8d7e1,symbol,,88,False
08df5363,bit,01011100,01011100,True
08e9fe0e,roman,XXII,XXII,True
08f33ade,gravity,60.54,60.54,True
08f6216d,symbol,,|>>>,False
090a5f54,roman,LXXV,LXXV,True
091e3793,cipher,king studies the wise treasure,king studies the wise treasure,True
0925e4c0,cipher,teacher draws above forest,teacher draws above forest,True
092ce1c8,unit,37.20,37.20,True
09302769,symbol,,182,False
09311189,gravity,101.99,101.99,True
093bc4c0,roman,XXXII,XXXII,True
093da3ad,cipher,dragon imagines under mountain,dragon imagines under mountain,True
093de4ea,bit,01101010,01101010,True
09458326,gravity,75.10,75.11,False
094b8eea,roman,LXXXVI,LXXXVI,True
094bf548,symbol,,48,False
094de91f,bit,10011001,10011001,True
0956453a,cipher,the mysterious alice draws,the mysterious alice draws,True
095b3eab,cipher,knight draws the curious potion,knight draws the curious potion,True
096bf683,gravity,93.72,93.72,True
09777ee2,roman,LXXVIII,LXXVIII,True
0978d9f3,gravity,52.38,52.38,True
0980b3e6,unit,15.37,15.37,True
0982db70,roman,XXIII,XXIII,True
09832849,unit,21.62,21.62,True
0988e4dd,unit,7.19,7.19,True
098c2ba5,cipher,teacher watches under wonderland,teacher watches under wonderland,True
09913b3c,gravity,100.40,100.4,False
099b55fe,unit,29.26,29.26,True
099cb6bf,cipher,hatter dreams the clever message,hatter dreams the clever message,True
09a4e845,unit,63.44,63.44,True
09a80640,gravity,165.19,165.19,True
09b26a48,roman,LX,LX,True
09b6b813,cipher,wizard watches the silver puzzle,wizard watches the silver puzzle,True
09bb197a,cipher,wizard dreams the curious potion,wizard dreams the curious potion,True
09bb92f4,roman,LXXXIII,LXXXIII,True
09bd635a,gravity,30.24,30.24,True
09c8f227,gravity,96.31,96.31,True
09d5ee68,symbol,,!?'!,False
09e5b802,gravity,30.38,30.38,True
09eb1f7e,unit,30.64,30.64,True
09eb3e58,gravity,56.27,56.27,True
0a01cd3a,unit,26.50,26.50,True
0a039aa6,gravity,20.35,20.35,True
0a0698b2,unit,44.00,44.00,True
0a09555d,gravity,54.90,54.9,False
0a1326f4,bit,10010110,10010110,True
0a15c5c7,symbol,,43,False
0a195a74,bit,01010010,01010010,True
0a1988b2,roman,LVI,LVI,True
0a1d7306,cipher,student chases the bright garden,student chases the bright garden,True
0a28f8c0,unit,11.62,11.62,True
0a2b9109,symbol,,-?:,False
0a3c8962,gravity,54.36,54.36,True
0a3ee7c7,symbol,,\@)],False
0a41d1b5,gravity,158.06,158.06,True
0a41eb96,cipher,the bright king reads,the bright king reads,True
0a45c663,gravity,51.58,51.58,True
0a49dd70,unit,98.57,98.57,True
0a4b53b4,roman,LVIII,LVIII,True
0a4b6267,gravity,129.68,129.68,True
0a4e0ecd,gravity,39.90,39.9,False
0a50c4a8,bit,00001101,00001101,True
0a5c4c1e,gravity,196.52,196.53,False
0a5e80bf,bit,01000111,01000111,True
0a6d48aa,bit,,11100011,False
0a94b2de,symbol,,@}`@,False
0aa2c5bf,roman,IV,IV,True
0aaf8d39,roman,LXI,LXI,True
0ab0fe37,roman,XLIII,XLIII,True
0ab3d1de,gravity,87.16,87.16,True
0abfab8b,bit,,01100101,False
0ac03e7b,unit,17.88,17.88,True
0ac6606b,cipher,hatter chases through forest,hatter chases through forest,True
0adca57b,roman,V,V,True
0af037a5,cipher,student studies near valley,student studies near valley,True
0af9158d,unit,75.66,75.66,True
0b0a3643,symbol,,"""""",False
0b14fbf1,gravity,44.97,44.96,False
0b16458a,bit,01110000,01110000,True
0b1e1afc,gravity,78.06,78.08,False
0b23aa7c,bit,11011011,11011011,True
0b26be60,bit,01110111,01110111,True
0b2877ce,roman,XL,XL,True
0b2e6a46,cipher,princess discovers castle,princess discovers castle,True
0b32a4fc,cipher,turtle dreams story,turtle dreams story,True
0b34281a,roman,XCV,XCV,True
0b36cffd,unit,32.46,32.46,True
0b3cf93f,bit,10011001,10011001,True
0b404f15,bit,00000100,00000100,True
0b45cd22,gravity,64.59,64.59,True
0b49997d,gravity,4.49,4.49,True
0b56b953,bit,11000101,11000101,True
0b5d02f4,gravity,29.19,29.19,True
0b632ea3,cipher,king reads around wonderland,king reads around wonderland,True
0b6ca613,gravity,118.54,118.54,True
0b701abd,cipher,rabbit writes the clever mirror,rabbit writes the clever mirror,True
0b7cf346,cipher,wizard chases the bright book,wizard chases the bright book,True
0b865eea,unit,62.30,62.31,False
0ba6498d,unit,19.65,19.65,True
0ba75bf1,cipher,rabbit studies the silver puzzle,rabbit studies the silver puzzle,True
0ba9af93,bit,11110110,11110110,True
0babcba2,symbol,,"?""""",False
0bb4ba4c,roman,XIII,XIII,True
0bb4cc45,roman,XLVI,XLVI,True
0bb591e6,symbol,,%?<,False
0bb68c48,roman,LVI,LVI,True
0bbde542,unit,40.28,40.28,True
0bc6e675,bit,,01111100,False
0bc7de44,unit,31.24,31.24,True
0bcffccd,symbol,,10,False
0bd0197c,gravity,48.86,48.86,True
0bd41b01,roman,LXXXV,LXXXV,True
0bd7fe62,gravity,7.36,7.36,True
0be4c157,unit,22.22,22.22,True
0be75541,unit,43.71,43.71,True
0c0683c3,symbol,,138,False
0c083613,roman,LXXIII,LXXIII,True
0c0955b1,gravity,128.83,128.84,False
0c0adfe3,cipher,wizard discovers through village,wizard discovers through village,True
0c0c6320,symbol,,""":!|",False
0c1a09ce,bit,11100000,11100000,True
0c1ce16d,cipher,teacher draws around school,teacher draws around school,True
0c2243ff,cipher,bird writes inside garden,bird writes inside garden,True
0c2407ef,bit,11000011,11000011,True
0c26f842,unit,9.02,9.01,False
0c2e102c,unit,20.18,20.18,True
0c30f561,symbol,,-],False
0c4e7430,roman,XLVI,XLVI,True
0c5cf3d9,roman,XX,XX,True
0c671b98,bit,00001110,00001110,True
0c7acd69,bit,11110101,11110101,True
0c88a3dc,bit,10001011,10001011,True
0c8a8a16,symbol,,{17,False
0c93ecfc,cipher,king follows the secret map,king follows the secret map,True
0c9b74fc,roman,LXXIV,LXXIV,True
0ca24ac3,unit,53.08,53.08,True
0ca688d9,cipher,king studies around palace,king studies around palace,True
0cb16796,cipher,mouse explores beyond school,mouse explores beyond school,True
0cb88778,bit,00110000,00110000,True
0cbdf547,cipher,alice watches the bright door,alice watches the bright door,True
0cbe2c1b,unit,19.74,19.74,True
0cc8d7c2,gravity,29.44,29.44,True
0cce92d8,roman,XCV,XCV,True
0cd170a0,symbol,,9814,False
0cdb0aae,symbol,,:::,False
0cddfe30,roman,XLV,XLV,True
0ceac403,bit,10100000,10100000,True
0cf301cf,symbol,,{<,False
0cfc74d4,bit,11011000,11011000,True
0d069918,gravity,17.43,17.43,True
0d0ab01d,unit,31.81,31.81,True
0d10d1ae,unit,73.13,73.13,True
0d16ae24,gravity,8.90,8.89,False
0d2e94ff,symbol,,}}^,False
0d2f174c,gravity,171.09,171.09,True
0d3974ba,unit,40.11,40.11,True
0d3d5c60,unit,75.25,75.26,False
0d473e1e,gravity,10.68,10.68,True
0d4b2baa,symbol,,:(|#,False
0d4dc849,gravity,112.63,112.63,True
0d542478,symbol,,}<,False
0d55039a,cipher,knight found under forest,knight found under forest,True
0d5d89ea,roman,XVIII,XVIII,True
0d61b6e0,gravity,12.76,12.76,True
0d69dc5d,gravity,13.35,13.35,True
0d6d428a,cipher,the clever princess dreams,the clever princess dreams,True
0d6e3c06,unit,27.79,27.79,True
0d7269a5,cipher,dragon chases the magical map,dragon chases the magical map,True
0d753b10,cipher,dragon draws inside village,dragon draws inside village,True
0d7aacfc,bit,01100001,01100001,True
0d90736f,symbol,,:,False
0d9242cb,unit,13.82,13.82,True
0da1841f,symbol,,(\#%,False
0da5e774,roman,LXXXIX,LXXXIX,True
0da71d35,cipher,dragon draws the hidden crystal,dragon draws the hidden crystal,True
0daa32de,unit,8.49,8.49,True
0dad87bf,cipher,the dark princess imagines,the dark princess imagines,True
0dc5fa8a,cipher,turtle imagines the hidden castle,turtle imagines the hidden castle,True
0dc8c0f2,unit,75.48,75.48,True
0dcacfab,bit,10011101,10011101,True
0dcdd12b,gravity,38.99,38.99,True
0dce4039,symbol,,-@/,False
0dcfd566,symbol,,)@\{,False
0dd5caf4,bit,00000000,00000000,True
0dd90079,roman,XXXIII,XXXIII,True
0ddca8bf,bit,00000001,00000001,True
0de6c2ae,cipher,knight draws the strange door,knight draws the strange door,True
0df82d52,symbol,,"""!!",False
0df8306a,bit,10000000,10000000,True
0dfd7674,bit,01001110,01001110,True
0dffa332,unit,75.90,75.90,True
0e009c6d,symbol,,`?\!,False
0e02a8df,gravity,48.00,48.0,False
0e0b13ac,cipher,king creates above island,king creates above island,True
0e18fe92,unit,63.38,63.38,True
0e19e1bb,unit,48.92,48.92,True
0e25b790,cipher,the secret king follows,the secret king follows,True
0e2636ae,unit,9.71,9.71,True
0e2d6796,symbol,,|)],False
0e3307ba,symbol,,:$,False
0e3519cd,unit,37.00,37.01,False
0e375364,symbol,,}/@,False
0e3962f6,bit,11111110,11111110,True
0e3d5b3d,roman,XLVII,XLVII,True
0e4107aa,gravity,91.12,91.12,True
0e467c7b,unit,53.29,53.29,True
0e46fd1d,cipher,the clever student chases,the clever student chases,True
0e4795a7,roman,XXXVII,XXXVII,True
0e50e177,roman,LV,LV,True
0e5846dd,roman,XLIII,XLIII,True
0e5b7624,unit,10.96,10.96,True
0e653f2b,unit,25.28,25.28,True
0e700e9d,roman,LXIX,LXIX,True
0e70c867,bit,01000000,01000000,True
0e745bd8,roman,XXXIII,XXXIII,True
0e7a6920,bit,,00101111,False
0e7f299d,bit,01010010,01010010,True
0e7fb350,roman,XCI,XCI,True
0e81751f,gravity,31.59,31.59,True
0e865577,cipher,teacher found the silver garden,teacher found the silver garden,True
0e897e03,gravity,30.74,30.74,True
0e93fbf6,gravity,19.29,19.29,True
0ea93e44,roman,XL,XL,True
0eb5030b,roman,XCVIII,XCVIII,True
0eb6931c,gravity,123.27,123.27,True
0eba0e15,cipher,the bright turtle writes,the bright turtle writes,True
0ec03576,roman,LXXIII,LXXIII,True
0ec04296,gravity,188.02,188.02,True
0ec17d2e,bit,,00111111,False
0ecdee5a,gravity,113.67,113.67,True
0ed7056a,roman,XXXI,XXXI,True
0edcbaff,unit,70.72,70.72,True
0ee2b6f4,gravity,14.38,14.38,True
0effe408,gravity,107.33,107.34,False
0f01cece,symbol,,@^,False
0f0536de,symbol,,2376,False
0f067a67,roman,XIV,XIV,True
0f0a0b78,gravity,162.32,162.32,True
0f0e199c,bit,00001111,00001111,True
0f14cdfd,gravity,99.37,99.37,True
0f16e113,gravity,35.62,35.62,True
0f17279e,gravity,132.44,132.44,True
0f1bc0ff,bit,01100100,01100100,True
0f26a837,unit,5.43,5.43,True
0f2dec86,bit,10111000,10111000,True
0f2fa7dd,cipher,mouse draws through mountain,mouse draws through mountain,True
0f56374e,bit,,10101111,False
0f59f534,gravity,84.14,84.13,False
0f5ad104,roman,XIII,XIII,True
0f614833,gravity,35.18,35.18,True
0f635582,unit,50.02,50.02,True
0f6436da,symbol,,$?,False
0f7337a1,unit,18.86,18.86,True
0f74fa8e,roman,XXVII,XXVII,True
0f7be6a8,bit,01000000,01000000,True
0f7d64e7,roman,III,III,True
0f7ddd75,bit,11110110,11110110,True
0f8452df,symbol,,159,False
0f8fe647,bit,,00110101,False
0fa2efa8,cipher,queen follows the dark key,queen follows the dark key,True
0fa58210,cipher,the golden student chases,the golden student chases,True
0fb02b67,roman,XLIV,XLIV,True
0fb5ac48,roman,LXXVI,LXXVI,True
0fbffd08,unit,43.98,43.97,False
0fccfb06,unit,17.14,17.14,True
0fcf912a,symbol,,|#&!,False
0fd289d8,gravity,92.00,92.01,False
0fd8b43e,unit,30.22,30.22,True
0fdc689e,unit,29.56,29.56,True
0fe06e8c,bit,10010010,10010010,True
0fe53bac,symbol,,"(""",False
0ff02d68,unit,59.58,59.58,True
0ff70513,gravity,72.61,72.61,True
0ff72554,cipher,student follows the clever book,student follows the clever book,True
100c650a,cipher,rabbit creates around ocean,rabbit creates around ocean,True
100e280a,bit,01100011,01100011,True
101410e4,bit,,10001101,False
10176ad8,unit,90.81,90.81,True
1019ee55,symbol,,1162,False
101e6f80,bit,,11100001,False
1021cb76,gravity,11.21,11.21,True
1029945a,roman,LVII,LVII,True
1029ef5a,gravity,33.22,33.22,True
103b4e09,cipher,teacher follows the wise door,teacher follows the wise door,True
10491812,roman,XCIX,XCIX,True
104dc8aa,bit,00000010,00000010,True
105255db,roman,XLIX,XLIX,True
1054486f,bit,10011110,10011110,True
10552d46,symbol,,?',False
105c8b72,bit,00100101,00100101,True
1061a824,unit,11.79,11.79,True
1066f978,roman,XXXV,XXXV,True
106aeb25,bit,10000001,10000001,True
107badb0,bit,10000000,10000000,True
108067c3,symbol,,$$`,False
10899bee,cipher,bird writes potion,bird writes potion,True
108af4d3,roman,XLVII,XLVII,True
108e69ef,bit,,11011111,False
108f1feb,unit,16.29,16.29,True
109a6016,gravity,28.60,28.6,False
10a7cc36,cipher,the clever dragon draws,the clever dragon draws,True
10a94678,symbol,,"""""\}",False
10b19ba1,gravity,62.82,62.82,True
10b1ffc8,unit,15.43,15.43,True
10b71e8a,symbol,,#}:,False
10cac3bd,cipher,bird studies book,bird studies book,True
10d29630,bit,11001001,11001001,True
10d7bd1b,symbol,,77,False
10dfe5c5,bit,10100000,10100000,True
10e0b5fd,unit,10.25,10.25,True
10e3585f,unit,24.11,24.11,True
10e6a430,gravity,57.34,57.34,True
10effb36,roman,V,V,True
10f1809a,cipher,cat draws key,cat draws key,True
10f9fc82,cipher,the clever turtle imagines,the clever turtle imagines,True
10fdae00,symbol,,-47,False
10ff9431,symbol,,0271,False
10ffc5ea,unit,90.73,90.73,True
1104945c,roman,LXXIII,LXXIII,True
11084f88,cipher,turtle draws story,turtle draws story,True
1111a663,cipher,the secret dragon draws,the secret dragon draws,True
111296b0,bit,,01001101,False
1112ec96,roman,IV,IV,True
111e3b8e,symbol,,41,False
111e5397,cipher,the golden alice discovers,the golden alice discovers,True
112586df,gravity,43.77,43.77,True
1126e314,bit,01001101,01001101,True
112bd01f,gravity,6.86,6.86,True
112f8c9a,gravity,66.46,66.46,True
11324eed,cipher,alice discovers above palace,alice discovers above palace,True
1135c3bb,cipher,bird creates above castle,bird creates above castle,True
113ee3b2,gravity,6.64,6.64,True
1141c3ae,unit,36.90,36.90,True
1145fa6f,roman,LIV,LIV,True
1149ec8f,cipher,mouse chases forest,mouse chases forest,True
114a41e3,bit,11111001,11111001,True
114a7439,bit,01110001,01110001,True
114a8d85,symbol,,221,False
11538779,cipher,turtle watches the colorful story,turtle watches the colorful story,True
1153ce4a,symbol,,>|>,False
115de3e2,cipher,the colorful princess discovers,the colorful princess discovers,True
11697763,roman,XCI,XCI,True
116a25e1,unit,43.62,43.62,True
116b3007,gravity,69.86,69.86,True
1174ceb5,gravity,54.61,54.61,True
1179a56c,gravity,5.08,5.08,True
117b4e53,bit,00000000,00000000,True
118889da,symbol,,10,False
118b6643,bit,00000100,00000100,True
118b7024,unit,47.80,47.79,False
118f8c86,symbol,,1,False
119fa9e1,roman,XCIII,XCIII,True
11a3d729,roman,XXXII,XXXII,True
11a8af02,cipher,student discovers under tower,student discovers under tower,True
11b7435d,cipher,the clever cat follows,the clever cat follows,True
11bfb329,cipher,the magical alice discovers,the magical alice discovers,True
11d08160,roman,LXXI,LXXI,True
11d16271,cipher,queen creates under school,queen creates under school,True
11d6c32f,cipher,student sees book,student sees book,True
11dd396a,gravity,66.58,66.58,True
11de2009,unit,19.64,19.64,True
11e0cf99,gravity,73.70,73.68,False
11e77bf9,symbol,,@',False
11f62c83,symbol,,951,False
11fee43b,symbol,,]&'[,False
12009c93,unit,85.89,85.89,True
12154247,bit,,10111101,False
121ab697,cipher,king studies door,king studies door,True
121fdc80,roman,XIII,XIII,True
122d207c,gravity,24.61,24.61,True
12368f5f,gravity,97.01,97.01,True
12470e5a,cipher,wizard explores the bright secret,wizard explores the bright secret,True
1249ddb4,bit,10101001,10101001,True
124bc762,bit,11100010,11100010,True
124db55f,symbol,,4447,False
125e2a23,unit,55.07,55.07,True
126276d6,gravity,133.80,133.8,False
126caa2e,gravity,30.17,30.17,True
1271e669,cipher,the clever dragon creates,the clever dragon creates,True
12734c90,symbol,,]@>[,False
127b232a,gravity,43.06,43.06,True
127bf9be,gravity,39.45,39.45,True
1282c5c5,bit,,00001110,False
12897b38,bit,10100110,00100110,False
1294a3af,cipher,student dreams in palace,student dreams in palace,True
1298c980,bit,00011010,00011010,True
129ce1ed,cipher,mouse discovers the colorful forest,mouse discovers the colorful forest,True
129d29e1,bit,01000110,01000110,True
12a79912,cipher,mouse draws the curious story,mouse draws the curious story,True
12aaa60c,roman,LXXXII,LXXXII,True
12cce7b5,unit,72.59,72.59,True
12d4a2df,symbol,,-6,False
12da0da7,roman,LXVIII,LXVIII,True
12e0ac8c,bit,,10101001,False
12e6f711,gravity,102.92,102.92,True
12e947ca,bit,00111110,00111110,True
12fd5b6c,bit,,11001111,False
12fe3d99,gravity,17.80,17.8,False
13009e35,bit,11111011,11111011,True
1302c7df,cipher,bird writes the curious story,bird writes the curious story,True
13042e4a,gravity,53.16,53.16,True
130a5dff,bit,00110101,00110101,True
130d51dc,roman,XXII,XXII,True
13121172,unit,31.71,31.71,True
1322241b,symbol,,61,False
132d4a51,unit,40.00,40.00,True
132ec6ae,bit,01101100,11101100,False
13343e94,gravity,22.84,22.84,True
13394598,gravity,3.77,3.77,True
1340260d,roman,LXVII,LXVII,True
1342687b,symbol,,<%#<,False
1347c69f,roman,II,II,True
135476cf,unit,18.39,18.39,True
1369abb7,cipher,bird reads above castle,bird reads above castle,True
136efb63,cipher,rabbit writes beyond cave,rabbit writes beyond cave,True
136ff653,roman,XI,XI,True
136ffda9,gravity,87.42,87.42,True
137bb1f4,unit,11.38,11.38,True
137f1be6,unit,29.99,29.99,True
1382b4f7,unit,52.04,52.04,True
13881f2a,gravity,97.01,97.01,True
13892a7c,symbol,,-85,False
13912aeb,cipher,the dark alice discovers,the dark alice discovers,True
1395de7d,cipher,bird chases the wise puzzle,bird chases the wise puzzle,True
13ad7bce,symbol,,-73,False
13ae247c,cipher,teacher draws secret,teacher draws secret,True
13aeb4e7,cipher,dragon creates the silver door,dragon creates the silver door,True
13c36657,gravity,9.86,9.86,True
13c8ae90,bit,00110000,00110000,True
13d697de,unit,7.19,7.19,True
13db9692,cipher,princess writes treasure,princess writes treasure,True
13ee1abb,cipher,student draws secret,student draws secret,True
13eebd6e,gravity,29.86,29.86,True
13eebe61,bit,01101001,01101001,True
13f40f19,gravity,23.84,23.84,True
13f76716,bit,01111100,01111100,True
1405557f,unit,27.09,27.09,True
140d8ce7,cipher,king imagines secret,king imagines secret,True
140fc23e,gravity,6.56,6.56,True
1411152e,unit,32.05,32.05,True
1419a453,cipher,the mysterious wizard found,the mysterious wizard found,True
141a881e,symbol,,//%',False
141ab6ac,unit,45.09,45.09,True
142331df,unit,13.53,13.53,True
14272919,roman,LXXIII,LXXIII,True
142a54ef,cipher,wizard sees the clever garden,wizard sees the clever garden,True
1433b037,cipher,dragon chases the secret key,dragon chases the secret key,True
143627c4,bit,,11001001,False
143ba63e,gravity,157.39,157.39,True
143c78e0,gravity,12.04,12.04,True
143d4f8f,gravity,18.73,18.73,True
144a3e31,symbol,,582,False
1450fbc4,symbol,,96,False
145454da,gravity,18.21,18.21,True
14570aeb,unit,53.06,53.05,False
145c9296,cipher,the ancient dragon discovers,the ancient dragon discovers,True
14742dd8,bit,01110100,01110100,True
147b4c3c,gravity,106.29,106.29,True
14856575,roman,XVII,XVII,True
148fd92c,roman,LXVII,LXVII,True
14905278,symbol,,5935,False
14917709,unit,44.02,44.02,True
14917af8,bit,00010100,00010100,True
14955cab,roman,XXXVI,XXXVI,True
1496dfeb,bit,00000000,00000000,True
1497f970,symbol,,671,False
14a30d8f,bit,00011101,00011101,True
14a31439,cipher,student writes around tower,student writes around tower,True
14a72508,bit,,11010110,False
14af731d,roman,XCII,XCII,True
14afa3e7,roman,LXXIX,LXXIX,True
14c7561e,cipher,the mysterious king found,the mysterious king found,True
14cca3a2,unit,78.58,78.58,True
14cfeac3,gravity,7.11,7.12,False
14d4d68e,symbol,,-$',False
14d74a0b,cipher,dragon draws the dark book,dragon draws the dark book,True
14dc1dbb,unit,10.25,10.25,True
14df3496,cipher,dragon discovers inside valley,dragon discovers inside valley,True
14e06c76,gravity,22.20,22.2,False
14ecec31,roman,XXXIV,XXXIV,True
14fd5550,gravity,50.57,50.57,True
15027e5b,unit,30.81,30.82,False
150360a5,gravity,135.49,135.48,False
1509bbb0,cipher,the hidden turtle follows,the hidden turtle follows,True
15173bd1,unit,36.08,36.08,True
1520013c,symbol,,[[,False
1520fb1d,gravity,79.16,79.16,True
1521c036,unit,17.01,17.01,True
152559af,cipher,the wise knight sees,the wise knight sees,True
1526c35d,symbol,,2475,False
1528c054,cipher,student found the silver crystal,student found the silver crystal,True
15305f6a,bit,11110101,11110101,True
1532c0d1,bit,01001100,01001100,True
1538a909,roman,LIII,LIII,True
1542039b,roman,LIV,LIV,True
1545b8f1,symbol,,!)>,False
155b4694,symbol,,2322,False
1561edaf,unit,78.05,78.05,True
1564de32,roman,VIII,VIII,True
156e8c2c,symbol,,{[#,False
157228d7,symbol,,35,False
157f8266,cipher,bird watches inside island,bird watches inside island,True
15805129,roman,LXXVIII,LXXVIII,True
1580f498,symbol,,1554,False
15950a46,symbol,,}@<[,False
1596356e,gravity,41.77,41.77,True
159f713c,cipher,dragon creates mirror,dragon creates mirror,True
15a1d279,symbol,,0782,False
15b1b62e,unit,9.20,9.20,True
15cf49bb,gravity,111.46,111.46,True
15d108f2,cipher,the golden rabbit draws,the golden rabbit draws,True
15d1668d,cipher,the mysterious hatter explores,the mysterious hatter explores,True
15daf9bf,roman,XCVIII,XCVIII,True
15e14d1e,unit,64.28,64.28,True
15e79ae0,gravity,15.75,15.75,True
15f17f77,unit,14.33,14.33,True
16056413,cipher,hatter creates beyond palace,hatter creates beyond palace,True
16122fba,bit,,11000111,False
161667cd,bit,11000100,11000100,True
16186320,bit,01000001,01000001,True
161ca0ab,unit,30.87,30.87,True
161d4390,bit,01101001,01101001,True
162f9eb3,gravity,142.42,142.42,True
162ff61a,symbol,,?!,False
163db2d8,symbol,,851,False
16436182,gravity,199.21,199.21,True
164b3241,symbol,,52,False
164f1fd0,gravity,8.20,8.2,False
164f3ee2,cipher,teacher discovers above castle,teacher discovers above castle,True
1654bd39,cipher,cat follows beyond garden,cat follows beyond garden,True
165df245,cipher,cat draws garden,cat draws garden,True
16642d10,cipher,king found in valley,king found in valley,True
16699d43,symbol,,10,False
16762e77,unit,8.11,8.11,True
168b5071,cipher,the dark turtle writes,the dark turtle writes,True
16a09dd6,gravity,93.89,93.89,True
16a0cb8a,unit,9.95,9.95,True
16b45644,gravity,98.34,98.35,False
16b6326b,unit,26.66,26.66,True
16bae9a9,unit,71.22,71.22,True
16cec7b7,roman,XCVI,XCVI,True
16cf827a,symbol,,"""[``",False
16d0c65e,gravity,73.60,73.6,False
16d72830,gravity,216.14,216.14,True
16db2c74,bit,00000110,00000110,True
16ddcf94,symbol,,"""^",False
16e151ec,bit,00011000,00011000,True
16e73f0e,bit,00000001,00000001,True
16e7c742,roman,XII,XII,True
16f90037,unit,23.97,23.97,True
16fa37e8,unit,10.14,10.14,True
16fac7bb,unit,63.33,63.33,True
17038d51,unit,9.75,9.75,True
17093b07,symbol,,>{{,False
1709e73f,gravity,13.01,13.01,True
1722a63c,unit,32.72,32.72,True
1723747c,cipher,the strange teacher discovers,the strange teacher discovers,True
17288b98,roman,LIV,LIV,True
172d2417,bit,00001000,00001000,True
1741e260,cipher,turtle follows the bright forest,turtle follows the bright forest,True
17479d8b,cipher,the silver alice explores,the silver alice explores,True
175345c2,cipher,teacher dreams the silver door,teacher dreams the silver door,True
175db82b,unit,22.74,22.74,True
175fc78a,symbol,,!)(',False
1779c616,symbol,,134,False
177b7d80,bit,,10011111,False
177d60f2,gravity,64.58,64.58,True
177f0c22,symbol,,/>,False
17807ff5,roman,VIII,VIII,True
1785b35e,symbol,,:^:/,False
1785b78c,roman,LIV,LIV,True
17a00c5a,roman,LXI,LXI,True
17c4b57e,unit,64.81,64.81,True
17c85389,unit,11.33,11.33,True
17c98340,symbol,,731,False
17d40290,symbol,,$:,False
17d4849f,gravity,105.56,105.56,True
17d4aac4,unit,28.84,28.84,True
17d62f7a,symbol,,?|:|,False
17de6d6d,unit,7.65,7.65,True
17df2ad5,bit,00000100,00000100,True
17e513fd,unit,17.79,17.80,False
17f7fb09,gravity,9.96,9.96,True
17f99539,unit,8.66,8.66,True
17fc6883,gravity,43.27,43.27,True
17fd9612,bit,00011010,00011010,True
17fe003b,symbol,,"))""",False
180ddd62,symbol,,]/,False
1815089c,gravity,93.50,93.5,False
18195366,unit,67.09,67.09,True
18209948,unit,29.41,29.41,True
18268687,symbol,,0,False
183e90da,cipher,mouse found garden,mouse found garden,True
183f27ca,cipher,princess explores puzzle,princess explores puzzle,True
1845347a,gravity,9.63,9.63,True
184b74cd,gravity,113.88,113.88,True
18544cb0,bit,01111000,01111000,True
18564041,bit,00000000,00000000,True
18570e64,roman,VII,VII,True
185da1bb,roman,XXI,XXI,True
18602be3,bit,,10111111,False
1861c08f,symbol,,3001,False
186ade13,bit,00000000,00000000,True
186cccdf,gravity,139.96,139.97,False
18781580,roman,LIII,LIII,True
188111de,cipher,princess watches through garden,princess watches through garden,True
18840879,roman,XC,XC,True
188615db,cipher,princess reads message,princess reads message,True
188fe6d4,roman,IX,IX,True
18962913,cipher,cat watches the magical castle,cat watches the magical castle,True
18997574,roman,XL,XL,True
18a44fbc,unit,42.37,42.38,False
18a4d39d,symbol,,"#$""/",False
18ab3864,bit,10100000,10100000,True
18ad64a2,unit,36.44,36.44,True
18b856d8,roman,LIX,LIX,True
18bb040b,unit,37.80,37.80,True
18bce168,symbol,,@&`{,False
18bdf2cb,roman,LI,LI,True
18c0a23b,unit,12.14,12.14,True
18c54744,bit,00000000,00000000,True
18c797f1,bit,11100111,11100111,True
18cdf0fa,cipher,turtle chases message,turtle chases message,True
18e3cbd7,unit,55.08,55.08,True
18ffcc39,gravity,18.02,18.02,True
1907bede,gravity,109.54,109.54,True
190b9dad,cipher,rabbit studies the colorful crystal,rabbit studies the colorful crystal,True
190c6205,cipher,the silver hatter sees,the silver hatter sees,True
190ce176,roman,LVIII,LVIII,True
1914af14,unit,40.59,40.59,True
191ac967,symbol,,!>,False
191ef87e,roman,XI,XI,True
19291958,roman,LXXXVII,LXXXVII,True
192c5984,cipher,cat creates door,cat creates door,True
193c21d5,symbol,,}>[[,False
193cf3fa,cipher,the dark wizard draws,the dark wizard draws,True
194695e8,symbol,,%,False
1950808e,cipher,turtle studies near island,turtle studies near island,True
1954342b,roman,LV,LV,True
196959f6,gravity,23.56,23.56,True
196ff375,symbol,,@@@,False
1970e965,roman,XLIV,XLIV,True
1971fc80,gravity,45.25,45.25,True
1975d976,roman,LIV,LIV,True
197728ae,gravity,211.66,211.66,True
19968602,symbol,,"""!`|",False
19ab8087,symbol,,^)],False
19c0c295,roman,LXXVIII,LXXVIII,True
19ce7c8e,roman,LI,LI,True
19d26998,cipher,princess chases map,princess chases map,True
19dbc251,roman,XXX,XXX,True
19e10e14,roman,LXXII,LXXII,True
19f0e899,gravity,20.45,20.45,True
19f4b3d6,bit,00000011,00000011,True
19fdeffb,cipher,the magical princess watches,the magical princess watches,True
1a0adb89,cipher,queen dreams story,queen dreams story,True
1a112a8f,symbol,,>?,False
1a19fbbe,roman,LXII,LXII,True
1a1a4fd7,unit,7.36,7.36,True
1a20cfff,unit,40.92,40.92,True
1a28140b,symbol,,%`&,False
1a2ac571,gravity,13.94,13.94,True
1a337ccc,gravity,46.42,46.42,True
1a38a97d,unit,45.03,45.03,True
1a45fef2,unit,20.66,20.66,True
1a493b13,symbol,,-],False
1a4da9d9,unit,20.83,20.83,True
1a5fa647,cipher,king chases around school,king chases around school,True
1a636841,roman,XVI,XVI,True
1a6c0053,gravity,3.53,3.53,True
1a70ea7d,unit,28.85,28.85,True
1a7a041f,cipher,cat writes forest,cat writes forest,True
1a7c8520,bit,01100000,01100000,True
1a7f4579,cipher,turtle watches story,turtle watches story,True
1a813172,gravity,55.40,55.4,False
1a862653,bit,00101100,00101100,True
1a9e3bb4,gravity,5.08,5.08,True
1a9fd84d,unit,47.11,47.11,True
1aa75658,cipher,hatter chases treasure,hatter chases treasure,True
1ab54795,symbol,,%,False
1ab7444c,cipher,dragon follows under school,dragon follows under school,True
1abaffca,bit,01000000,01000000,True
1ac381a3,unit,23.06,23.06,True
1ac66163,symbol,,#'[,False
1ac84225,unit,24.55,24.55,True
1acf4fe4,roman,L,L,True
1adac02d,gravity,31.80,31.8,False
1aec45f5,gravity,31.59,31.59,True
1af4f53a,roman,XXXII,XXXII,True
1afd4ae3,unit,25.33,25.33,True
1b009079,unit,20.93,20.93,True
1b019515,symbol,,134,False
1b09c95d,unit,21.40,21.40,True
1b1ab22a,gravity,113.63,113.63,True
1b36ce68,gravity,6.81,6.81,True
1b3891f3,cipher,the clever hatter imagines,the clever hatter imagines,True
1b3beb8f,symbol,,108,False
1b3f1b19,roman,LV,LV,True
1b562504,roman,XXXV,XXXV,True
1b5744e7,gravity,23.66,23.66,True
1b5a086b,cipher,cat follows around mountain,cat follows around mountain,True
1b5cab20,cipher,king chases beyond castle,king chases beyond castle,True
1b616202,cipher,the strange rabbit discovers,the strange rabbit discovers,True
1b6366af,symbol,,03!,False
1b76590c,gravity,195.57,195.57,True
1b7defa3,unit,39.33,39.33,True
1b7e17d4,cipher,wizard follows through cave,wizard follows through cave,True
1b816c65,roman,LXXXIX,LXXXIX,True
1b818620,gravity,33.87,33.87,True
1ba0e448,roman,IV,IV,True
1bb814a1,roman,XCI,XCI,True
1bc458f8,cipher,rabbit explores around library,rabbit explores around library,True
1bc85bd9,symbol,,93,False
1bca6ce6,unit,18.49,18.49,True
1bcd2b16,bit,00000101,00000101,True
1bd77a66,cipher,wizard draws the hidden book,wizard draws the hidden book,True
1bde7dfb,gravity,38.88,38.89,False
1bdf5733,unit,50.93,50.93,True
1be1e238,unit,8.31,8.31,True
1bea1a7b,bit,10010000,10010000,True
1bf3f0f1,unit,6.97,6.97,True
1bf84ce3,bit,00000000,00000000,True
1bfd4975,unit,42.45,42.45,True
1c06d4f8,roman,I,I,True
1c12abfd,roman,XIII,XIII,True
1c163ca8,cipher,turtle draws the clever mirror,turtle draws the clever mirror,True
1c19ad3e,bit,00100100,00100100,True
1c27ef41,gravity,69.05,69.05,True
1c2a3c5b,bit,00000000,00000000,True
1c2df526,gravity,59.87,59.87,True
1c2e9814,symbol,,'?},False
1c3752f1,cipher,the bright princess discovers,the bright princess discovers,True
1c37e8fe,gravity,26.11,26.11,True
1c3f2ff9,bit,11111011,11111011,True
1c41e87d,gravity,49.36,49.36,True
1c4861e6,symbol,,993,False
1c48f9aa,symbol,,8610,False
1c4ac945,cipher,queen sees beyond village,queen sees beyond village,True
1c4fe8b4,unit,23.25,23.25,True
1c52091e,gravity,13.21,13.21,True
1c52ec13,roman,LXXXIII,LXXXIII,True
1c566511,bit,01010010,01010010,True
1c5a5098,cipher,dragon explores above village,dragon explores above village,True
1c671acc,bit,11111101,11111101,True
1c7a0091,symbol,,)`<@,False
1c7c1246,bit,00100110,00100110,True
1c890d3e,roman,XXXIII,XXXIII,True
1c95d803,unit,50.66,50.66,True
1ca8b33a,unit,13.17,13.17,True
1ca8e087,gravity,41.99,41.99,True
1cb4d524,symbol,,6314,False
1cce5949,symbol,,[?},False
1cf8fadd,roman,LI,LI,True
1d08947a,bit,10010100,10010100,True
1d0cd959,roman,XXXIX,XXXIX,True
1d0f6d85,unit,59.85,59.85,True
1d10ccaf,symbol,,<({&,False
1d15b7e6,symbol,,|['{,False
1d201637,roman,LXXX,LXXX,True
1d2a87c3,gravity,67.50,67.5,False
1d32836c,gravity,28.01,28.01,True
1d32e66f,cipher,hatter found in village,hatter found in village,True
1d342a52,bit,10110010,10110010,True
1d3a602c,gravity,121.90,121.9,False
1d3a8077,gravity,63.61,63.61,True
1d3ae978,gravity,6.17,6.17,True
1d47b46e,gravity,26.64,26.63,False
1d56b7ba,roman,XX,XX,True
1d5ad68a,bit,00000000,00000000,True
1d6c587d,symbol,,6163,False
1d729bb1,bit,00111101,00111101,True
1d79fe85,cipher,rabbit chases in garden,rabbit chases in garden,True
1d8d8655,gravity,31.23,31.23,True
1d92ba5d,symbol,,511,False
1d930d32,bit,00000100,00000100,True
1d99a2ac,cipher,the colorful dragon draws,the colorful dragon draws,True
1d9e08a8,gravity,4.05,4.05,True
1da4f2db,bit,01100111,01100111,True
1da822f1,symbol,,598,False
1db0c6fe,symbol,,72,False
1db21126,gravity,96.57,96.57,True
1dba764b,bit,10000000,10000000,True
1dbcad28,cipher,rabbit watches potion,rabbit watches potion,True
1dce2690,gravity,8.73,8.73,True
1dd697e1,cipher,the curious bird creates,the curious bird creates,True
1dd6b538,roman,XLII,XLII,True
1dd89b37,unit,31.91,31.91,True
1dde1e65,gravity,56.62,56.62,True
1de7225c,gravity,20.03,20.03,True
1de81a6f,gravity,68.31,68.31,True
1deaf759,bit,10100111,10100111,True
1df17458,cipher,mouse watches message,mouse watches message,True
1df58a03,unit,23.01,23.02,False
1df786ed,cipher,the magical student draws,the magical student draws,True
1dfb1f3d,bit,10000101,10000101,True
1e0d1322,gravity,10.13,10.13,True
1e0f6678,symbol,,1332,False
1e18df16,cipher,student follows crystal,student follows crystal,True
1e248995,symbol,,31,False
1e2de753,roman,XXXIV,XXXIV,True
1e30d2a0,unit,11.12,11.12,True
1e378206,cipher,the curious alice draws,the curious alice draws,True
1e3e930a,cipher,dragon creates potion,dragon creates potion,True
1e581ebe,roman,XCIII,XCIII,True
1e5aeac7,cipher,rabbit creates the wise puzzle,rabbit creates the wise puzzle,True
1e677e2c,bit,10001101,10001101,True
1e6792e6,unit,30.30,30.30,True
1e7b12ac,unit,47.39,47.39,True
1e818af1,unit,21.78,21.78,True
1e86ac86,roman,XCVIII,XCVIII,True
1e86b3a7,bit,11000111,11000111,True
1e8cf9c5,roman,XCIX,XCIX,True
1e9308a9,cipher,the dark knight draws,the dark knight draws,True
1e99e10f,gravity,13.87,13.87,True
1e99e3e2,unit,44.84,44.84,True
1e9b66f0,unit,10.79,10.79,True
1eaf6228,symbol,,483,False
1eb16797,cipher,alice dreams above garden,alice dreams above garden,True
1ebf99aa,roman,XVII,XVII,True
1ed2944a,cipher,the dark dragon discovers,the dark dragon discovers,True
1ed83cae,bit,00000000,00000000,True
1ee26ca9,cipher,the colorful mouse writes,the colorful mouse writes,True
1ee54412,symbol,,72,False
1ef25240,gravity,41.74,41.74,True
1ef440dc,gravity,16.15,16.15,True
1ef44724,cipher,mouse creates the bright forest,mouse creates the bright forest,True
1ef51442,symbol,,8002,False
1effebd0,roman,XXXVIII,XXXVIII,True
1f021dd2,unit,33.71,33.71,True
1f04fa8d,gravity,172.11,172.11,True
1f0674b0,symbol,,401,False
1f07abea,gravity,19.24,19.24,True
1f0fbe5f,symbol,,14,False
1f1292d6,bit,10001000,10001000,True
1f226652,cipher,rabbit watches the hidden book,rabbit watches the hidden book,True
1f2f6b29,gravity,29.33,29.33,True
1f30afb9,roman,LVIII,LVIII,True
1f3e4a1e,unit,54.45,54.45,True
1f445c5e,symbol,,1564,False
1f4a566c,cipher,the golden rabbit dreams,the golden rabbit dreams,True
1f4c8169,symbol,,051,False
1f549473,gravity,63.11,63.11,True
1f5f071b,unit,10.03,10.03,True
1f64478c,symbol,,:{,False
1f69a85f,bit,10111101,10111101,True
1f6c2fd9,bit,00000000,00000000,True
1f73f1f0,gravity,81.65,81.65,True
1f7407ed,bit,,00101101,False
1f7cf3b9,symbol,,\@:],False
1f8b6b98,cipher,teacher found potion,teacher found potion,True
1f8cf5be,unit,10.67,10.67,True
1fa373db,bit,00101001,00101001,True
1fa37461,cipher,student reads the golden treasure,student reads the golden treasure,True
1fa88224,gravity,10.10,10.1,False
1fb05006,gravity,100.73,100.72,False
1fb37a08,symbol,,$!:,False
1fba92ee,gravity,11.78,11.78,True
1fbfca5d,cipher,bird found map,bird found map,True
1fc44ef7,roman,XXXIX,XXXIX,True
1fcbbb93,cipher,wizard creates near mountain,wizard creates near mountain,True
1fcdff78,gravity,27.94,27.94,True
1fd310dc,bit,,00011101,False
1fd4d961,roman,XXX,XXX,True
1fd65d86,bit,01001000,01001000,True
1fd84ab1,bit,,11001110,False
1fde04cc,gravity,100.17,100.17,True
1fe9b923,bit,00000001,00000001,True
1fefd874,roman,XXV,XXV,True
20010db2,gravity,98.18,98.18,True
20052c2f,bit,01100110,01100110,True
201255d5,cipher,the silver rabbit discovers,the silver rabbit discovers,True
201b150e,bit,11001011,11001011,True
201dfb1c,gravity,38.70,38.7,False
202af98d,bit,,11111101,False
20326646,cipher,cat reads door,cat reads door,True
20333a1f,bit,10000010,10000010,True
203576de,cipher,bird chases the dark key,bird chases the dark key,True
203aee7d,gravity,9.80,9.8,False
2049f01d,symbol,,23,False
206c4406,roman,LV,LV,True
20744ce8,cipher,wizard creates the golden crystal,wizard creates the golden crystal,True
2074e2dd,roman,LXXXVIII,LXXXVIII,True
2077d3da,cipher,king found mirror,king found mirror,True
207ab66f,symbol,,2815,False
2087df86,roman,XXXVI,XXXVI,True
208d7838,symbol,,[:,False
20924dd4,bit,10110000,10110000,True
209884a3,roman,XXXIII,XXXIII,True
209c43f0,symbol,,101,False
209d28ca,symbol,,171,False
209e62c5,bit,01111001,01111001,True
209fdbf3,roman,XXII,XXII,True
20a537e6,cipher,wizard draws through cave,wizard draws through cave,True
20abedb7,bit,00010000,00010000,True
20b581ce,roman,X,X,True
20b7fcad,roman,XVII,XVII,True
20b8af89,unit,25.33,25.33,True
20c15ca0,roman,LXXXII,LXXXII,True
20c252d7,bit,00111111,00111111,True
20c4f9ff,unit,44.90,44.90,True
20cdbdb1,bit,11100001,11100001,True
20d3e997,cipher,rabbit dreams the hidden map,rabbit dreams the hidden map,True
20d62620,roman,XXI,XXI,True
20e6b2d1,symbol,,'',False
20ea1dc6,roman,XC,XC,True
20eecd8a,gravity,82.71,82.71,True
20f0fac9,symbol,,2976,False
20f3b869,bit,11111111,11111111,True
2106285f,gravity,50.98,50.98,True
210f5249,unit,25.23,25.23,True
21115993,roman,LXXV,LXXV,True
2115c9be,unit,30.09,30.09,True
211b86cc,gravity,159.06,159.06,True
21245d76,bit,,01111111,False
21261dc6,symbol,,-25,False
212e792d,symbol,,)//,False
21312779,bit,10101111,10101111,True
2136dd4f,unit,69.03,69.03,True
214d0570,bit,10111111,10111111,True
215050ec,roman,LIV,LIV,True
21519be7,symbol,,35,False
2156a812,roman,VI,VI,True
215cc608,gravity,57.18,57.18,True
215edb1a,cipher,the colorful princess dreams,the colorful princess dreams,True
215fda9c,gravity,18.29,18.29,True
21689421,roman,L,L,True
217859ae,roman,LIX,LIX,True
2187585a,gravity,10.56,10.56,True
218b0228,gravity,7.23,7.23,True
219f4637,roman,XIII,XIII,True
21a1f39c,unit,34.58,34.58,True
21b09667,roman,VIII,VIII,True
21b173bd,unit,4.06,4.06,True
21b7ef2c,roman,XXXII,XXXII,True
21b90d9f,symbol,,){?{,False
21bb468f,unit,47.28,47.28,True
21bbe611,gravity,42.56,42.56,True
21bd1251,cipher,turtle discovers puzzle,turtle discovers puzzle,True
21c09ced,roman,LXXXVII,LXXXVII,True
21ca54bb,roman,XLIX,XLIX,True
21d4018f,cipher,wizard found potion,wizard found potion,True
21d9de4c,roman,XLV,XLV,True
21dff465,symbol,,@9,False
21e2511d,gravity,49.61,49.61,True
21e46a71,unit,54.79,54.79,True
21ee162c,symbol,,'&{,False
21fa96be,bit,10010011,10010011,True
22045c05,cipher,queen found key,queen found key,True
22097b2d,unit,34.15,34.15,True
2212ccb3,gravity,24.05,24.05,True
22151c0e,gravity,45.53,45.53,True
221798d9,cipher,the colorful bird creates,the colorful bird creates,True
22288152,symbol,,081,False
2230fad0,bit,,01001010,False
223b2899,symbol,,<[{?,False
2240e226,unit,23.57,23.57,True
224efda1,symbol,,7,False
22514367,roman,LXXIV,LXXIV,True
226cbdf8,symbol,,#[`,False
226fcc6c,unit,51.33,51.33,True
227edfe3,roman,VI,VI,True
22844f06,cipher,wizard found mirror,wizard found mirror,True
22882bef,gravity,18.48,18.48,True
228bd26b,symbol,,4012,False
228e85de,roman,XLI,XLI,True
2293bcf7,cipher,mouse creates under tower,mouse creates under tower,True
229fe09d,unit,46.07,46.07,True
22a82f3f,unit,12.30,12.30,True
22b516b3,bit,11111111,11111111,True
22bb13b8,gravity,163.24,163.25,False
22bf2b99,roman,LXXXIII,LXXXIII,True
22c29ed9,roman,LI,LI,True
22c34f56,bit,11110001,11110001,True
22c679ac,gravity,196.36,196.36,True
22d94427,cipher,rabbit imagines door,rabbit imagines door,True
22df9c33,gravity,134.51,134.5,False
22e28f23,bit,01010101,01010101,True
22eb8359,roman,XCIX,XCIX,True
22edaad7,roman,XXI,XXI,True
22ee4a97,roman,LXIV,LXIV,True
22f55218,roman,LXXIV,LXXIV,True
2306289a,gravity,58.72,58.72,True
231a83b6,cipher,queen watches under ocean,queen watches under ocean,True
231d9754,unit,15.71,15.71,True
231dfa50,gravity,119.42,119.42,True
232c0bee,gravity,72.80,72.8,False
232f1f16,unit,69.13,69.12,False
233ba645,roman,XCIX,XCIX,True
233e854d,gravity,19.59,19.59,True
23410e94,bit,01101001,01101001,True
2345be90,roman,XXV,XXV,True
234e5b9e,symbol,,$]|&,False
2359eb76,gravity,38.85,38.85,True
236034b4,bit,,00100011,False
236a2204,symbol,,`>,False
236d91be,roman,XXV,XXV,True
2370909d,bit,11101001,11101001,True
23785b83,gravity,103.23,103.23,True
23800316,symbol,,79,False
238ce191,unit,7.36,7.36,True
2395d6df,bit,00011010,00011010,True
239771fb,symbol,,|)},False
239f496a,unit,36.78,36.78,True
23a3d88f,gravity,179.01,179.01,True
23b0eb54,symbol,,]/:),False
23b79f1b,roman,VI,VI,True
23b839d8,cipher,student chases the curious book,student chases the curious book,True
23c59364,symbol,,>/,False
23d3fb34,unit,34.86,34.85,False
23d9e764,cipher,student creates in village,student creates in village,True
23ec50f8,unit,15.84,15.84,True
23eca41d,cipher,queen found key,queen found key,True
23ed9042,roman,XIV,XIV,True
23f39281,bit,01011110,01011110,True
23f51e82,unit,43.26,43.26,True
23f6ead8,unit,25.61,25.61,True
23f8e7cd,roman,XCVIII,XCVIII,True
23f98595,symbol,,03,False
2403d93c,roman,XLI,XLI,True
2407eee3,gravity,9.41,9.41,True
2411f83a,cipher,wizard explores book,wizard explores book,True
24232d07,bit,,01010101,False
2423926d,symbol,,48,False
2425d9ff,unit,13.23,13.23,True
2433c775,roman,LXXXV,LXXXV,True
24419159,cipher,king chases the hidden puzzle,king chases the hidden puzzle,True
2441e2b4,bit,00000101,00000101,True
244e06c9,roman,XLII,XLII,True
24595132,unit,26.65,26.65,True
2459c775,gravity,61.15,61.15,True
2460c01a,bit,10111010,10111010,True
2464f187,unit,71.90,71.90,True
24750c4a,symbol,,?)/{,False
248cb850,cipher,the curious student sees,the curious student sees,True
249a83ee,roman,XLIX,XLIX,True
249b5a58,cipher,knight imagines the golden crystal,knight imagines the golden crystal,True
249ec418,cipher,the wise teacher reads,the wise teacher reads,True
24a68f61,bit,10010001,10010001,True
24acf4d9,roman,LXXXVIII,LXXXVIII,True
24b1872e,roman,XXV,XXV,True
24b2d8eb,symbol,,/[:`,False
24b60af3,bit,00000010,00000010,True
24b6252b,roman,XXIII,XXIII,True
24cceeb8,roman,LXVI,LXVI,True
24d4729a,roman,LXXX,LXXX,True
24d5d3da,cipher,teacher dreams the bright puzzle,teacher dreams the bright puzzle,True
24d81e42,gravity,9.56,9.56,True
24e1f1d5,symbol,,^#(!,False
24e662dd,unit,46.96,46.96,True
24eb3401,unit,36.45,36.45,True
24ef5b88,bit,00100111,00100111,True
24f44584,bit,,11111011,False
250416b2,unit,32.44,32.44,True
2506adc3,cipher,student imagines crystal,student imagines crystal,True
250ed426,unit,40.07,40.07,True
25211342,unit,29.93,29.93,True
25259b91,cipher,the wise princess chases,the wise princess chases,True
252d0997,symbol,,-/@,False
254511be,unit,9.31,9.31,True
254dee03,unit,54.71,54.70,False
254f9885,cipher,the secret teacher sees,the secret teacher sees,True
2550278b,roman,XXVII,XXVII,True
255ec836,cipher,wizard creates through wonderland,wizard creates through wonderland,True
25705f72,bit,11110000,11110000,True
25764d5f,bit,00001000,00001000,True
257e7158,bit,,00001001,False
2581d7e5,roman,LII,LII,True
258b796b,symbol,,`]|[,False
259dc76d,unit,34.68,34.68,True
25a2b86b,roman,XXVII,XXVII,True
25a8aeb1,bit,00111111,00111111,True
25bb5c54,roman,VIII,VIII,True
25bdf5be,cipher,rabbit follows the dark garden,rabbit follows the dark garden,True
25c1baab,gravity,19.13,19.13,True
25cd4dab,cipher,knight reads the golden puzzle,knight reads the golden puzzle,True
25d6c521,roman,XCVIII,XCVIII,True
25e5f165,cipher,teacher creates story,teacher creates story,True
25e74395,unit,59.09,59.09,True
25e89624,symbol,,"[""$",False
25eb7b03,symbol,,23,False
25ee72c3,symbol,,"#""<<",False
25f2f2cd,symbol,,901,False
25fa4c2c,gravity,6.20,6.2,False
25fcf241,cipher,hatter creates inside garden,hatter creates inside garden,True
25fda154,roman,LXXXI,LXXXI,True
25fe42a0,roman,XLIX,XLIX,True
2600cbae,unit,8.56,8.56,True
26063a96,roman,LXVII,LXVII,True
260f20c1,symbol,,43,False
2613a77b,symbol,,"""|%<",False
26168be6,symbol,,99,False
26183eb8,bit,01011110,01011110,True
26258d8a,symbol,,^,False
262e9faf,bit,,00011111,False
2630aaf8,bit,,10111110,False
26410094,bit,10010000,10010000,True
26420933,cipher,cat draws inside school,cat draws inside school,True
264b2118,bit,00010100,00010100,True
26518e13,gravity,67.70,67.7,False
2652af6d,unit,19.37,19.37,True
2658bb0d,unit,25.59,25.58,False
265fea81,roman,LXVI,LXVI,True
266100e9,gravity,28.55,28.55,True
266b9a7e,roman,LIII,LIII,True
2673b3cc,gravity,22.46,22.46,True
267fe2c6,roman,II,II,True
26a2a1b8,symbol,,(:,False
26a70ae0,bit,10010101,10010101,True
26b716ed,symbol,,36,False
26c83e22,bit,01011001,01011001,True
26d4cbc3,gravity,182.41,182.4,False
26dbd20d,symbol,,0374,False
26df9536,bit,11101010,11101010,True
26e2d26a,gravity,94.28,94.29,False
26e48e98,symbol,,){|,False
26e5d2f9,cipher,teacher explores castle,teacher explores castle,True
26e6819a,unit,67.01,67.01,True
26e80ca2,roman,XLVI,XLVI,True
26e985b5,bit,11111111,11111111,True
26f01cb9,roman,XIX,XIX,True
26f0f445,cipher,student explores the secret puzzle,student explores the secret puzzle,True
26fe52a0,cipher,alice chases the curious castle,alice chases the curious castle,True
2701a005,symbol,,140,False
270c6986,roman,XXIX,XXIX,True
270e7c66,roman,XC,XC,True
27140c09,cipher,queen studies beyond forest,queen studies beyond forest,True
2716c739,unit,11.05,11.05,True
271a867c,symbol,,:,False
271f72f5,bit,00000000,00000000,True
2721e036,gravity,63.41,63.41,True
272489e8,roman,III,III,True
27282440,unit,43.71,43.72,False
272bb510,unit,50.20,50.20,True
272bde97,symbol,,55,False
27351c90,roman,LXXXVIII,LXXXVIII,True
2739a748,cipher,the silver hatter sees,the silver hatter sees,True
2746132c,roman,XCIV,XCIV,True
274def88,symbol,,92,False
27568ac1,roman,XCVI,XCVI,True
275b0f39,symbol,,[%[<,False
275db7d4,symbol,,6221,False
2764222d,cipher,bird draws the wise story,bird draws the wise story,True
27661a37,symbol,,741,False
276f6cc6,cipher,wizard follows secret,wizard follows secret,True
2774d7a4,bit,11110101,11110101,True
277cdbcf,gravity,39.18,39.18,True
2782750e,roman,XCII,XCII,True
278805ba,roman,XXXIX,XXXIX,True
278e987a,roman,LXIX,LXIX,True
2792186b,cipher,rabbit writes map,rabbit writes map,True
279d4423,cipher,rabbit follows the secret potion,rabbit follows the secret potion,True
279e83b8,cipher,knight reads the dark puzzle,knight reads the dark puzzle,True
27a068c7,roman,LXVI,LXVI,True
27b39648,unit,11.98,11.98,True
27b6825c,roman,XXXIX,XXXIX,True
27b8d52f,roman,II,II,True
27bd81c8,roman,LXXIX,LXXIX,True
27c3ce54,bit,00100000,00100000,True
27ca638a,gravity,136.46,136.46,True
27cec7a9,symbol,,3341,False
27d3c9e1,gravity,169.29,169.29,True
27da7eaa,gravity,112.37,112.37,True
27dd189a,gravity,76.09,76.09,True
27e7a8dc,roman,X,X,True
27edb680,bit,10101111,10101111,True
27eea35e,roman,LXXXVII,LXXXVII,True
27f3491e,cipher,turtle creates the secret map,turtle creates the secret map,True
27f7f84f,gravity,32.65,32.65,True
27fdca03,symbol,,@!,False
281215d1,unit,50.50,50.50,True
2817d770,bit,01100110,01100110,True
281cd56a,roman,XLII,XLII,True
282bae35,cipher,the silver king imagines,the silver king imagines,True
2841d283,bit,10010111,10010111,True
285e5797,gravity,132.59,132.59,True
286135d3,symbol,,835,False
287e5272,bit,10111001,10111001,True
28827821,symbol,,}|^,False
288437a0,roman,I,I,True
288ba5ad,unit,31.77,31.77,True
288c7eca,bit,00111111,01111111,False
2891395e,cipher,teacher reads mirror,teacher reads mirror,True
2892940e,roman,XCIX,XCIX,True
2894ae33,gravity,63.33,63.33,True
289602f1,symbol,,?!,False
289ed2c5,unit,24.39,24.39,True
289f7215,unit,21.53,21.53,True
28a4db44,bit,10011000,10011000,True
28b0ff48,symbol,,'],False
28b1c508,gravity,64.15,64.15,True
28b6bc51,bit,11011011,11011011,True
28bde184,bit,00000111,00000111,True
28c7a0cf,unit,37.18,37.18,True
28db0ae7,gravity,41.74,41.74,True
28e3bbd3,bit,00000101,00000101,True
28eabe84,unit,56.73,56.73,True
28f7012c,symbol,,7541,False
28feff8e,bit,00000000,00000000,True
28ffe70d,bit,11101011,11101011,True
290cc78d,cipher,teacher draws through castle,teacher draws through castle,True
29164786,cipher,dragon watches book,dragon watches book,True
292ffcee,gravity,103.18,103.17,False
293cc694,gravity,119.55,119.55,True
293e76a6,cipher,the colorful knight discovers,the colorful knight discovers,True
294453b5,symbol,,&(,False
294557bb,bit,01000000,01000000,True
295768b8,roman,LXXXIV,LXXXIV,True
2964daa3,unit,12.52,12.52,True
2972579b,roman,XXVII,XXVII,True
297427ef,roman,LXXII,LXXII,True
297c5a69,cipher,queen sees the strange door,queen sees the strange door,True
29806da8,roman,XXVIII,XXVIII,True
298d3618,gravity,24.23,24.23,True
2995c179,symbol,,(^,False
299e9668,cipher,rabbit follows through castle,rabbit follows through castle,True
29a628b0,unit,47.38,47.38,True
29a8ac06,gravity,32.87,32.87,True
29a9df97,roman,LXX,LXX,True
29b4247c,roman,LXIX,LXIX,True
29b79c2b,unit,9.75,9.75,True
29c5f854,gravity,52.51,52.51,True
29e1527c,gravity,8.95,8.95,True
29e458d6,bit,00010010,00010010,True
29f63642,roman,LXXIX,LXXIX,True
29ff0bff,cipher,hatter writes through mountain,hatter writes through mountain,True
2a204590,symbol,,&<^#,False
2a253b6c,bit,,00000111,False
2a25de27,symbol,,^^',False
2a2eb7c2,gravity,13.89,13.89,True
2a3f9108,cipher,dragon reads door,dragon reads door,True
2a4de31a,unit,35.99,35.99,True
2a55bb8d,gravity,164.33,164.33,True
2a57aa45,unit,44.56,44.56,True
2a5d4790,bit,11111111,11111111,True
2a5e45a4,symbol,,`@},False
2a6a88cd,gravity,48.81,48.81,True
2a6b5032,roman,XV,XV,True
2a6c343e,cipher,teacher reads above forest,teacher reads above forest,True
2a73a462,symbol,,9302,False
2a7e1d11,gravity,116.93,116.93,True
2a81aba9,roman,LXV,LXV,True
2a838077,unit,15.22,15.22,True
2a8957eb,cipher,teacher imagines inside garden,teacher imagines inside garden,True
2a8ccc8a,gravity,59.43,59.42,False
2aa0fadc,bit,11000011,11000011,True
2aa6ce6a,bit,11010001,11010001,True
2aac7118,cipher,the mysterious bird chases,the mysterious bird chases,True
2aae1021,bit,01000001,01000001,True
2ab36dad,roman,XCV,XCV,True
2ad8d85d,unit,19.85,19.85,True
2ae067a8,gravity,34.30,34.3,False
2ae80ced,bit,,10100101,False
2aeb5265,symbol,,75,False
2af08815,unit,19.27,19.27,True
2af11abc,cipher,student draws the curious key,student draws the curious key,True
2af48539,gravity,52.26,52.26,True
2af69b67,cipher,knight found the bright secret,knight found the bright secret,True
2af7134e,symbol,,20,False
2afebbc3,symbol,,16,False
2affe39c,symbol,,(],False
2afffd6f,roman,VIII,VIII,True
2b16044a,bit,00011111,00011111,True
2b1a109a,symbol,,-/),False
2b28f527,bit,10000101,10000101,True
2b33a681,roman,V,V,True
2b3540d8,symbol,,""":$""",False
2b3e06c9,bit,00111111,00111111,True
2b4d5475,unit,42.24,42.24,True
2b4de8bd,gravity,86.90,86.9,False
2b4f52ec,roman,XIX,XIX,True
2b50eb88,bit,00000111,00000111,True
2b53fea0,roman,LXVIII,LXVIII,True
2b54c39a,gravity,87.71,87.71,True
2b5b649a,roman,XCIII,XCIII,True
2b6147f7,gravity,191.98,191.98,True
2b636d2d,bit,00101101,00101101,True
2b69a438,cipher,queen reads around mountain,queen reads around mountain,True
2b6e391b,bit,01001010,01001010,True
2b709308,cipher,mouse discovers door,mouse discovers door,True
2b729571,roman,LXXIV,LXXIV,True
2b859c47,roman,XIII,XIII,True
2b88fafb,bit,11010000,11010000,True
2b9561a1,cipher,the clever knight explores,the clever knight explores,True
2ba2b3b4,unit,54.24,54.24,True
2ba4b99f,symbol,,@:%>,False
2bb09a3e,bit,,11001111,False
2bb8b21a,roman,XCIV,XCIV,True
2bbad17a,unit,41.64,41.64,True
2bc0533d,unit,64.27,64.26,False
2bc2a65a,symbol,,701,False
2bca5e57,symbol,,\}},False
2bd4edeb,cipher,the wise hatter draws,the wise hatter draws,True
2bd7896f,unit,52.00,52.00,True
2bd95e48,roman,LXXXIX,LXXXIX,True
2bdf114f,gravity,30.16,30.16,True
2beb5851,symbol,,23,False
2bf047ca,roman,XLIX,XLIX,True
2bf73df4,gravity,179.57,179.57,True
2bf76506,unit,37.85,37.85,True
2c017f70,symbol,,>/%(,False
2c037628,unit,19.13,19.13,True
2c08209b,unit,52.39,52.40,False
2c1cace4,symbol,,!},False
2c2aa555,unit,24.25,24.25,True
2c3368cf,cipher,cat explores door,cat explores door,True
2c34ec23,gravity,5.48,5.48,True
2c37ce5c,unit,87.09,87.09,True
2c5372e8,cipher,the golden knight studies,the golden knight studies,True
2c5943b2,roman,LXXIV,LXXIV,True
2c680884,cipher,bird imagines the strange treasure,bird imagines the strange treasure,True
2c6cb766,bit,11000000,11000000,True
2c88cb5b,roman,XXXII,XXXII,True
2c8c6f91,gravity,61.43,61.43,True
2c8e2e06,symbol,,&52,False
2c920d0b,unit,29.37,29.37,True
2c974394,roman,XII,XII,True
2c987a57,cipher,king found castle,king found castle,True
2c9a8df6,symbol,,-]\,False
2cb5b118,unit,24.86,24.86,True
2cbb0bf8,unit,23.98,23.99,False
2cbb9290,gravity,21.49,21.49,True
2cbcd822,gravity,8.50,8.5,False
2cc274cb,symbol,,6821,False
2cd4b72a,unit,34.98,34.98,True
2cdaf13f,gravity,35.67,35.67,True
2ce41663,bit,,01100011,False
2ce67ec9,gravity,73.49,73.49,True
2cf042b9,symbol,,?^,False
2cf45d07,bit,10101010,10101010,True
2cf587f6,symbol,,159,False
2cf950c9,roman,XIV,XIV,True
2d1d1cea,gravity,47.81,47.81,True
2d23f241,gravity,19.53,19.53,True
2d248811,gravity,148.37,148.37,True
2d27ccfa,roman,LII,LII,True
2d3547af,symbol,,))^),False
2d364a86,unit,81.12,81.12,True
2d3e809c,symbol,,9264,False
2d4c4625,gravity,45.83,45.83,True
2d4d3fee,gravity,41.61,41.62,False
2d5926f7,unit,26.11,26.11,True
2d5dc8af,roman,LXXIX,LXXIX,True
2d624cab,symbol,,![)],False
2d63b436,bit,00010000,00010000,True
2d6922f4,bit,10000000,10000000,True
2d69e4ee,roman,LXVI,LXVI,True
2d7442bf,gravity,24.29,24.29,True
2d74e088,bit,01001100,10001100,False
2d778157,gravity,16.22,16.22,True
2d790c98,bit,,01111011,False
2d7edafd,symbol,,:{&,False
2d89386e,symbol,,:,False
2d8ad167,roman,XXII,XXII,True
2d8c0e01,cipher,queen studies the strange door,queen studies the strange door,True
2d91eeda,unit,25.90,25.90,True
2d92a92d,cipher,rabbit creates beyond ocean,rabbit creates beyond ocean,True
2da60993,unit,21.31,21.31,True
2da64bb3,gravity,53.86,53.86,True
2db53c85,symbol,,)//:,False
2dc6056a,bit,11000001,11000001,True
2dcb7ec6,bit,10110000,10110000,True
2dcfc1a3,bit,00101000,00101000,True
2dd1bc5e,roman,XXXIII,XXXIII,True
2dd26fa7,roman,XXXI,XXXI,True
2dd48cac,symbol,,-05,False
2de43f9f,symbol,,'%,False
2deaeae1,unit,14.61,14.61,True
2def3dad,unit,6.87,6.87,True
2df6dc21,unit,21.86,21.86,True
2dfe392a,cipher,the wise rabbit watches,the wise rabbit watches,True
2e044d8e,symbol,,5233,False
2e07bc6c,roman,XCV,XCV,True
2e0a3cfb,roman,XXXIII,XXXIII,True
2e0f64b7,bit,,01110001,False
2e1b9d84,symbol,,"]>""",False
2e2d60b2,symbol,,07,False
2e37e963,symbol,,-15,False
2e49c6ec,unit,4.39,4.39,True
2e53e971,gravity,128.01,128.01,True
2e550436,symbol,,?){,False
2e5b0b54,roman,XCV,XCV,True
2e5e7fe7,bit,,01101101,False
2e6cf33f,unit,62.99,62.99,True
2e8c188c,gravity,35.41,35.41,True
2e8fc884,symbol,,<[$,False
2e8fe403,gravity,63.38,63.38,True
2e94ea17,roman,LV,LV,True
2e9639de,symbol,,3585,False
2e9973b7,symbol,,)\?%,False
2e9b1b9d,symbol,,<),False
2ea26a27,gravity,29.27,29.27,True
2ead53dc,bit,00000101,00000101,True
2eb342d1,roman,XCI,XCI,True
2eb87143,roman,XCVIII,XCVIII,True
2ec3127c,cipher,cat found the dark treasure,cat found the dark treasure,True
2ec73c8f,unit,54.69,54.69,True
2ed54b3f,roman,V,V,True
2ee254c0,roman,XLIV,XLIV,True
2ee39f5f,symbol,,0621,False
2ee6c3f2,unit,56.87,56.87,True
2efd8e6f,roman,XXX,XXX,True
2f0041de,gravity,21.94,21.94,True
2f129e0e,cipher,the golden dragon creates,the golden dragon creates,True
2f18b11f,gravity,118.49,118.49,True
2f270b32,bit,,11111011,False
2f2b51ea,unit,52.73,52.73,True
2f37b967,gravity,54.77,54.78,False
2f3ebe0b,cipher,turtle discovers the dark key,turtle discovers the dark key,True
2f3f1f09,roman,LXXXI,LXXXI,True
2f46a715,symbol,,]]&|,False
2f47fe65,cipher,the mysterious hatter dreams,the mysterious hatter dreams,True
2f485a40,symbol,,1867,False
2f51362d,bit,11000110,11000110,True
2f5959c9,symbol,,7141,False
2f5f8f45,bit,,01000110,False
2f650779,gravity,12.81,12.81,True
2f6531cb,symbol,,@::',False
2f671c98,roman,LV,LV,True
2f6c2b3e,bit,00000000,00000000,True
2f6f8725,roman,XVII,XVII,True
2f72e1d1,roman,XLV,XLV,True
2f767212,unit,78.00,77.99,False
2f7b6e82,gravity,14.09,14.08,False
2f7e0e78,symbol,,01,False
2f7f58de,bit,00100100,00100100,True
2f883df4,gravity,137.64,137.64,True
2f90af4d,gravity,9.99,9.99,True
2f9550a7,unit,44.08,44.08,True
2fa48efe,bit,01111010,01111010,True
2fa5e04e,roman,XXV,XXV,True
2fa6c2b5,roman,LXXXIII,LXXXIII,True
2fa9d67f,cipher,the secret student writes,the secret student writes,True
2facfaa4,bit,00111110,00111110,True
2fb20366,symbol,,147,False
2fc515aa,gravity,128.46,128.46,True
2fc5ef5b,symbol,,/&\%,False
2fc9fc75,bit,00000000,00000000,True
2fd84b39,roman,XCII,XCII,True
2fdaf371,bit,10110100,10110100,True
2fdbd66d,gravity,6.31,6.31,True
2fe8752a,roman,XXXI,XXXI,True
2fed9ceb,bit,11111001,11111001,True
2ff200fb,symbol,,)^,False
2ff2a47e,gravity,16.33,16.33,True
2ffd3f41,roman,XXXV,XXXV,True
3013265c,symbol,,36,False
30196117,roman,LXXIX,LXXIX,True
3019f44e,cipher,rabbit studies in ocean,rabbit studies in ocean,True
30227ca4,gravity,15.61,15.61,True
302dc36e,bit,00001101,00001101,True
3031924c,unit,41.63,41.63,True
30320119,unit,20.33,20.33,True
303c84ea,symbol,,#$$,False
303ce694,unit,57.19,57.19,True
303d2e72,bit,00000000,00000000,True
303d3288,bit,01000000,01000000,True
303fc16b,symbol,,'?,False
304cc47b,bit,00101010,00101010,True
3051bffe,cipher,hatter found crystal,hatter found crystal,True
3052d07f,roman,LV,LV,True
305a3436,symbol,,&{',False
305e1cb5,unit,15.27,15.27,True
3060e3db,gravity,72.63,72.63,True
3066fcb2,cipher,student writes the bright puzzle,student writes the bright puzzle,True
3071e57b,roman,XXXVII,XXXVII,True
30763ac0,symbol,,041,False
3087b4f9,gravity,44.31,44.31,True
3094603c,cipher,mouse discovers near wonderland,mouse discovers near wonderland,True
309520eb,unit,6.40,6.40,True
309e5491,gravity,5.86,5.86,True
30ac5c8e,symbol,,)#?,False
30b018de,unit,52.77,52.77,True
30b35adc,bit,00100000,00100000,True
30b4543c,gravity,103.48,103.48,True
30b94c6b,roman,LXIII,LXIII,True
30ba0cf4,bit,01101101,01101101,True
30ba3adf,roman,LXXXVIII,LXXXVIII,True
30c0d5a2,symbol,,76,False
30ce5200,bit,00000010,00000010,True
30d70872,gravity,36.28,36.28,True
30d7ac17,unit,22.22,22.22,True
30e4b199,symbol,,|:|,False
30fa41a3,cipher,teacher follows around garden,teacher follows around garden,True
31028506,symbol,,!\,False
31051ff2,symbol,,||,False
31063a4d,bit,00000000,00000000,True
31092823,unit,30.73,30.73,True
311076df,unit,90.30,90.30,True
3121895a,roman,XXVII,XXVII,True
312e2579,roman,XX,XX,True
3131bfb3,bit,11111101,11111101,True
314d28a0,bit,00101000,00101000,True
31610ce5,cipher,bird studies the bright castle,bird studies the bright castle,True
31678582,symbol,,<:),False
316865b5,unit,19.74,19.74,True
316f1bd1,roman,XXXVI,XXXVI,True
317266c3,gravity,68.10,68.1,False
3178caeb,gravity,146.97,146.97,True
317ec3e6,symbol,,14,False
31810496,unit,3.35,3.35,True
3185fdeb,symbol,,(%|[,False
318ddaa9,bit,00000010,00000010,True
3190cbd0,roman,LXXIII,LXXIII,True
3191ec2f,cipher,teacher creates the mysterious garden,teacher creates the mysterious garden,True
31966698,bit,11110111,11110111,True
31a4c9ef,bit,,10110110,False
31a69bdb,roman,XLIII,XLIII,True
31ac5131,gravity,35.06,35.06,True
31adea79,unit,19.04,19.04,True
31b1ad91,cipher,bird dreams castle,bird dreams castle,True
31b1d38b,roman,XIX,XIX,True
31b2c302,gravity,91.89,91.89,True
31b8db52,symbol,,<{|?,False
31c04c70,gravity,78.25,78.26,False
31c682d7,unit,22.76,22.76,True
31c72d27,cipher,dragon dreams the bright treasure,dragon dreams the bright treasure,True
31d2b597,cipher,dragon studies beyond island,dragon studies beyond island,True
31d642e9,roman,XXXVII,XXXVII,True
31df43f1,bit,11011100,11011100,True
31e2d534,cipher,the bright dragon reads,the bright dragon reads,True
31e56bc9,cipher,the curious mouse creates,the curious mouse creates,True
31ea3deb,cipher,princess discovers the bright book,princess discovers the bright book,True
31ea69a9,gravity,27.99,27.99,True
31ea8ff2,unit,56.85,56.85,True
31eb8247,symbol,,"""12",False
31ec2f8e,unit,21.17,21.17,True
31f2ed10,cipher,the colorful mouse chases,the colorful mouse chases,True
3201222f,unit,57.83,57.83,True
32082de7,roman,LXXIX,LXXIX,True
3209611f,unit,6.19,6.19,True
320d8d2b,symbol,,3913,False
321ef6ba,symbol,,"""""::",False
322196ed,cipher,student dreams under castle,student dreams under castle,True
3221d7ce,cipher,princess chases around palace,princess chases around palace,True
32261adc,roman,XXXV,XXXV,True
322c6169,bit,11100011,01100011,False
323b9f56,bit,01100011,01100011,True
324f918b,symbol,,108,False
32570e3b,unit,80.97,80.98,False
325f705d,gravity,10.23,10.23,True
326446da,unit,40.25,40.25,True
326532e7,cipher,turtle reads inside mountain,turtle reads inside mountain,True
3267f421,gravity,73.43,73.43,True
327672b1,roman,XXII,XXII,True
327955b8,cipher,the wise princess draws,the wise princess draws,True
327cb428,gravity,60.72,60.72,True
32815b79,symbol,,96,False
328f099c,unit,22.49,22.49,True
3296c5b5,bit,,10011100,False
32a18e65,gravity,62.41,62.41,True
32a2dcd8,cipher,bird writes door,bird writes door,True
32a31236,symbol,,44,False
32a812cd,symbol,,444,False
32b17b5c,unit,4.60,4.60,True
32bac32f,roman,VIII,VIII,True
32bb8ff5,symbol,,`&,False
32c6db19,cipher,hatter follows puzzle,hatter follows puzzle,True
32c9cfa5,roman,LII,LII,True
32d9f8da,cipher,princess discovers beyond palace,princess discovers beyond palace,True
32e5fe87,bit,00000000,00000000,True
32e9a308,symbol,,124,False
32eb3da0,roman,LI,LI,True
32f368ce,cipher,turtle studies key,turtle studies key,True
32fffab2,roman,VI,VI,True
33009b84,roman,LXXXIV,LXXXIV,True
3302f383,bit,10110001,10110001,True
330362ed,unit,65.07,65.07,True
33093ed0,symbol,,-72,False
330d5ef1,symbol,,0864,False
330dc435,roman,XVIII,XVIII,True
3313fdbe,gravity,78.67,78.67,True
33151f4c,roman,XXXI,XXXI,True
331e68d6,cipher,teacher writes the golden secret,teacher writes the golden secret,True
331f4d30,gravity,57.29,57.29,True
33205207,gravity,63.15,63.15,True
33236551,cipher,turtle chases potion,turtle chases potion,True
333d93ec,symbol,,7,False
33436da3,roman,LV,LV,True
33476ff1,unit,9.50,9.50,True
33519c2f,bit,00010000,00010000,True
335fa8ce,unit,62.64,62.64,True
336399f4,roman,LXXIV,LXXIV,True
336953fa,gravity,137.29,137.28,False
3370302a,bit,00000010,00000010,True
337422d3,gravity,81.18,81.18,True
3376d8b7,bit,00100010,00100010,True
337e110d,roman,LII,LII,True
3383d4ec,symbol,,66,False
3385340a,cipher,the curious king imagines,the curious king imagines,True
3385a400,bit,11000111,11000111,True
3388581c,roman,XXVI,XXVI,True
33910360,bit,00000001,00000001,True
339149c9,symbol,,3,False
339c28e1,symbol,,&:&,False
339f3dfa,roman,LX,LX,True
33c48893,bit,01100101,01100101,True
33c4ff9f,unit,36.97,36.97,True
33c7fc95,roman,XXXVI,XXXVI,True
33cd307c,unit,20.94,20.94,True
33ce7ec3,gravity,33.78,33.78,True
33d171d8,roman,LXXVIII,LXXVIII,True
33d344c4,cipher,bird follows the ancient key,bird follows the ancient key,True
33e4e9ec,bit,,00110001,False
33eb029a,gravity,76.07,76.07,True
33f4bcdb,roman,LXXXVII,LXXXVII,True
33ff2c93,unit,47.25,47.25,True
3400e0d5,bit,10011101,10011101,True
340321c8,symbol,,-!:,False
340f68d0,unit,14.96,14.96,True
340fdb6b,cipher,bird watches story,bird watches story,True
341252e5,gravity,118.94,118.94,True
3416dfa4,roman,XXIV,XXIV,True
3419a4b1,gravity,129.92,129.92,True
341a468c,bit,00100101,00100101,True
342304eb,roman,LXXXVI,LXXXVI,True
3424f037,symbol,,{{|:,False
343095d3,bit,01010100,01010100,True
34390bf1,gravity,29.85,29.85,True
344a8237,cipher,the hidden bird dreams,the hidden bird dreams,True
344e524b,unit,46.43,46.43,True
34514d28,unit,43.60,43.60,True
3456da40,bit,00001111,00001111,True
3457cb83,cipher,queen discovers the dark mirror,queen discovers the dark mirror,True
345c36fe,cipher,knight imagines beyond forest,knight imagines beyond forest,True
3465a931,unit,43.03,43.03,True
34710a9b,roman,LXIX,LXIX,True
34747669,cipher,queen found puzzle,queen found puzzle,True
347477c5,symbol,,1171,False
34782f62,cipher,the bright knight discovers,the bright knight discovers,True
348c5e8e,cipher,king studies map,king studies map,True
348d6225,symbol,,98,False
3492bb6e,gravity,20.31,20.31,True
34a31822,bit,00000000,00000000,True
34a364f7,unit,55.30,55.30,True
34a98769,bit,01101111,01101111,True
34b4cf96,symbol,,"""""^^",False
34b9db0e,bit,01001000,01001000,True
34bc9341,gravity,166.73,166.74,False
34c563c5,symbol,,04`,False
34ced001,cipher,rabbit creates the bright puzzle,rabbit creates the bright puzzle,True
34d1d16f,symbol,,^|!,False
34eae7f9,gravity,77.08,77.08,True
34f18cf1,unit,39.20,39.20,True
34f49b7d,gravity,105.55,105.55,True
34f985b3,gravity,158.56,158.56,True
34ffc4b7,gravity,21.94,21.94,True
352a47ba,cipher,the hidden king discovers,the hidden king discovers,True
35350568,gravity,190.86,190.87,False
35364e9a,bit,11111110,11111110,True
354915e0,cipher,dragon writes forest,dragon writes forest,True
354cac01,cipher,teacher found above cave,teacher found above cave,True
354e4fb6,roman,LXXXIX,LXXXIX,True
35514214,roman,XXXVIII,XXXVIII,True
3555e175,gravity,39.16,39.16,True
3559dfc9,symbol,,[%[,False
355cdcd9,cipher,the curious alice imagines,the curious alice imagines,True
3564baf1,bit,10101101,10101101,True
35658269,symbol,,":""#",False
35661801,symbol,,128,False
35672155,symbol,,4284,False
356e927c,symbol,,421,False
35707d77,roman,XIV,XIV,True
3572a253,unit,13.18,13.18,True
357974d4,gravity,31.16,31.16,True
3580648f,symbol,,2640,False
35876bb4,cipher,dragon discovers under valley,dragon discovers under valley,True
358cdb81,cipher,student studies puzzle,student studies puzzle,True
358eec3b,unit,53.03,53.03,True
3595c82c,bit,,10011011,False
359ecbe4,roman,LXXII,LXXII,True
35a562bd,symbol,,(%(?,False
35a89469,symbol,,9525,False
35aa8b81,gravity,24.68,24.68,True
35b9db40,gravity,52.65,52.65,True
35be20ab,unit,25.00,25.00,True
35d0560a,unit,40.69,40.69,True
35d787c7,cipher,the magical hatter draws,the magical hatter draws,True
35dafdbc,bit,01011000,01011000,True
35db1de9,roman,LXXI,LXXI,True
35e12b34,symbol,,041,False
35e3c7c5,bit,00000110,00000110,True
35fd8d38,cipher,queen explores above forest,queen explores above forest,True
35fe81df,cipher,the wise queen creates,the wise queen creates,True
36065ab1,cipher,mouse studies the curious door,mouse studies the curious door,True
360b11e2,roman,XCIV,XCIV,True
360b6f4e,gravity,120.41,120.41,True
360e69d2,roman,LVIII,LVIII,True
360ea139,roman,XIII,XIII,True
361284d7,gravity,114.09,114.09,True
361cfce9,cipher,dragon draws the wise mirror,dragon draws the wise mirror,True
361fb6b9,unit,70.50,70.50,True
3624fa25,unit,12.07,12.07,True
362b4b99,unit,45.68,45.69,False
362e9e42,bit,00100101,00100101,True
36300e18,bit,10011101,10011101,True
3632f6d0,gravity,145.69,145.68,False
36386064,cipher,dragon writes inside school,dragon writes inside school,True
36391105,unit,17.71,17.71,True
364c7ca6,cipher,king reads near village,king reads near village,True
364f1279,cipher,bird draws mirror,bird draws mirror,True
36557a2e,symbol,,!{}?,False
365dfd91,cipher,the secret wizard found,the secret wizard found,True
3661796c,cipher,the wise bird creates,the wise bird creates,True
36727ff6,cipher,mouse explores the secret puzzle,mouse explores the secret puzzle,True
3672cece,gravity,13.10,13.1,False
3680d3b9,gravity,69.31,69.31,True
3683a72b,bit,00110000,00110000,True
3685d906,gravity,8.76,8.76,True
3686d8d2,roman,LXVII,LXVII,True
3687b4bb,symbol,,4602,False
3687bc41,symbol,,121,False
368e316c,gravity,56.18,56.18,True
368f20dd,bit,10000101,10000101,True
3692975d,gravity,25.73,25.73,True
36a2e83b,unit,8.71,8.71,True
36a33623,bit,00000000,00000000,True
36aee03c,bit,01110011,01110011,True
36b5df1b,symbol,,%\/,False
36c93216,roman,LXXVII,LXXVII,True
36caeddc,unit,13.89,13.89,True
36d1dd5d,cipher,hatter imagines potion,hatter imagines potion,True
36d2d728,symbol,,"""(](",False
36de72e8,roman,XXX,XXX,True
36e96ab0,bit,11110101,11110101,True
36eab3e6,roman,LXXXIII,LXXXIII,True
36f13669,bit,00000000,00000000,True
37148c4b,gravity,13.55,13.55,True
371925d7,unit,35.21,35.21,True
371c5e74,cipher,wizard follows forest,wizard follows forest,True
3720039c,cipher,the bright bird follows,the bright bird follows,True
372bb422,symbol,,7560,False
373be396,cipher,king discovers around mountain,king discovers around mountain,True
3742dbc3,unit,32.33,32.33,True
37519088,unit,37.10,37.10,True
37525eec,gravity,22.27,22.27,True
37591952,gravity,46.35,46.35,True
37664f79,bit,10111010,10111010,True
3779ab78,bit,00010110,00010110,True
3784c8c6,bit,,10000010,False
378741b0,bit,00100010,00100010,True
379d18b7,symbol,,2101,False
37a00064,bit,00000001,00000001,True
37a0c36f,unit,15.01,15.00,False
37a2a7ff,symbol,,8483,False
37a2babf,gravity,183.37,183.37,True
37aad918,bit,01100010,01100010,True
37ad2b0b,unit,17.77,17.77,True
37c38318,unit,6.61,6.61,True
37c4e709,unit,33.16,33.17,False
37c62354,unit,18.57,18.57,True
37c94738,bit,00000000,00000000,True
37cbea46,bit,11111101,11111101,True
37cd3797,roman,LXXIII,LXXIII,True
37ce4280,bit,00000111,00000111,True
37cee546,roman,LXII,LXII,True
37d25dd3,bit,00110101,00110101,True
37d81990,bit,01111011,01111011,True
37d90651,unit,17.41,17.41,True
37d970e6,gravity,56.96,56.96,True
37dc0d3c,roman,IV,IV,True
37e9f5e9,gravity,57.16,57.16,True
37f04e3e,symbol,,0092,False
37fec698,gravity,4.75,4.75,True
38023e84,cipher,the clever king watches,the clever king watches,True
380a07ec,unit,32.60,32.60,True
380cd444,cipher,knight explores forest,knight explores forest,True
38203f70,gravity,39.59,39.59,True
38236526,cipher,the hidden alice imagines,the hidden alice imagines,True
382b36ce,gravity,41.68,41.68,True
382c6d6d,roman,XCVI,XCVI,True
382d19a5,gravity,99.65,99.65,True
382dccdd,gravity,124.41,124.42,False
3831c67a,symbol,,5146,False
3836e304,unit,64.85,64.85,True
383889e1,symbol,,5185,False
383bc6d3,unit,27.57,27.57,True
38489191,symbol,,/19,False
38601470,unit,26.05,26.05,True
3860736d,cipher,the wise teacher writes,the wise teacher writes,True
386b6d03,symbol,,671,False
3870a3e1,cipher,the dark knight sees,the dark knight sees,True
3878bd8b,roman,XCIX,XCIX,True
3882c5bb,cipher,mouse creates garden,mouse creates garden,True
38857bea,gravity,122.46,122.46,True
3888d45c,bit,01110101,01110101,True
388f17d6,roman,XLI,XLI,True
3895fa75,cipher,turtle studies the clever book,turtle studies the clever book,True
38a49ff0,symbol,,&/>?,False
38ae6f6a,cipher,the curious rabbit found,the curious rabbit found,True
38c65edb,gravity,32.61,32.61,True
38c7aca1,symbol,,!!]{,False
38cd9db1,gravity,68.21,68.21,True
38d47621,gravity,96.40,96.4,False
38d8dc87,roman,XI,XI,True
38e98135,symbol,,5017,False
38fcbd0c,bit,00000000,00000000,True
3912aa8f,roman,LXX,LXX,True
39180e01,cipher,hatter dreams the magical book,hatter dreams the magical book,True
39232d05,cipher,turtle reads story,turtle reads story,True
392bc434,cipher,wizard explores the dark key,wizard explores the dark key,True
3936fa34,unit,18.04,18.04,True
3937cbf8,symbol,,46,False
39425039,gravity,72.49,72.49,True
39470bbb,cipher,the colorful queen explores,the colorful queen explores,True
395227e5,roman,XII,XII,True
395a5098,cipher,teacher imagines the golden book,teacher imagines the golden book,True
395b0b5f,unit,74.89,74.89,True
39620b21,unit,17.46,17.46,True
39653fee,unit,25.65,25.65,True
396cc0a0,gravity,69.74,69.74,True
397010ac,gravity,76.00,76.0,False
3970c492,bit,,01101011,False
3975d230,cipher,student follows puzzle,student follows puzzle,True
397d6282,gravity,44.85,44.85,True
3982cfc6,bit,,00101110,False
398478f6,symbol,,:[,False
39870fb9,bit,11011001,11011001,True
3988440d,roman,XCIV,XCIV,True
39918d5b,cipher,turtle explores crystal,turtle explores crystal,True
39919779,roman,LXX,LXX,True
399eca4b,cipher,dragon imagines book,dragon imagines book,True
39a1f5e9,symbol,,"<"">[",False
39b77fed,unit,6.34,6.34,True
39c237c7,symbol,,{]``,False
39d3d49f,bit,,11011101,False
39e10935,gravity,12.13,12.13,True
39f8142a,unit,34.52,34.52,True
39fafc6b,gravity,71.53,71.53,True
39fd934f,symbol,,-9,False
3a02997b,unit,26.19,26.19,True
3a148f6a,bit,,00100111,False
3a1ae7b5,gravity,5.40,5.4,False
3a1f8cf0,bit,11000000,11000000,True
3a221bb6,cipher,student explores under castle,student explores under castle,True
3a28fb1e,unit,42.70,42.70,True
3a322ba8,gravity,9.93,9.93,True
3a36841a,gravity,51.56,51.56,True
3a3f05d5,bit,00011101,00011101,True
3a5c564c,roman,LXXVIII,LXXVIII,True
3a5e3516,gravity,17.79,17.79,True
3a61d8ad,bit,11111111,11111111,True
3a6286e9,symbol,,!{!$,False
3a67aa26,bit,,00101110,False
3a6a8eb9,bit,01000000,01000000,True
3a6e7b0b,gravity,96.14,96.14,True
3a72f760,bit,10101101,10101101,True
3a77dee7,gravity,24.33,24.33,True
3a7dd604,bit,,01001010,False
3a7fe2a6,symbol,,&)!,False
3a8a4ebc,symbol,,'54,False
3a8f53f6,roman,XXXVI,XXXVI,True
3a9032bc,gravity,6.63,6.63,True
3a90fdf6,bit,10100000,10100000,True
3a96bc9e,unit,77.58,77.57,False
3a9a89ef,cipher,bird writes crystal,bird writes crystal,True
3aa84029,cipher,mouse dreams the dark crystal,mouse dreams the dark crystal,True
3abae1d9,gravity,138.25,138.25,True
3abbb73b,gravity,11.70,11.7,False
3abe72f4,bit,,01111111,False
3ace787f,bit,,11111011,False
3acfa7a4,symbol,,6651,False
3ad042eb,bit,01010101,01010101,True
3ae5412e,cipher,the golden hatter chases,the golden hatter chases,True
3aec6985,bit,01000100,01000100,True
3aeee6cd,roman,XXXVIII,XXXVIII,True
3aef986b,unit,68.54,68.55,False
3b001c28,roman,XVII,XVII,True
3b02c66d,gravity,8.99,8.99,True
3b06ed13,roman,LXXIV,LXXIV,True
3b206148,symbol,,!>?,False
3b219cec,roman,XLI,XLI,True
3b2524dd,cipher,the dark mouse writes,the dark mouse writes,True
3b2e0cc3,symbol,,8,False
3b3f7d6f,unit,63.05,63.05,True
3b411a49,gravity,45.28,45.28,True
3b414f46,unit,14.79,14.79,True
3b48a251,unit,20.29,20.30,False
3b4ebafd,roman,IV,IV,True
3b51288b,symbol,,0592,False
3b52fe81,gravity,7.96,7.96,True
3b5d7527,cipher,princess explores under mountain,princess explores under mountain,True
3b5e1d94,roman,XLVII,XLVII,True
3b68fc1a,gravity,13.24,13.24,True
3b6caf26,roman,LXXXIV,LXXXIV,True
3b6db97b,unit,24.33,24.33,True
3b7148f6,symbol,,&&$,False
3b7b3de2,unit,21.83,21.83,True
3b7dab4c,bit,,11001111,False
3b7e71b2,symbol,,3285,False
3b7ec4a5,roman,LXXX,LXXX,True
3b92cc78,bit,00101001,00101001,True
3b97e6f6,symbol,,<,False
3b9e33f6,symbol,,501,False
3ba215ae,cipher,rabbit dreams around castle,rabbit dreams around castle,True
3ba34e97,cipher,alice studies puzzle,alice studies puzzle,True
3bb039f0,roman,LVIII,LVIII,True
3bbc5f94,gravity,24.36,24.36,True
3bcb7535,cipher,the strange turtle sees,the strange turtle sees,True
3bd56850,bit,01000100,01000100,True
3bda588a,bit,,10111111,False
3bdb85cf,bit,01000100,01000100,True
3bdda816,bit,00000001,00000001,True
3bdfadd2,unit,35.56,35.56,True
3bf05c35,symbol,,641,False
3bf0875d,symbol,,1065,False
3bfa64a7,cipher,student explores in village,student explores in village,True
3c002634,cipher,hatter chases above castle,hatter chases above castle,True
3c12aeb9,symbol,,321,False
3c15166f,roman,XXVII,XXVII,True
3c1d3e96,cipher,wizard studies the mysterious treasure,wizard studies the mysterious treasure,True
3c2cdde5,roman,LXXX,LXXX,True
3c3348b1,roman,LII,LII,True
3c424916,symbol,,9351,False
3c50cd10,unit,78.72,78.72,True
3c53c8af,gravity,20.03,20.03,True
3c560935,gravity,6.83,6.83,True
3c58cf62,bit,11111111,11111111,True
3c67081b,roman,XCVII,XCVII,True
3c7f757f,unit,28.30,28.30,True
3c8a4e7c,symbol,,615,False
3c8d38bc,unit,10.89,10.89,True
3c9b8e0e,bit,,00111101,False
3cb3fd89,symbol,,[[&],False
3cbc472a,roman,LXXIX,LXXIX,True
3cc03e36,symbol,,}|(#,False
3ccc8840,unit,24.96,24.96,True
3cd55960,unit,26.26,26.26,True
3cd80c64,bit,01100100,01100100,True
3cee428b,gravity,12.81,12.81,True
3cf0f8cc,symbol,,%,False
3cfc5f9c,bit,01110111,01110111,True
3cff3de2,unit,32.97,32.97,True
3d0322e6,gravity,42.94,42.94,True
3d135d03,gravity,95.12,95.12,True
3d1fa758,roman,I,I,True
3d24aef4,bit,10100101,10100101,True
3d25d502,unit,24.59,24.59,True
3d2a57eb,gravity,105.73,105.73,True
3d2cb38a,symbol,,}{,False
3d40a271,symbol,,:/>{,False
3d453d61,unit,58.16,58.17,False
3d49987a,roman,XLIV,XLIV,True
3d508e3b,roman,XLIX,XLIX,True
3d6a080f,gravity,36.04,36.04,True
3d6df80f,bit,00000111,00000111,True
3d70f1c5,unit,53.55,53.55,True
3d7176ac,gravity,10.65,10.65,True
3d80f21e,roman,VII,VII,True
3d81acc5,cipher,knight writes the colorful map,knight writes the colorful map,True
3d8e6b03,bit,01111000,01111000,True
3d92aac9,bit,00001111,00001111,True
3d9b455a,cipher,the golden dragon writes,the golden dragon writes,True
3d9b6891,roman,LXVI,LXVI,True
3da50553,cipher,bird follows beyond forest,bird follows beyond forest,True
3dab8c47,unit,4.07,4.07,True
3daf5caa,cipher,rabbit chases garden,rabbit chases garden,True
3db042cf,cipher,the magical queen dreams,the magical queen dreams,True
3dbbbe28,gravity,111.10,111.1,False
3dc918eb,bit,01101111,01101111,True
3dcaf042,unit,36.03,36.02,False
3dcc0195,bit,11011011,11011011,True
3dce464f,unit,37.36,37.36,True
3dcf15e1,gravity,106.68,106.68,True
3dcf9cc3,roman,XCVIII,XCVIII,True
3dd50b34,roman,LXXIII,LXXIII,True
3dd5fcd2,gravity,52.27,52.28,False
3e000b40,bit,01101100,01101100,True
3e05b66d,cipher,alice studies secret,alice studies secret,True
3e12f583,unit,45.71,45.71,True
3e169057,gravity,140.25,140.26,False
3e16fb9f,unit,41.02,41.02,True
3e185a44,gravity,88.43,88.43,True
3e1f5c42,gravity,223.09,223.09,True
3e26fa1b,unit,68.71,68.71,True
3e2af93e,cipher,mouse reads the bright door,mouse reads the bright door,True
3e42c4f9,symbol,,2,False
3e46f10f,gravity,18.53,18.52,False
3e4fdced,gravity,79.55,79.55,True
3e530aad,roman,XVI,XVI,True
3e5c7d9b,symbol,,-(|,False
3e60d8bf,cipher,princess imagines the secret book,princess imagines the secret book,True
3e6a529c,unit,47.48,47.48,True
3e6d976b,roman,LXXXVII,LXXXVII,True
3e7e15d4,roman,XVIII,XVIII,True
3e847951,bit,10110010,10110010,True
3e94aea4,unit,91.38,91.38,True
3e953bd6,bit,,00100111,False
3ea413e6,gravity,11.44,11.44,True
3ebd80e6,bit,,00011010,False
3ebf5ff5,gravity,85.47,85.47,True
3ec3f1b4,bit,,10111011,False
3ec77e36,symbol,,601,False
3edb9ef7,cipher,the strange hatter reads,the strange hatter reads,True
3edf8317,roman,LXV,LXV,True
3ee2b186,gravity,14.93,14.93,True
3ee352fa,unit,12.18,12.18,True
3ee36e0a,symbol,,-51,False
3ef556a2,roman,LVII,LVII,True
3ef9ab02,symbol,,-%],False
3efc46c1,symbol,,3964,False
3f0bc304,roman,LXVIII,LXVIII,True
3f1b05f3,bit,11100011,11100011,True
3f28c4a1,unit,3.72,3.72,True
3f37b894,unit,68.30,68.30,True
3f448c05,roman,LXXIX,LXXIX,True
3f4c03c0,roman,LXIX,LXIX,True
3f4f7b9b,bit,01111111,01111111,True
3f57fc9e,cipher,knight discovers near library,knight discovers near library,True
3f67321d,symbol,,"}""[}",False
3f6899a5,unit,61.09,61.08,False
3f8b1958,unit,56.72,56.72,True
3f8d5299,symbol,,^\>,False
3f93c370,bit,,10100010,False
3f9476f0,unit,19.50,19.50,True
3f953fe9,roman,LXXVIII,LXXVIII,True
3f9bd1e7,bit,00000000,00000000,True
3fa49035,symbol,,696,False
3faf4a36,cipher,wizard writes forest,wizard writes forest,True
3fc076e3,unit,48.21,48.21,True
3fc1c520,unit,10.55,10.55,True
3fc7d19e,cipher,the bright bird explores,the bright bird explores,True
3fc9f3f5,roman,XXXVII,XXXVII,True
3fca2abc,roman,LXXIII,LXXIII,True
3fd617e5,bit,,00001111,False
3fd7e4d6,roman,XXXII,XXXII,True
3fdc3de7,bit,11100001,11100001,True
3fded912,roman,XCVII,XCVII,True
3feeabea,bit,10010010,10010010,True
3ff1ae35,bit,10101010,10101010,True
3ff1ea92,gravity,105.09,105.09,True
3ff733ef,cipher,cat reads potion,cat reads potion,True
4001b78e,gravity,59.14,59.14,True
4005e4c7,bit,00000000,00000000,True
4009ae3e,unit,14.68,14.68,True
400c9250,bit,01001110,01001110,True
4011d4e5,symbol,,1483,False
4012ef57,roman,XCI,XCI,True
4020e3cc,gravity,74.78,74.78,True
4024acac,bit,00000000,00000000,True
4026447b,roman,LII,LII,True
4027a3ae,cipher,student reads puzzle,student reads puzzle,True
402ea488,bit,01010001,01010001,True
4032cd69,gravity,49.82,49.82,True
40400f33,bit,,11110001,False
404cffae,unit,55.15,55.15,True
404f84df,gravity,134.01,134.01,True
40509ae1,roman,XCIX,XCIX,True
405262aa,bit,00000100,00000100,True
4059e1a5,bit,,00000111,False
40632c79,cipher,student reads the secret puzzle,student reads the secret puzzle,True
406a4416,unit,20.02,20.01,False
40700056,cipher,alice draws castle,alice draws castle,True
40979402,cipher,rabbit found forest,rabbit found forest,True
4099319d,bit,01100001,01100001,True
4099f492,roman,LIV,LIV,True
40ad5039,gravity,38.34,38.34,True
40b0233b,cipher,mouse watches the ancient crystal,mouse watches the ancient crystal,True
40ba1b6f,symbol,,$(,False
40c53743,symbol,,7963,False
40c70773,cipher,king reads castle,king reads castle,True
40d98aca,cipher,rabbit found the strange secret,rabbit found the strange secret,True
40efd15f,unit,6.37,6.37,True
40fe6e49,cipher,the ancient bird follows,the ancient bird follows,True
410837d0,bit,00101101,00101101,True
410a5cbd,bit,11111100,11111100,True
41155960,roman,LXX,LXX,True
411a11d5,gravity,72.05,72.05,True
411f2872,cipher,dragon sees through garden,dragon sees through garden,True
41206c8a,cipher,the curious knight imagines,the curious knight imagines,True
412186a6,bit,00000111,00000111,True
41281e41,unit,22.17,22.18,False
412a209f,symbol,,3032,False
412fba4c,gravity,111.15,111.15,True
41300ad0,cipher,the colorful mouse found,the colorful mouse found,True
413086bc,bit,10110011,10110011,True
41331934,unit,16.24,16.24,True
413d1b7a,roman,XII,XII,True
4145ec70,bit,,11000111,False
414c2259,unit,11.19,11.19,True
414f87c2,cipher,the colorful dragon discovers,the colorful dragon discovers,True
41554020,symbol,,?:,False
415910a5,gravity,58.24,58.24,True
415ba721,roman,IV,IV,True
4166067c,bit,01110110,01110110,True
41671d43,bit,11011111,11011111,True
4176d785,unit,45.13,45.13,True
4179c322,symbol,,-6,False
418895f5,symbol,,1243,False
418aedaf,roman,XXXVI,XXXVI,True
4195699e,bit,01100000,01100000,True
41a0797d,roman,LXXV,LXXV,True
41a344c7,roman,XI,XI,True
41a702a8,bit,,10000101,False
41a8a9f0,symbol,,"|""`>",False
41ac5119,roman,XXVI,XXVI,True
41b892f7,cipher,teacher dreams puzzle,teacher dreams puzzle,True
41babefd,symbol,,127,False
41beb86c,bit,01010000,01010000,True
41d02358,gravity,19.15,19.15,True
41d26d0e,unit,8.86,8.86,True
41dc6441,cipher,hatter found beyond palace,hatter found beyond palace,True
41e6cbfc,symbol,,9318,False
41ea3fca,cipher,mouse creates puzzle,mouse creates puzzle,True
41ec1ace,cipher,wizard found around garden,wizard found around garden,True
41f134ff,unit,35.08,35.08,True
41f574f5,bit,10100000,10100000,True
41fac383,cipher,the silver teacher dreams,the silver teacher dreams,True
41fafef0,roman,XI,XI,True
420594b0,unit,64.65,64.65,True
420648ce,roman,LXXXI,LXXXI,True
42068cf8,cipher,turtle studies through mountain,turtle studies through mountain,True
420d5352,symbol,,&?,False
420ea7ee,unit,59.30,59.30,True
4210f55a,roman,II,II,True
42116e6e,bit,00000000,00000000,True
42153944,roman,VII,VII,True
421cb2a3,unit,12.40,12.40,True
42299964,unit,83.28,83.29,False
422bc5b4,symbol,,7,False
423a75de,roman,LXXIII,LXXIII,True
423cc0d5,cipher,king follows the colorful puzzle,king follows the colorful puzzle,True
4245e455,symbol,,-92,False
4246eb0b,gravity,7.62,7.62,True
424b50d1,symbol,,/]|&,False
42553fde,symbol,,77,False
4265fac8,gravity,11.01,11.01,True
42691ce6,cipher,wizard found the secret potion,wizard found the secret potion,True
42716da3,roman,X,X,True
427a095d,roman,XXXVI,XXXVI,True
427ba852,symbol,,2214,False
427d4619,unit,50.46,50.46,True
427d5643,cipher,alice studies the silver puzzle,alice studies the silver puzzle,True
428a7e80,unit,28.48,28.48,True
4290fdab,roman,XXV,XXV,True
4292f351,gravity,53.62,53.62,True
429feb7b,roman,LXXIX,LXXIX,True
42a048bd,roman,LXXXIX,LXXXIX,True
42abd32f,roman,C,C,True
42bde66c,symbol,,>),False
42c48e76,roman,XLIX,XLIX,True
42cb233d,symbol,,881,False
42d4dcf7,symbol,,91,False
42dd5593,cipher,knight sees the hidden message,knight sees the hidden message,True
42e06571,cipher,knight sees the golden key,knight sees the golden key,True
42e10376,bit,00001100,00001100,True
42e9ad95,cipher,the golden cat sees,the golden cat sees,True
42ebc277,cipher,teacher watches story,teacher watches story,True
42fee270,gravity,144.73,144.73,True
430c206d,unit,31.62,31.62,True
4313506c,cipher,dragon found the clever key,dragon found the clever key,True
431b5993,bit,11010000,11010000,True
431b740e,unit,72.02,72.02,True
431c8582,unit,27.22,27.22,True
432b1110,symbol,,%[:?,False
432df718,gravity,120.56,120.56,True
43306a6a,roman,XXXII,XXXII,True
433095b1,cipher,rabbit found beyond tower,rabbit found beyond tower,True
433e671c,cipher,student watches the wise story,student watches the wise story,True
434ca68a,symbol,,%&&,False
4350015c,symbol,,6461,False
4353cd0b,bit,00100001,00100001,True
4357f006,unit,20.75,20.75,True
4358c014,gravity,55.31,55.31,True
435cf017,gravity,61.98,61.98,True
43674aea,symbol,,}#>,False
436cc2ef,gravity,6.16,6.16,True
437acd17,gravity,15.41,15.41,True
43837c5b,symbol,,4572,False
43838649,gravity,16.28,16.28,True
43980e72,symbol,,64,False
439c723a,gravity,14.48,14.48,True
439f39b0,cipher,the wise student creates,the wise student creates,True
43a5b607,roman,V,V,True
43ac121f,symbol,,-!],False
43b4dd75,cipher,princess chases under castle,princess chases under castle,True
43b6585b,roman,XVII,XVII,True
43b9343e,bit,00001011,00001011,True
43b99177,unit,2.83,2.83,True
43cb0f5a,roman,LXXXIV,LXXXIV,True
43d2b2a6,gravity,29.00,29.0,False
43d3fe37,gravity,29.11,29.11,True
43e2cb66,roman,XCIII,XCIII,True
43f1b0b2,unit,61.55,61.55,True
43f723c2,roman,LXXVIII,LXXVIII,True
4407deeb,roman,XXXVII,XXXVII,True
44166b63,unit,29.00,29.00,True
4417bd1e,roman,XV,XV,True
44398869,symbol,,5913,False
443adb63,gravity,14.52,14.52,True
44405d5d,cipher,rabbit chases through island,rabbit chases through island,True
4440e09b,gravity,26.38,26.38,True
44415184,gravity,12.04,12.04,True
44471d06,bit,00111001,00111001,True
444ca75d,roman,XXXII,XXXII,True
4460355a,cipher,alice writes under tower,alice writes under tower,True
4460d62d,roman,LXVI,LXVI,True
446e6bc9,cipher,the hidden queen reads,the hidden queen reads,True
446fa429,roman,LXI,LXI,True
44719fbe,gravity,72.10,72.1,False
447a2756,roman,XXI,XXI,True
44887d2a,gravity,33.67,33.67,True
448d808e,gravity,19.80,19.8,False
44a05272,roman,XCIII,XCIII,True
44a43f6c,unit,35.17,35.17,True
44a57762,symbol,,5011,False
44a5d760,cipher,the hidden student imagines,the hidden student imagines,True
44c12875,gravity,112.79,112.8,False
44c25aec,unit,8.88,8.88,True
44c71228,gravity,146.33,146.33,True
44cbca9c,gravity,18.38,18.38,True
44dbe7d3,gravity,75.15,75.15,True
44e22bad,roman,LXXXVIII,LXXXVIII,True
44e69b7e,symbol,,119,False
44e719f9,unit,22.65,22.65,True
44f01279,cipher,alice follows the silver mirror,alice follows the silver mirror,True
44f7359a,roman,LXXIII,LXXIII,True
44fb2f96,bit,,11001110,False
45009147,roman,XV,XV,True
45076dc9,symbol,,6,False
4510a429,bit,11111111,11111111,True
4513f03e,gravity,110.13,110.13,True
451a85d7,roman,XXX,XXX,True
45206b76,roman,LX,LX,True
452b0241,unit,20.72,20.72,True
452ea3df,roman,XIX,XIX,True
4530aff6,symbol,,111,False
45378f59,bit,11000010,11000010,True
45425563,cipher,the hidden hatter writes,the hidden hatter writes,True
454976da,unit,20.79,20.80,False
45582be0,symbol,,104,False
455b6b61,bit,00111011,00111011,True
457592c4,gravity,17.40,17.4,False
4575c0a2,bit,10011010,10011010,True
4588b3d0,cipher,mouse writes book,mouse writes book,True
458b8092,unit,61.98,61.98,True
45a0ccde,unit,28.16,28.16,True
45ae41c8,bit,,11011101,False
45bc0187,bit,00000000,00000000,True
45bf0550,roman,XXXV,XXXV,True
45c0e0a1,roman,XXXV,XXXV,True
45c156ec,gravity,24.91,24.91,True
45da0a33,bit,11110011,11110011,True
45dbc1cc,symbol,,-35,False
45df54db,symbol,,64,False
45dfb84f,bit,00011101,00011101,True
45e670b7,roman,LXVII,LXVII,True
45eede64,unit,52.86,52.86,True
45f238f1,unit,36.08,36.08,True
45f32158,roman,LXXXIV,LXXXIV,True
45f536ce,roman,XXI,XXI,True
45f985eb,unit,62.06,62.06,True
45fa274d,cipher,bird draws the curious treasure,bird draws the curious treasure,True
4601649f,gravity,93.92,93.92,True
4607303c,roman,V,V,True
4612258e,symbol,,-[!,False
4619d917,unit,9.73,9.73,True
46219232,unit,13.91,13.91,True
4626d641,symbol,,"@>"")",False
46284574,roman,LXXV,LXXV,True
462e3277,cipher,teacher discovers near palace,teacher discovers near palace,True
465a990c,symbol,,:,False
46614702,gravity,48.82,48.82,True
46674e34,roman,XL,XL,True
466ad340,symbol,,-#$,False
467dac39,unit,79.31,79.31,True
4684abe0,symbol,,-12,False
4688f0fa,gravity,47.86,47.86,True
468bf9fc,symbol,,>!%,False
468ea73b,cipher,bird writes the wise castle,bird writes the wise castle,True
4694c386,gravity,111.42,111.42,True
46951896,cipher,mouse found under cave,mouse found under cave,True
4697ae5c,roman,XIV,XIV,True
46a8a0fc,gravity,39.70,39.7,False
46ae00b4,bit,11100010,11100010,True
46b12e69,roman,XXVI,XXVI,True
46b69bca,unit,26.75,26.75,True
46c0e367,symbol,,##[,False
46c21917,gravity,87.07,87.07,True
46ca6181,gravity,77.08,77.08,True
46d45779,unit,25.30,25.30,True
46dd0f22,bit,01010000,01010000,True
46f684d9,unit,13.15,13.15,True
46f8f53b,gravity,55.82,55.82,True
46fcfa9c,symbol,,-@?,False
46fee0ee,gravity,120.05,120.05,True
4704e9e3,unit,9.42,9.42,True
4707a5ad,gravity,106.53,106.53,True
47104fe0,roman,XVIII,XVIII,True
4714458f,roman,XCIV,XCIV,True
471dd348,gravity,5.83,5.83,True
4723911c,bit,00101010,00101010,True
4724b23b,gravity,7.75,7.75,True
4732c53f,bit,,01001010,False
47366481,cipher,cat reads puzzle,cat reads puzzle,True
4736daab,bit,01000111,01000111,True
473d9dc5,roman,XIX,XIX,True
4740c20c,bit,00000000,00000000,True
474af332,bit,10000000,10000000,True
474b7f22,unit,60.61,60.61,True
47503c66,gravity,77.57,77.57,True
47524987,symbol,,]?:,False
476f0bb7,roman,LXXVI,LXXVI,True
47720c17,bit,,10001110,False
4773a00a,unit,9.06,9.06,True
4789fb9c,gravity,32.25,32.25,True
4798cfa9,gravity,32.06,32.06,True
47998fb4,bit,00111100,00111100,True
479e567f,roman,XXXIX,XXXIX,True
479e86b4,gravity,20.10,20.1,False
47a196a5,gravity,53.15,53.15,True
47a42bf5,gravity,46.32,46.32,True
47a5c4f4,bit,,11100001,False
47a5c5a1,unit,69.13,69.13,True
47adbc85,cipher,mouse writes the dark treasure,mouse writes the dark treasure,True
47bf2d74,roman,XC,XC,True
47c1d8f5,symbol,,]%],False
47c1df37,unit,31.15,31.15,True
47c368d8,symbol,,851,False
47c7c193,cipher,hatter writes the bright book,hatter writes the bright book,True
47d45654,cipher,the secret queen creates,the secret queen creates,True
47d8ec9d,cipher,cat reads in cave,cat reads in cave,True
47dc6570,symbol,,22,False
47e63612,gravity,60.89,60.89,True
47eeca75,gravity,26.67,26.67,True
47ef4f7e,unit,32.78,32.78,True
47faec12,roman,XVIII,XVIII,True
480779d8,gravity,9.86,9.86,True
480997bb,unit,72.37,72.37,True
4814bbd2,gravity,17.01,17.01,True
48194d70,symbol,,^[#|,False
48266347,unit,80.17,80.17,True
482b84d2,cipher,dragon imagines the dark map,dragon imagines the dark map,True
482d0ff2,cipher,queen sees map,queen sees map,True
4833946a,unit,60.65,60.65,True
4833ba87,gravity,9.74,9.74,True
484075a4,cipher,the clever mouse dreams,the clever mouse dreams,True
48515906,gravity,65.37,65.37,True
4860cd48,gravity,24.00,24.0,False
486b3c3f,gravity,85.48,85.48,True
48713d64,unit,56.41,56.41,True
487528d5,roman,LVIII,LVIII,True
487ae36f,gravity,81.96,81.95,False
487bcdac,cipher,the mysterious hatter draws,the mysterious hatter draws,True
487f62c4,gravity,97.97,97.97,True
48817fa0,symbol,,##:%,False
4895b955,symbol,,4796,False
489ffff9,gravity,8.58,8.58,True
48a5b6e8,roman,LXX,LXX,True
48ae04f6,bit,00000010,00000010,True
48ae115d,symbol,,\[@`,False
48c25e0e,symbol,,53,False
48c49778,gravity,38.44,38.44,True
48ca9a81,roman,VII,VII,True
48cd9139,cipher,student dreams map,student dreams map,True
48d20d0e,roman,XVI,XVI,True
48db5ccf,bit,01101110,01101110,True
48ded5e8,bit,00000101,00000101,True
48eb12dd,gravity,138.26,138.26,True
48ef22ca,gravity,103.56,103.56,True
48f7eda6,cipher,bird reads puzzle,bird reads puzzle,True
4902d607,roman,XXXI,XXXI,True
490884a0,cipher,knight follows under castle,knight follows under castle,True
49109864,roman,VI,VI,True
491b8ea5,symbol,,)!,False
491e3793,bit,,10110011,False
4925c815,cipher,king creates around ocean,king creates around ocean,True
492bef35,roman,LXXII,LXXII,True
492fa295,cipher,princess found the dark crystal,princess found the dark crystal,True
4931f8f6,roman,XXI,XXI,True
49322650,roman,XVIII,XVIII,True
493b0817,bit,,10101111,False
493c1c83,roman,II,II,True
4943b661,unit,25.15,25.15,True
4946ba02,unit,22.02,22.03,False
494e04ae,bit,11000111,11000111,True
494f4331,roman,XLIX,XLIX,True
4955726d,cipher,princess sees through tower,princess sees through tower,True
49578b02,symbol,,39,False
4957e554,unit,24.39,24.39,True
495d0bf6,gravity,16.16,16.16,True
49699136,symbol,,#52,False
49743645,symbol,,1396,False
497953ab,cipher,turtle writes the strange forest,turtle writes the strange forest,True
498083ff,bit,,01111011,False
49824755,cipher,student chases through forest,student chases through forest,True
498d71dc,cipher,the colorful mouse watches,the colorful mouse watches,True
49919931,symbol,,32,False
49991cf5,unit,42.49,42.49,True
499b6f06,roman,VIII,VIII,True
499c7735,bit,10011001,10011001,True
49a13c0b,gravity,30.44,30.44,True
49ac9daf,symbol,,27,False
49b244e3,cipher,king watches the bright crystal,king watches the bright crystal,True
49b4323f,cipher,teacher imagines message,teacher imagines message,True
49b5ead6,bit,10111110,10111110,True
49bc1b7b,symbol,,681,False
49c25b28,cipher,cat imagines near palace,cat imagines near palace,True
49c79cfa,gravity,91.97,91.97,True
49d98ccc,roman,XXXI,XXXI,True
49f1c4dc,cipher,the ancient knight chases,the ancient knight chases,True
49f6975c,cipher,king studies through mountain,king studies through mountain,True
49f6ba46,symbol,,``,False
49fb46e8,bit,01001110,01001110,True
4a02017f,symbol,,'&},False
4a085720,unit,40.13,40.13,True
4a0a0c84,cipher,wizard writes map,wizard writes map,True
4a0b1e96,gravity,197.56,197.56,True
4a0dd54e,cipher,dragon draws above island,dragon draws above island,True
4a11d42d,cipher,the silver hatter studies,the silver hatter studies,True
4a1d0740,cipher,queen draws through wonderland,queen draws through wonderland,True
4a29c80c,cipher,king writes secret,king writes secret,True
4a30dd44,cipher,rabbit chases puzzle,rabbit chases puzzle,True
4a374160,bit,00000110,00000110,True
4a38c4e6,gravity,7.91,7.91,True
4a3cf7be,unit,8.15,8.15,True
4a3e25a7,gravity,60.92,60.92,True
4a4fc4db,cipher,teacher dreams beyond wonderland,teacher dreams beyond wonderland,True
4a54b3b4,unit,13.18,13.18,True
4a550d12,cipher,the secret wizard imagines,the secret wizard imagines,True
4a569495,symbol,,47,False
4a573530,cipher,cat follows mirror,cat follows mirror,True
4a6cbc9e,unit,54.40,54.40,True
4a7f0ede,roman,LXVIII,LXVIII,True
4a8eafe3,symbol,,5705,False
4a940571,cipher,hatter studies the wise castle,hatter studies the wise castle,True
4a9ee0b5,unit,37.37,37.37,True
4aa596ae,roman,LXI,LXI,True
4aa837c4,cipher,the curious princess explores,the curious princess explores,True
4aabfc3b,symbol,,17,False
4abb7194,roman,LXI,LXI,True
4abe4a51,cipher,princess watches the bright map,princess watches the bright map,True
4abfaa9f,gravity,148.05,148.05,True
4ac1279b,roman,LXXI,LXXI,True
4ac135be,gravity,26.15,26.15,True
4ac66b18,unit,12.88,12.88,True
4ac6f0cb,bit,10100101,10100101,True
4ad6f14b,cipher,bird found in wonderland,bird found in wonderland,True
4ada9150,bit,01111011,01111011,True
4adb673f,unit,18.63,18.63,True
4aeed935,symbol,,1455,False
4af42bde,cipher,cat found the magical garden,cat found the magical garden,True
4b15b4f2,roman,XIX,XIX,True
4b257a7e,cipher,king draws above castle,king draws above castle,True
4b39e8d5,gravity,200.04,200.04,True
4b4984a0,roman,LXVII,LXVII,True
4b4f1779,bit,10010110,10010110,True
4b52b575,bit,10000100,10000100,True
4b5860cc,roman,III,III,True
4b5d1af0,unit,34.20,34.20,True
4b5d3ac2,unit,24.22,24.22,True
4b628577,bit,00100110,00100110,True
4b68c0aa,cipher,king explores mirror,king explores mirror,True
4b6f13bc,roman,LX,LX,True
4b70414e,symbol,,1913,False
4b7c076e,symbol,,#{$,False
4b86e0bb,bit,01011101,01011101,True
4b894fde,cipher,the colorful hatter draws,the colorful hatter draws,True
4b8f6727,bit,,11010110,False
4b925449,bit,10111010,10111010,True
4b9500ec,unit,36.13,36.13,True
4b97377e,gravity,79.20,79.2,False
4b9e883a,gravity,108.43,108.43,True
4ba4a7ec,bit,01111111,01111111,True
4bb7eecb,cipher,hatter discovers inside island,hatter discovers inside island,True
4bb8c6cd,symbol,,]}\!,False
4bc2ac16,cipher,rabbit dreams the ancient map,rabbit dreams the ancient map,True
4bc4eb22,unit,50.19,50.19,True
4bc6e6b5,symbol,,67,False
4bc71cde,roman,LXXIX,LXXIX,True
4bc9f43a,roman,LXII,LXII,True
4bdba7e1,unit,80.51,80.51,True
4be63499,cipher,queen found inside village,queen found inside village,True
4bef9829,gravity,62.56,62.56,True
4bfd095a,symbol,,{<<<,False
4bfe59fd,unit,6.10,6.10,True
4bff6780,bit,11001111,11001111,True
4c06f388,bit,,00100110,False
4c08bafb,unit,46.36,46.37,False
4c16bdc0,roman,XLVIII,XLVIII,True
4c1962eb,cipher,teacher dreams crystal,teacher dreams crystal,True
4c19c1cb,symbol,,0774,False
4c1c674f,roman,XVII,XVII,True
4c21b471,unit,83.02,83.02,True
4c237bf3,bit,10000011,10000011,True
4c23d822,bit,01100000,01100000,True
4c301197,roman,XIV,XIV,True
4c304942,gravity,146.13,146.13,True
4c327b55,bit,11011100,11011100,True
4c34cc0a,gravity,8.47,8.47,True
4c3bbc4b,unit,39.86,39.86,True
4c3c612c,unit,12.18,12.18,True
4c47ddd8,unit,14.01,14.01,True
4c51ee8a,roman,XXXIV,XXXIV,True
4c57a53f,symbol,,[4,False
4c5922ab,roman,XVIII,XVIII,True
4c63a372,cipher,hatter draws secret,hatter draws secret,True
4c6b2b37,bit,00100100,00100100,True
4c6cf9d9,symbol,,63,False
4c718602,gravity,92.72,92.71,False
4c7ed129,cipher,the curious student chases,the curious student chases,True
4c8182b0,bit,10001100,10001100,True
4c8fbdda,roman,LXII,LXII,True
4cab24aa,roman,XXXII,XXXII,True
4cacc264,cipher,bird chases the colorful forest,bird chases the colorful forest,True
4cae71c7,gravity,32.19,32.19,True
4cb5e927,symbol,,-20,False
4ccc4137,cipher,mouse explores beyond wonderland,mouse explores beyond wonderland,True
4ccf511a,bit,,00000011,False
4cd390ad,roman,LVI,LVI,True
4cd4cbb7,gravity,106.74,106.74,True
4cdb6666,roman,XC,XC,True
4ce156ee,unit,71.89,71.89,True
4ce53a68,roman,XXIX,XXIX,True
4cea23b9,roman,XCV,XCV,True
4cec2a02,unit,37.65,37.65,True
4cec672c,cipher,princess reads potion,princess reads potion,True
4ced75d3,roman,XLIX,XLIX,True
4cf073bf,symbol,,08,False
4cf5c6c2,roman,XXXIV,XXXIV,True
4d04ce0c,symbol,,&:?,False
4d1ae327,symbol,,&42,False
4d1c6ed4,gravity,66.26,66.26,True
4d20d5c5,bit,00101001,00101001,True
4d25c40e,unit,32.73,32.73,True
4d391f8a,gravity,34.97,34.97,True
4d39d098,symbol,,7434,False
4d3b5362,roman,VI,VI,True
4d4ff951,roman,XIV,XIV,True
4d52d243,roman,XXV,XXV,True
4d553c01,gravity,115.98,115.98,True
4d583fd7,bit,00111111,00111111,True
4d6ab936,unit,45.91,45.90,False
4d6c8f9d,cipher,teacher creates the mysterious potion,teacher creates the mysterious potion,True
4d714623,symbol,,107,False
4d71da81,cipher,wizard writes the bright crystal,wizard writes the bright crystal,True
4d7d29ca,unit,13.63,13.63,True
4d7e6eac,cipher,alice dreams secret,alice dreams secret,True
4d81ccf0,cipher,teacher dreams the mysterious book,teacher dreams the mysterious book,True
4d8bcaa8,cipher,hatter sees above village,hatter sees above village,True
4d8df95b,symbol,,),False
4d8f8111,symbol,,7601,False
4d92de08,symbol,,819,False
4da033da,gravity,54.48,54.49,False
4dad0858,cipher,the ancient cat found,the ancient cat found,True
4db54201,cipher,turtle reads story,turtle reads story,True
4dbb8138,bit,00000000,00000000,True
4dbec546,symbol,,611,False
4dc0c34d,cipher,the hidden princess reads,the hidden princess reads,True
4dcc1844,symbol,,83,False
4dcd1b40,symbol,,`:{,False
4dd131c2,cipher,the colorful dragon imagines,the colorful dragon imagines,True
4dd98412,cipher,dragon watches garden,dragon watches garden,True
4ddff177,cipher,queen reads through ocean,queen reads through ocean,True
4de466bf,symbol,,^[,False
4ded2d5e,unit,25.88,25.88,True
4df01584,symbol,,1935,False
4dfe46a4,gravity,5.97,5.97,True
4e00d99b,gravity,64.00,63.99,False
4e01d71a,gravity,74.64,74.64,True
4e0c6eef,unit,11.12,11.11,False
4e126c61,gravity,144.74,144.74,True
4e177b84,roman,LXXXVI,LXXXVI,True
4e1a4d0e,cipher,dragon watches through forest,dragon watches through forest,True
4e22cb8f,roman,XCIV,XCIV,True
4e252ad0,roman,XLVIII,XLVIII,True
4e27b6d2,gravity,49.18,49.18,True
4e28b132,symbol,,:},False
4e2a7ef6,gravity,134.41,134.41,True
4e3d1b8f,unit,15.22,15.22,True
4e4424d5,bit,,00101111,False
4e4fb429,bit,10111110,10111110,True
4e5df314,bit,00100010,00100010,True
4e5fa95b,symbol,,86,False
4e67b066,symbol,,-{^,False
4e694caf,unit,47.04,47.03,False
4e756f32,gravity,186.28,186.29,False
4e7d1773,symbol,,^:?:,False
4e7e64a2,symbol,,?&?%,False
4e840a1a,symbol,,38,False
4e8982d6,symbol,,/@:,False
4e918d82,bit,11101001,11101001,True
4e9494ac,unit,51.61,51.61,True
4ea59c57,gravity,98.07,98.07,True
4ea6a193,roman,LXXI,LXXI,True
4eb35644,cipher,the clever teacher watches,the clever teacher watches,True
4eb990f6,bit,00000001,00000001,True
4ebda101,roman,XXXVIII,XXXVIII,True
4ebf50bd,bit,10110100,10110100,True
4ec611d7,bit,00011110,00011110,True
4ecacf23,unit,23.81,23.81,True
4ed6b56f,symbol,,"(""/""",False
4ed8b06a,gravity,146.29,146.29,True
4ee23115,bit,00100010,00100010,True
4ee88170,bit,00100010,00100010,True
4ef3d311,bit,00000001,00000001,True
4ef4c666,roman,LVIII,LVIII,True
4ef4e95f,unit,13.22,13.22,True
4ef565f3,roman,XXXV,XXXV,True
4ef88f92,bit,,01010111,False
4efe5c16,unit,19.81,19.81,True
4f01e7b4,unit,8.76,8.76,True
4f06e1c0,symbol,,351,False
4f06eee8,unit,40.34,40.34,True
4f0b3c51,cipher,queen draws the strange castle,queen draws the strange castle,True
4f0e0273,symbol,,5022,False
4f115811,cipher,turtle imagines the curious door,turtle imagines the curious door,True
4f18e167,roman,V,V,True
4f19e09b,gravity,111.96,111.96,True
4f2351e5,symbol,,<`,False
4f27a061,bit,00011110,00011110,True
4f655edc,gravity,101.13,101.14,False
4f660f4b,symbol,,6554,False
4f67918e,cipher,turtle creates near tower,turtle creates near tower,True
4f68fa80,cipher,wizard studies the wise puzzle,wizard studies the wise puzzle,True
4f79d075,cipher,alice dreams inside library,alice dreams inside library,True
4f8039dc,cipher,mouse explores the hidden mirror,mouse explores the hidden mirror,True
4f80d363,bit,,01101110,False
4f842c6a,gravity,28.27,28.27,True
4f8571a3,cipher,king follows through village,king follows through village,True
4f89532c,bit,10001011,10001011,True
4f8d87f5,roman,XIII,XIII,True
4f8da43f,symbol,,46,False
4f8f23d6,cipher,the ancient dragon studies,the ancient dragon studies,True
4f958913,gravity,20.53,20.53,True
4f95b83b,cipher,hatter creates message,hatter creates message,True
4fb6838e,bit,10000101,10000101,True
4fb6e382,bit,,11111101,False
4fbbafe5,cipher,queen sees inside tower,queen sees inside tower,True
4fd29059,symbol,,'%%[,False
4fe21caa,unit,16.92,16.92,True
4fe27d76,cipher,the secret wizard reads,the secret wizard reads,True
4fe5e805,gravity,157.28,157.28,True
4fed9e38,unit,61.81,61.82,False
4ff92c73,symbol,,62,False
4ffe5132,unit,64.66,64.66,True
50070c1d,gravity,102.41,102.41,True
500ec799,cipher,cat explores door,cat explores door,True
50126dab,roman,LVI,LVI,True
50153aff,gravity,25.60,25.6,False
501cec83,gravity,55.27,55.27,True
501e6f4f,gravity,148.67,148.67,True
5028d953,bit,00010000,00010000,True
5039d1a0,symbol,,041,False
50454e74,roman,X,X,True
5045ed9a,cipher,queen explores castle,queen explores castle,True
505eb388,unit,20.78,20.78,True
50630ad8,symbol,,$85,False
50748264,cipher,queen writes the strange secret,queen writes the strange secret,True
507c634f,gravity,147.16,147.16,True
508532aa,cipher,queen sees in palace,queen sees in palace,True
5088b475,bit,00010111,00010111,True
5092f0e0,roman,XXIX,XXIX,True
509fbcce,roman,XXXIV,XXXIV,True
50a0c4b6,bit,10111101,10111101,True
50a694de,symbol,,%],False
50a6d9d8,cipher,the silver bird explores,the silver bird explores,True
50abdbeb,cipher,king watches in garden,king watches in garden,True
50adc396,symbol,,931,False
50adfd54,symbol,,-75,False
50b5296a,roman,XCII,XCII,True
50ba5396,symbol,,\]]@,False
50c066b0,cipher,rabbit found the colorful message,rabbit found the colorful message,True
50c0b6f8,symbol,,921,False
50cd5357,unit,14.63,14.63,True
50d4b49a,roman,XXXVII,XXXVII,True
50e57462,bit,11100111,11100111,True
50ea5164,gravity,80.25,80.25,True
50eab1a0,gravity,133.55,133.55,True
50f2caf4,cipher,dragon draws in valley,dragon draws in valley,True
50f3be00,unit,14.40,14.40,True
50f8e2c0,symbol,,-22,False
50f95df5,roman,LIX,LIX,True
51007339,bit,10001110,10001110,True
5110365e,roman,XCIV,XCIV,True
51125e5e,roman,XIII,XIII,True
511560ac,gravity,53.91,53.91,True
5116e8ec,gravity,7.80,7.8,False
51174a9d,symbol,,[/<,False
51181706,symbol,,'[)\,False
5119d42d,gravity,24.47,24.48,False
511bb76a,bit,10000000,10000000,True
511eba58,gravity,46.36,46.36,True
5128831c,symbol,,&[$,False
512dd86d,bit,00000001,00000001,True
512e1118,bit,,11111110,False
512e2591,cipher,the magical mouse follows,the magical mouse follows,True
51309101,roman,C,C,True
51352792,symbol,,"`""<`",False
5144897d,symbol,,0,False
5147fe36,unit,25.79,25.79,True
514f5f12,gravity,6.41,6.41,True
514fb8df,cipher,teacher watches inside mountain,teacher watches inside mountain,True
5154e8c4,roman,XVII,XVII,True
5155003c,cipher,hatter dreams beyond forest,hatter dreams beyond forest,True
5156f5fa,cipher,the curious princess creates,the curious princess creates,True
5157c7ea,roman,LXXXII,LXXXII,True
5157ce3e,roman,XXVI,XXVI,True
515ebada,cipher,alice chases beyond library,alice chases beyond library,True
515feae7,unit,9.32,9.32,True
51643f4a,cipher,alice studies under library,alice studies under library,True
5164f026,cipher,teacher chases the mysterious treasure,teacher chases the mysterious treasure,True
51720f99,roman,XCII,XCII,True
517c7ec8,gravity,59.30,59.3,False
518244f1,cipher,cat dreams book,cat dreams book,True
5186f2d7,symbol,,\?!$,False
518b5063,roman,XXXVII,XXXVII,True
518d8529,symbol,,@75,False
518deb39,symbol,,$,False
51994791,unit,47.21,47.21,True
519b702d,unit,30.43,30.43,True
51a22965,unit,7.61,7.61,True
51a78467,bit,11000111,11000111,True
51a8fdd8,roman,XXV,XXV,True
51ac2b8c,gravity,113.81,113.81,True
51b9d95c,cipher,the wise mouse studies,the wise mouse studies,True
51c682af,cipher,queen sees door,queen sees door,True
51ccb149,gravity,210.86,210.86,True
51da0ee1,symbol,,:]:,False
51da116f,bit,00100000,00100000,True
51dafb5b,symbol,,9732,False
51decb6e,cipher,wizard studies the curious mirror,wizard studies the curious mirror,True
51f28386,cipher,wizard watches puzzle,wizard watches puzzle,True
51ff6cdb,gravity,124.69,124.69,True
5201041d,roman,VII,VII,True
520b6879,unit,35.61,35.61,True
522058b9,bit,11010000,11010000,True
522c0009,unit,13.25,13.25,True
522cc588,cipher,mouse found near village,mouse found near village,True
522f94ac,cipher,the dark dragon follows,the dark dragon follows,True
52363caa,gravity,28.83,28.83,True
52381a0f,roman,C,C,True
52395e9a,symbol,,#!%\,False
52421abf,cipher,knight watches mirror,knight watches mirror,True
524b744b,bit,,11111011,False
524cb5c6,symbol,,$>>\,False
524fb211,roman,LXXII,LXXII,True
52545905,unit,13.14,13.14,True
5267ca11,roman,LXXXV,LXXXV,True
52762108,unit,27.02,27.02,True
5281a6b3,bit,11011010,11011010,True
52862572,bit,,00000010,False
528b694b,symbol,,"""'",False
528d915e,gravity,28.69,28.69,True
528ec0d8,symbol,,-39,False
5290ad9b,cipher,dragon discovers the ancient mirror,dragon discovers the ancient mirror,True
52a052a0,bit,00010001,00010001,True
52a8b3fe,roman,LVIII,LVIII,True
52a9d5e4,bit,11011111,11011111,True
52ac27f0,gravity,26.71,26.71,True
52be4988,symbol,,'!,False
52c19a82,roman,LXXXV,LXXXV,True
52c38454,unit,7.70,7.70,True
52c62a3e,symbol,,1292,False
52cabe19,unit,6.73,6.73,True
52cffa77,roman,XCIV,XCIV,True
52d3dfa9,cipher,dragon found beyond forest,dragon found beyond forest,True
52d72862,bit,01001000,01001000,True
52f499f4,symbol,,$[^%,False
52f83b1c,gravity,83.74,83.74,True
5300b2d9,gravity,43.62,43.62,True
5303f9a4,cipher,the hidden dragon imagines,the hidden dragon imagines,True
53053cdf,cipher,teacher follows the magical door,teacher follows the magical door,True
5309f723,bit,00001011,00001011,True
531f3777,unit,8.87,8.87,True
5331e206,roman,XXV,XXV,True
53329505,bit,11011111,11011111,True
533b136e,roman,LXI,LXI,True
533ed10e,unit,10.40,10.40,True
5344d922,unit,20.68,20.68,True
5356c59d,bit,01111111,01111111,True
5357a0c8,cipher,knight studies the bright message,knight studies the bright message,True
535e7596,unit,32.40,32.40,True
536af2bc,cipher,the bright alice studies,the bright alice studies,True
536b705e,cipher,the dark rabbit writes,the dark rabbit writes,True
536d9cca,symbol,,&',False
53738ef7,gravity,25.10,25.1,False
5374b4ba,bit,10101100,10101100,True
538de189,cipher,bird explores the mysterious story,bird explores the mysterious story,True
538ec4cc,roman,XLVII,XLVII,True
53988f17,roman,XCIX,XCIX,True
539bea51,unit,40.61,40.61,True
539bfe7c,roman,XLVII,XLVII,True
53a8a139,roman,XCI,XCI,True
53aca3d8,gravity,50.90,50.9,False
53b48918,symbol,,81,False
53b84650,bit,11111101,11111101,True
53bcb446,gravity,92.46,92.46,True
53bf0235,cipher,knight follows puzzle,knight follows puzzle,True
53c0218c,unit,26.69,26.69,True
53ccc521,unit,13.70,13.70,True
53d09e5a,bit,,11011101,False
53d23bc8,roman,XL,XL,True
53db9c58,unit,67.60,67.60,True
53df550e,roman,XXV,XXV,True
53e1fca0,unit,14.56,14.57,False
53f02109,roman,X,X,True
53f74620,unit,12.62,12.62,True
540535a0,cipher,cat creates the colorful forest,cat creates the colorful forest,True
540fce84,cipher,king dreams the bright key,king dreams the bright key,True
5415cc20,gravity,55.61,55.61,True
5420acec,unit,25.66,25.67,False
542800ae,cipher,king discovers forest,king discovers forest,True
542a0c0d,unit,4.19,4.19,True
542cf03a,roman,LXXIX,LXXIX,True
542f0793,gravity,57.37,57.37,True
54315dd1,cipher,cat reads the colorful book,cat reads the colorful book,True
5434ef33,roman,XCV,XCV,True
5438b782,unit,24.57,24.57,True
543af90d,gravity,76.85,76.85,True
543dc1a0,unit,8.52,8.52,True
5443cf8e,roman,XIX,XIX,True
544f0433,symbol,,/>)&,False
54589e31,roman,XIX,XIX,True
546b90de,bit,11100111,11100111,True
546c83f4,unit,8.83,8.83,True
546f9036,bit,10100001,10100001,True
547273aa,bit,01101001,01101001,True
5473bb28,cipher,mouse draws beyond school,mouse draws beyond school,True
547485e9,bit,11010010,11010010,True
5479f05a,gravity,152.06,152.07,False
54818142,symbol,,-<,False
54892cac,unit,71.91,71.91,True
549838a3,bit,00101110,00101110,True
549f5220,symbol,,5548,False
54a20616,gravity,4.49,4.49,True
54a2a4d3,unit,25.89,25.89,True
54a33e96,unit,26.87,26.87,True
54a72511,unit,52.27,52.27,True
54a9a1d3,gravity,46.57,46.57,True
54b895c1,bit,,10111011,False
54c9bde5,symbol,,3064,False
54ca9d57,bit,01011111,01011111,True
54d2b3b0,bit,00000000,00000000,True
54d66f45,unit,60.31,60.31,True
54dbab41,symbol,,|$,False
54e0ffff,cipher,student writes under garden,student writes under garden,True
54e8c553,symbol,,$$<<,False
54f33148,unit,43.00,43.00,True
54f74901,cipher,the secret queen watches,the secret queen watches,True
54fa42b9,roman,LXIV,LXIV,True
55014a7a,bit,01010000,01010000,True
5501c054,symbol,,[#>#,False
5509b343,unit,45.18,45.18,True
550bb9ef,cipher,bird follows story,bird follows story,True
550de4d8,cipher,king imagines around castle,king imagines around castle,True
551e93e7,bit,00000000,00000000,True
55233aeb,gravity,60.57,60.57,True
552ddd9b,gravity,77.16,77.17,False
552e14d7,symbol,,1756,False
553b3af9,symbol,,61%,False
553cb8ee,gravity,77.10,77.1,False
5540e7c5,gravity,13.56,13.56,True
5541d35c,symbol,,2803,False
554e3ed8,gravity,46.56,46.56,True
5554ce0c,gravity,69.42,69.42,True
55550b7d,cipher,hatter sees treasure,hatter sees treasure,True
5561481f,gravity,13.34,13.34,True
556ee87d,cipher,queen explores the hidden secret,queen explores the hidden secret,True
556fddce,roman,LVI,LVI,True
5570b0a1,bit,,10011101,False
557103c2,bit,01101000,01101000,True
557371be,gravity,85.85,85.85,True
5575692e,roman,XVII,XVII,True
557c54fb,cipher,mouse explores under island,mouse explores under island,True
557f9a4a,cipher,teacher writes mirror,teacher writes mirror,True
55863883,unit,20.40,20.40,True
55954e3c,symbol,,0685,False
559d4177,cipher,rabbit sees the magical puzzle,rabbit sees the magical puzzle,True
55bc449c,symbol,,:<,False
55bc6738,bit,10000000,10000000,True
55c7342b,cipher,princess studies around forest,princess studies around forest,True
55d834d1,bit,,00111111,False
55d86f7e,cipher,student discovers the secret door,student discovers the secret door,True
55dbd860,cipher,the wise queen watches,the wise queen watches,True
55dd52a9,gravity,46.81,46.81,True
55dda56c,unit,8.76,8.76,True
55dfe758,bit,00000100,00000100,True
55e23d08,bit,11010001,11010001,True
55e5d36e,roman,LXIX,LXIX,True
55f19327,symbol,,1,False
55f4fa64,symbol,,{{!?,False
55f5e590,bit,10001111,10001111,True
55fbd1ad,bit,00100100,00100100,True
5600ed7c,gravity,12.23,12.23,True
560b2396,gravity,68.97,68.97,True
560ff26d,gravity,7.11,7.11,True
5612eb54,cipher,teacher discovers the colorful book,teacher discovers the colorful book,True
56233698,gravity,186.59,186.59,True
5626b254,cipher,teacher sees crystal,teacher sees crystal,True
562cfc29,bit,11011001,11011001,True
56343b77,symbol,,711,False
563bf8f9,symbol,,-'/,False
563c1afa,bit,10010011,10010011,True
563d22ab,bit,00000000,00000000,True
5642802d,cipher,king watches the magical crystal,king watches the magical crystal,True
56465998,roman,XXXII,XXXII,True
564916b5,symbol,,$,False
5657b059,gravity,58.70,58.7,False
5658dd8a,cipher,rabbit writes beyond forest,rabbit writes beyond forest,True
565bc498,gravity,94.71,94.71,True
5660874b,cipher,dragon explores in village,dragon explores in village,True
56637233,roman,LXXIX,LXXIX,True
5666e340,unit,13.76,13.76,True
56672c27,bit,,01101101,False
56693c1b,unit,78.60,78.61,False
5674eb77,gravity,65.59,65.59,True
5679ae0e,roman,XXIII,XXIII,True
567e3da4,bit,10000100,10000100,True
568c01a4,roman,XLVI,XLVI,True
5690981d,symbol,,-](,False
56910ccb,unit,23.07,23.07,True
569144e0,roman,LXII,LXII,True
5693d1c3,cipher,the wise student creates,the wise student creates,True
56ac76c6,symbol,,>&{,False
56acd7ad,unit,30.19,30.19,True
56adcc74,cipher,the hidden student creates,the hidden student creates,True
56b1a67b,bit,10001000,10001000,True
56b1e037,gravity,10.66,10.66,True
56b28de2,cipher,the secret queen writes,the secret queen writes,True
56b78d1c,roman,X,X,True
56c59dfd,symbol,,22,False
56d64ac3,bit,01110001,01110001,True
56e1dfa5,unit,33.48,33.48,True
56efc838,symbol,,}$?(,False
57070332,cipher,turtle reads inside tower,turtle reads inside tower,True
572053c7,gravity,8.30,8.3,False
57256dec,bit,,01010011,False
57284f49,roman,XCII,XCII,True
572c631c,unit,36.93,36.92,False
5733540b,gravity,11.00,11.0,False
5738dc2a,cipher,alice imagines treasure,alice imagines treasure,True
573eaca1,bit,01011110,01011110,True
574c9e17,bit,00011100,00011100,True
574d1901,bit,00111001,00111001,True
5756de38,bit,00010010,00010010,True
575b2f5d,unit,24.62,24.62,True
575c848f,roman,XCVIII,XCVIII,True
575efbd2,cipher,the silver alice sees,the silver alice sees,True
575f9709,bit,01111111,01111111,True
5765a947,roman,XXXIV,XXXIV,True
5767dcd8,roman,LXXXVI,LXXXVI,True
57712d01,symbol,,-/<,False
577546cf,roman,XXXII,XXXII,True
5776269d,unit,21.82,21.82,True
5785a3bd,cipher,the colorful rabbit discovers,the colorful rabbit discovers,True
5787c3d0,symbol,,^1,False
5791e7c4,bit,00000001,01000001,False
579b4607,symbol,,16,False
579f0cea,cipher,mouse found castle,mouse found castle,True
57b03b2b,bit,10000011,10000011,True
57c845a6,symbol,,]|,False
57c93b90,cipher,turtle dreams the bright door,turtle dreams the bright door,True
57e45624,roman,V,V,True
57e57b3c,bit,00001000,00001000,True
57e76efa,bit,10111111,10111111,True
57f6878e,symbol,,%{{,False
57f8b8c6,gravity,35.85,35.85,True
57fa8b99,roman,XXIX,XXIX,True
5824f8f0,roman,XLIII,XLIII,True
582a0f64,unit,30.88,30.88,True
58350cd5,gravity,14.81,14.81,True
584f14b2,gravity,88.50,88.5,False
5857f1d0,unit,25.79,25.79,True
58597938,cipher,teacher discovers in ocean,teacher discovers in ocean,True
585b3442,symbol,,3104,False
585f2ff6,bit,01000100,01000100,True
58608a50,gravity,21.36,21.36,True
586af207,roman,LXII,LXII,True
586d246b,roman,XV,XV,True
58730ca3,bit,00010100,00010100,True
588959d2,cipher,alice sees the clever castle,alice sees the clever castle,True
588a4ce8,roman,XCVII,XCVII,True
589f4e37,unit,21.20,21.20,True
58a562f8,unit,48.52,48.52,True
58a73331,cipher,hatter chases garden,hatter chases garden,True
58b650e5,bit,00000000,00000000,True
58b9492e,symbol,,1,False
58bb875e,unit,27.37,27.37,True
58c099d2,symbol,,-)\,False
58c4ced1,symbol,,9,False
58c587c7,cipher,knight follows the golden door,knight follows the golden door,True
58dc4bc1,bit,01110111,01110111,True
58e33b70,cipher,wizard chases the magical key,wizard chases the magical key,True
58e63752,gravity,35.87,35.87,True
58eadc55,symbol,,!#,False
58eb55b2,unit,30.00,30.00,True
58f02dad,unit,11.66,11.66,True
58f33cfb,unit,20.74,20.74,True
58f63e94,symbol,,501,False
58f6b6a7,gravity,15.69,15.68,False
58f82741,cipher,the wise alice watches,the wise alice watches,True
58fed63a,symbol,,5,False
58ff34ce,unit,86.80,86.80,True
5902a5f8,gravity,106.99,106.99,True
590dd50f,cipher,alice found story,alice found story,True
59148e34,gravity,16.75,16.75,True
59151643,roman,XXXI,XXXI,True
592107c3,symbol,,/13,False
59231084,gravity,31.30,31.3,False
5923c8f6,unit,27.61,27.62,False
5923f138,cipher,teacher chases garden,teacher chases garden,True
59298dec,unit,39.30,39.30,True
592f63c6,unit,47.10,47.10,True
59324d5f,cipher,the colorful hatter creates,the colorful hatter creates,True
5935abb1,gravity,166.36,166.36,True
59407f0d,cipher,mouse studies the clever mirror,mouse studies the clever mirror,True
5940e438,roman,XXXI,XXXI,True
5953f4c8,unit,6.20,6.20,True
5957f4e5,gravity,52.08,52.08,True
595fe3dd,unit,65.57,65.57,True
5968bf6c,symbol,,"(""/^",False
596a2690,gravity,139.94,139.94,True
596faeab,unit,5.66,5.66,True
59733f94,symbol,,/,False
597dc93a,cipher,queen writes through wonderland,queen writes through wonderland,True
5980dc48,unit,39.61,39.61,True
598af975,unit,25.38,25.38,True
5998ac05,symbol,,"""<",False
599d3d6a,unit,50.70,50.70,True
599e922a,symbol,,>@,False
599f7c4f,roman,XLV,XLV,True
59a5bd7b,bit,00000001,00000001,True
59aa67c2,gravity,86.95,86.95,True
59b2cbbf,symbol,,211,False
59b42cc4,unit,81.25,81.25,True
59b6b29a,roman,XCIV,XCIV,True
59bee375,bit,,10010101,False
59c78e51,bit,00000000,00000000,True
59e50173,roman,XLVII,XLVII,True
59e94547,unit,27.27,27.28,False
59ee7180,gravity,7.23,7.23,True
59ee8d92,roman,II,II,True
59f2d306,gravity,63.81,63.81,True
59f9b417,gravity,44.06,44.06,True
5a0a10b9,unit,13.93,13.93,True
5a0c141c,bit,01010000,01010000,True
5a0d5d2a,symbol,,341,False
5a0d95e2,symbol,,/(#),False
5a1179ee,bit,10000101,10000101,True
5a1276ff,unit,28.86,28.86,True
5a19f71a,bit,11100010,11100010,True
5a343705,cipher,rabbit imagines door,rabbit imagines door,True
5a35e698,symbol,,[\),False
5a3cbc28,cipher,cat watches inside village,cat watches inside village,True
5a3eaf6f,symbol,,"\{}""",False
5a4be7fa,gravity,90.00,89.99,False
5a5aab26,unit,48.53,48.53,True
5a6dd286,bit,10111101,10111100,False
5a6ed2bf,roman,C,C,True
5a752e51,roman,XXXVII,XXXVII,True
5a763686,symbol,,7495,False
5a7c5b0a,bit,,00111111,False
5a9d4664,bit,11010001,11010001,True
5a9fcf68,symbol,,4443,False
5aa2d5d1,unit,69.69,69.69,True
5aa83f14,cipher,king sees inside cave,king sees inside cave,True
5ab341a8,unit,12.04,12.04,True
5abb1149,cipher,king discovers through village,king discovers through village,True
5ad26838,symbol,,-{,False
5ad35676,gravity,167.71,167.71,True
5ad55b3e,cipher,cat writes the wise secret,cat writes the wise secret,True
5adb7719,cipher,hatter draws the silver door,hatter draws the silver door,True
5add849f,unit,31.04,31.04,True
5ae2d160,unit,21.31,21.31,True
5aeb4ba5,symbol,,3985,False
5aef1b8e,bit,01011110,01011110,True
5b048ad0,unit,37.99,37.99,True
5b055587,roman,XXXVIII,XXXVIII,True
5b05cc20,roman,XX,XX,True
5b06502f,symbol,,1768,False
5b16b484,bit,10010000,10010000,True
5b1b00e6,cipher,alice dreams in castle,alice dreams in castle,True
5b1b10d3,bit,,01010010,False
5b2523e6,symbol,,&&,False
5b2c143d,bit,00001001,00001001,True
5b30b755,gravity,12.11,12.11,True
5b36e273,bit,11111001,11111001,True
5b3a4603,cipher,turtle dreams beyond cave,turtle dreams beyond cave,True
5b3a830a,gravity,14.45,14.45,True
5b3f9342,roman,LXXIII,LXXIII,True
5b4245de,cipher,queen follows puzzle,queen follows puzzle,True
5b43f7fc,gravity,92.16,92.16,True
5b44ebd7,gravity,35.97,35.98,False
5b4d30b4,roman,LXXXIV,LXXXIV,True
5b673564,symbol,,],False
5b68563d,bit,01100100,01100100,True
5b779397,roman,XX,XX,True
5b8105fd,cipher,alice explores garden,alice explores garden,True
5b90765a,roman,XXI,XXI,True
5b98a53f,cipher,the secret king creates,the secret king creates,True
5b9964c7,bit,00011011,00011011,True
5b9c5486,cipher,alice follows around ocean,alice follows around ocean,True
5b9c7d54,gravity,213.68,213.69,False
5ba26f21,bit,01011100,01011100,True
5ba5b166,roman,XLIX,XLIX,True
5bb8c8a5,bit,00000000,00000000,True
5bc9b870,symbol,,621,False
5bcb572e,symbol,,-!#,False
5bcd3447,roman,XIX,XIX,True
5bd26372,bit,00101000,00101000,True
5bd9919c,symbol,,]']`,False
5be1e8e0,roman,VII,VII,True
5be6a3c1,symbol,,}}?),False
5bf1cf73,roman,LII,LII,True
5c008804,symbol,,52,False
5c0fa99b,roman,LIII,LIII,True
5c102449,gravity,68.65,68.65,True
5c22d573,cipher,rabbit writes the ancient forest,rabbit writes the ancient forest,True
5c2b41b7,cipher,knight dreams treasure,knight dreams treasure,True
5c2ef0ae,symbol,,'@,False
5c33b53a,unit,28.12,28.12,True
5c3be436,gravity,133.37,133.36,False
5c4e308a,bit,00010010,00010010,True
5c50c07f,bit,11100110,11100110,True
5c588e57,cipher,the silver king discovers,the silver king discovers,True
5c5c570e,gravity,8.70,8.7,False
5c5f078d,cipher,bird chases secret,bird chases secret,True
5c66563b,gravity,75.35,75.35,True
5c69e4c6,gravity,146.28,146.28,True
5c73f8cc,roman,LX,LX,True
5c743e8a,symbol,,1755,False
5c7d8aed,gravity,29.83,29.83,True
5c815d2c,roman,XCII,XCII,True
5c880dbc,gravity,22.32,22.32,True
5c919729,roman,XC,XC,True
5c938bea,symbol,,27,False
5c9bd8f6,unit,58.74,58.74,True
5c9f274a,symbol,,:[``,False
5ca3193a,cipher,queen reads door,queen reads door,True
5ca7d798,roman,LVI,LVI,True
5cbe919f,bit,00000000,00000000,True
5cc25518,cipher,the mysterious dragon follows,the mysterious dragon follows,True
5cc4cf10,bit,10000000,10000000,True
5cd4a382,bit,10100110,10100110,True
5cdfde62,roman,XXIV,XXIV,True
5ce7c6b4,symbol,,'>&,False
5cedf608,bit,10100001,10100001,True
5cfa6edb,gravity,82.52,82.52,True
5d03a8b0,roman,XXVIII,XXVIII,True
5d055504,symbol,,99,False
5d060d45,bit,00000000,00000000,True
5d097009,unit,53.22,53.22,True
5d0db0d2,bit,11111111,11111111,True
5d193826,bit,00010000,00010000,True
5d1cc05f,roman,XLVII,XLVII,True
5d20cef7,roman,XXV,XXV,True
5d311551,cipher,the ancient alice writes,the ancient alice writes,True
5d318851,cipher,the mysterious rabbit reads,the mysterious rabbit reads,True
5d35ee2e,symbol,,&/{,False
5d40c0dd,unit,9.02,9.02,True
5d44a0b2,symbol,,8035,False
5d45db8f,unit,21.21,21.21,True
5d489e95,bit,01001000,01001000,True
5d499a7b,unit,77.35,77.34,False
5d4ae892,roman,LII,LII,True
5d4da508,roman,XII,XII,True
5d501023,roman,XCVI,XCVI,True
5d5cb6cb,roman,LXXXIII,LXXXIII,True
5d77eff6,bit,,00011100,False
5d786524,symbol,,[{%',False
5d7ada5b,cipher,student found secret,student found secret,True
5d834875,symbol,,25,False
5d89a09c,symbol,,0,False
5d8c51ce,symbol,,06,False
5d8cf665,roman,LI,LI,True
5d8dddf0,roman,L,L,True
5d9b192e,unit,95.53,95.53,True
5d9f314c,unit,48.46,48.46,True
5da3df62,gravity,53.59,53.59,True
5daa92e3,bit,00000101,00000101,True
5dab4d83,unit,50.60,50.60,True
5dacf7ca,cipher,wizard imagines the colorful puzzle,wizard imagines the colorful puzzle,True
5dadd7e7,roman,LXXXVII,LXXXVII,True
5db3cc44,roman,XXVI,XXVI,True
5dc0aca5,symbol,,3,False
5dd3345c,bit,11111111,11111111,True
5ddaa052,gravity,36.98,36.98,True
5de0a53d,roman,LXIX,LXIX,True
5dec898e,bit,11010101,11010101,True
5df8a2f5,unit,34.01,34.01,True
5dfea8b0,bit,,01011011,False
5dffe751,bit,01100000,01100000,True
5e0285fc,unit,14.59,14.59,True
5e0b85b0,bit,,01001111,False
5e0c542f,symbol,,/,False
5e149421,bit,11010010,11010010,True
5e1a37b1,cipher,mouse creates near village,mouse creates near village,True
5e1bad40,cipher,teacher writes beyond garden,teacher writes beyond garden,True
5e1de0ad,cipher,mouse studies key,mouse studies key,True
5e2581b6,symbol,,]#,False
5e275438,cipher,the silver student explores,the silver student explores,True
5e286999,unit,17.66,17.66,True
5e2d5262,cipher,bird explores around valley,bird explores around valley,True
5e4393fc,symbol,,"?"">""",False
5e4a6e01,roman,LXVIII,LXVIII,True
5e4d1f32,roman,XXIV,XXIV,True
5e502d98,unit,8.31,8.31,True
5e5182f0,unit,10.13,10.13,True
5e591674,bit,00000011,00000011,True
5e5a5245,roman,XXI,XXI,True
5e5c4b8d,unit,20.73,20.73,True
5e5ebad6,cipher,the magical king follows,the magical king follows,True
5e651751,cipher,the dark hatter imagines,the dark hatter imagines,True
5e67b1a1,symbol,,63,False
5e6ee1d9,gravity,81.93,81.93,True
5e710448,unit,14.22,14.22,True
5e75615e,unit,15.93,15.93,True
5e84cf1a,cipher,princess explores potion,princess explores potion,True
5e95a417,symbol,,](>?,False
5e989cc5,symbol,,$$,False
5e9c288d,cipher,dragon reads the silver book,dragon reads the silver book,True
5ea69df4,bit,00100000,00100000,True
5ea6d59c,gravity,13.27,13.27,True
5eab0201,gravity,93.87,93.87,True
5eb5a358,gravity,8.41,8.41,True
5ec07eeb,gravity,19.15,19.15,True
5ec86a30,bit,00010101,00010101,True
5ecf246d,cipher,student watches under tower,student watches under tower,True
5ee3b148,gravity,156.50,156.51,False
5ee5d302,gravity,158.37,158.38,False
5eea60e7,symbol,,791,False
5eeb4557,unit,40.46,40.46,True
5ef0cc1c,gravity,101.81,101.81,True
5ef42242,cipher,mouse creates beyond palace,mouse creates beyond palace,True
5f06f595,gravity,7.80,7.8,False
5f0da536,cipher,the colorful king reads,the colorful king reads,True
5f0ed8ad,cipher,bird follows the silver key,bird follows the silver key,True
5f135096,cipher,the strange teacher explores,the strange teacher explores,True
5f18a37f,unit,9.05,9.05,True
5f29ae58,bit,00000000,00000000,True
5f4b89b7,symbol,,>\,False
5f5227b5,symbol,,53@,False
5f5803c5,gravity,72.82,72.82,True
5f5a73ff,symbol,,0897,False
5f66bd7e,cipher,princess reads castle,princess reads castle,True
5f66eb60,bit,11111111,11111111,True
5f6798e1,symbol,,34,False
5f6b6ea3,symbol,,6,False
5f6ca19f,gravity,25.65,25.65,True
5f76ba09,bit,10010111,10010111,True
5f79a0ce,gravity,55.81,55.81,True
5f86e4da,roman,XCVII,XCVII,True
5f8be7e2,cipher,student found above village,student found above village,True
5f916bc9,unit,26.63,26.63,True
5f9f0ed7,symbol,,}/!},False
5fa53d16,gravity,42.12,42.12,True
5fab4df0,bit,00110100,00110100,True
5fbcebc2,gravity,174.40,174.4,False
5fcbb976,unit,59.14,59.14,True
5fcd7fe4,roman,XCVIII,XCVIII,True
5fd417b3,gravity,53.25,53.25,True
5fd4f7fc,unit,33.78,33.78,True
5fe169fc,gravity,62.76,62.76,True
5fe8d710,symbol,,281,False
5fead1a1,bit,11111010,11111010,True
5ff76302,unit,75.97,75.97,True
600922ca,roman,XCIX,XCIX,True
6010f647,unit,21.75,21.75,True
602077e7,cipher,wizard writes the dark door,wizard writes the dark door,True
60274ab3,gravity,21.61,21.61,True
602a588b,gravity,23.03,23.03,True
60332605,roman,XXXV,XXXV,True
603ad93b,symbol,,9411,False
6046d372,symbol,,[/,False
605e1c08,symbol,,1020,False
606609ad,cipher,the colorful mouse sees,the colorful mouse sees,True
60681fa4,unit,43.29,43.29,True
606b92c0,gravity,140.39,140.39,True
606fd14d,roman,VII,VII,True
6079c08f,cipher,wizard chases the hidden puzzle,wizard chases the hidden puzzle,True
607c2f7b,roman,LIII,LIII,True
60851ade,unit,60.51,60.51,True
608f45d3,roman,IX,IX,True
60902b81,bit,01000000,01000000,True
609250f7,cipher,dragon chases the secret story,dragon chases the secret story,True
6098a712,unit,45.95,45.94,False
609c49bc,bit,00101000,00101000,True
60a08b82,roman,XVI,XVI,True
60add54e,roman,LXXXVI,LXXXVI,True
60be7db6,gravity,127.51,127.51,True
60d19850,gravity,57.58,57.58,True
60d928d0,symbol,,@}',False
60db6fdd,gravity,95.72,95.72,True
60e14216,cipher,dragon watches above school,dragon watches above school,True
60ed3f31,symbol,,@%:\,False
60f55291,symbol,,/\|?,False
60f7501d,cipher,the silver cat imagines,the silver cat imagines,True
60f9cba9,gravity,96.86,96.86,True
60fba75b,gravity,61.36,61.36,True
61076abe,bit,00111110,00111110,True
610bf536,symbol,,^,False
6114ce16,unit,34.55,34.55,True
6117f46b,roman,XLIX,XLIX,True
611c3cc4,roman,LII,LII,True
612a2966,roman,LIV,LIV,True
613cbfc1,unit,75.84,75.84,True
614408ea,symbol,,38,False
61557701,symbol,,|&,False
615a02e6,bit,00110000,00110000,True
61620766,roman,LIII,LIII,True
616299f2,unit,13.79,13.79,True
61715884,roman,XLVI,XLVI,True
6172a197,unit,23.28,23.28,True
61766c6f,symbol,,2572,False
6183bab7,symbol,,@@,False
6189ce10,bit,00001110,00001110,True
618c69cb,gravity,108.31,108.31,True
6191619a,unit,28.14,28.14,True
61998378,unit,13.53,13.53,True
619a99d2,bit,11110100,11110100,True
619e00cc,gravity,17.93,17.93,True
61abed03,cipher,princess studies key,princess studies key,True
61bb90d5,cipher,teacher discovers in valley,teacher discovers in valley,True
61bbcdc3,symbol,,99,False
61cd9581,unit,40.84,40.84,True
61d46ec9,cipher,bird follows the curious story,bird follows the curious story,True
61e3ad9c,roman,XIII,XIII,True
61ea9f30,roman,LXV,LXV,True
6201374a,bit,10100000,10100000,True
62082106,gravity,67.94,67.94,True
620adef7,cipher,the silver dragon sees,the silver dragon sees,True
620b9c6c,roman,LXIV,LXIV,True
620c2521,symbol,,936,False
6211adb2,unit,30.27,30.27,True
6218204f,bit,00110110,00110110,True
621a9353,cipher,teacher imagines the secret secret,teacher imagines the secret secret,True
621eb10d,cipher,teacher follows potion,teacher follows potion,True
621f3d90,roman,XLI,XLI,True
62208a0a,cipher,rabbit writes door,rabbit writes door,True
6221b30e,gravity,12.56,12.56,True
62296199,bit,00001000,00001000,True
6234d6d9,gravity,80.37,80.37,True
62380ed2,gravity,91.59,91.59,True
623af32d,gravity,96.96,96.96,True
62432d65,unit,51.41,51.41,True
62464c5a,bit,10111110,10111110,True
6253521c,cipher,cat imagines story,cat imagines story,True
6258d182,cipher,teacher imagines under wonderland,teacher imagines under wonderland,True
625b7e5d,gravity,116.00,116.0,False
626a2762,bit,01000101,01000101,True
626d6c5f,unit,19.02,19.02,True
626ef8c1,unit,6.34,6.34,True
62885797,cipher,princess draws treasure,princess draws treasure,True
62896e95,symbol,,]]%&,False
6290496a,cipher,queen dreams beyond library,queen dreams beyond library,True
62945ac6,gravity,218.61,218.6,False
6296c317,symbol,,:#<,False
629b09d1,bit,00111010,00111010,True
629d619c,gravity,77.68,77.68,True
62bbb19e,roman,LXXXIV,LXXXIV,True
62c13a9b,cipher,teacher discovers potion,teacher discovers potion,True
62c58f4b,gravity,85.70,85.7,False
62c6e1c5,bit,01110100,01110100,True
62da6274,cipher,the clever knight watches,the clever knight watches,True
62daec42,cipher,king follows key,king follows key,True
62dba403,bit,10011001,10011001,True
62def62f,gravity,48.68,48.68,True
62eae044,unit,81.00,81.01,False
62eb9786,cipher,alice discovers key,alice discovers key,True
62ec34ac,cipher,hatter follows the magical book,hatter follows the magical book,True
62fc1b1f,gravity,41.19,41.19,True
62fc7798,symbol,,}&,False
63217d23,bit,11000001,11000001,True
63227af6,bit,01010111,01010111,True
63233e80,roman,LXXXIV,LXXXIV,True
632444af,bit,10000100,10000100,True
63316c38,gravity,168.43,168.43,True
6331b998,unit,4.76,4.76,True
63491be4,cipher,turtle draws the colorful secret,turtle draws the colorful secret,True
6349d105,bit,00011101,00011101,True
634b5f5f,bit,11110011,11110011,True
634ebedf,gravity,54.33,54.32,False
63500e84,cipher,knight explores inside school,knight explores inside school,True
63588047,gravity,73.64,73.63,False
635c7924,unit,32.19,32.19,True
635eb65b,roman,LXXIX,LXXIX,True
635fd6d7,roman,XXXIX,XXXIX,True
635fea7c,gravity,82.04,82.04,True
63603ee7,symbol,,-$,False
636e0dba,bit,01001110,01001110,True
636fe37f,unit,7.07,7.07,True
6381928d,unit,31.09,31.09,True
638224db,bit,10000101,10000101,True
6385674a,symbol,,69,False
63874dd5,bit,00011010,00011010,True
63883c24,roman,XXXI,XXXI,True
638f93ca,symbol,,@,False
63a030aa,gravity,67.15,67.15,True
63a91f8b,unit,22.56,22.55,False
63ab2c50,roman,LII,LII,True
63b63698,unit,18.16,18.16,True
63b72611,unit,67.82,67.81,False
63bc8554,roman,LIII,LIII,True
63c4c118,roman,C,C,True
63caef96,roman,XXV,XXV,True
63cc40f1,bit,00111110,00111110,True
63d4557e,bit,,10111100,False
63d7346f,roman,LXXVI,LXXVI,True
63e3ce8a,unit,17.84,17.84,True
63e8b2d5,gravity,5.89,5.89,True
63ec749f,unit,11.89,11.89,True
63f92216,roman,LXXXIII,LXXXIII,True
63fb07a7,unit,15.22,15.22,True
6402d0ee,symbol,,\93,False
640acd9c,gravity,47.64,47.64,True
64128659,gravity,6.72,6.72,True
642c84f0,symbol,,{(}%,False
6440f7d7,roman,LXXII,LXXII,True
6445da05,unit,64.35,64.35,True
64547071,roman,LXIV,LXIV,True
64553a64,symbol,,}#',False
645fe504,gravity,79.87,79.87,True
646ec09f,unit,31.82,31.82,True
6472222c,roman,LXXVIII,LXXVIII,True
64757d01,unit,25.85,25.85,True
647e3c1b,gravity,86.71,86.71,True
6488eec9,gravity,91.66,91.66,True
64890e18,bit,00001100,00001100,True
6489821f,roman,XXXVIII,XXXVIII,True
648e2da2,symbol,,031,False
648eba1a,cipher,knight draws in village,knight draws in village,True
64943206,cipher,cat studies the golden message,cat studies the golden message,True
649bebaf,bit,10111011,10111011,True
649c2246,gravity,10.27,10.27,True
64a4121a,cipher,the magical rabbit studies,the magical rabbit studies,True
64a72fd3,bit,,10010111,False
64a94058,roman,XL,XL,True
64b20c19,bit,10011011,10011011,True
64b2cbb6,symbol,,*^#,False
64bbf892,gravity,69.60,69.6,False
64c494d5,cipher,the dark wizard reads,the dark wizard reads,True
64c53621,symbol,,&>'$,False
64cab112,unit,11.80,11.80,True
64d775e5,symbol,,$&)<,False
64e5ea3c,cipher,bird creates treasure,bird creates treasure,True
64e9f690,cipher,the golden wizard found,the golden wizard found,True
64eacc64,roman,XXX,XXX,True
64eea166,unit,40.69,40.69,True
64f3bded,roman,XIV,XIV,True
64fd429b,cipher,alice found through valley,alice found through valley,True
64fe405e,symbol,,1,False
6501cf6b,unit,28.90,28.90,True
650243b1,unit,33.60,33.60,True
65044291,gravity,131.29,131.29,True
652cb4aa,roman,LXXII,LXXII,True
6532bbfa,unit,16.79,16.79,True
65368cc7,unit,27.27,27.27,True
6538c0b5,unit,69.87,69.87,True
653efa0a,unit,32.31,32.31,True
6540cf61,gravity,120.57,120.57,True
65420599,unit,65.86,65.86,True
65470a41,unit,20.45,20.45,True
6548d382,symbol,,/\,False
654e8a98,bit,00001101,00001101,True
654f1dcf,unit,13.12,13.12,True
6564df54,bit,00000010,00000010,True
65691fc9,unit,54.28,54.28,True
656cfb5f,symbol,,17,False
656d3eb2,cipher,the bright teacher reads,the bright teacher reads,True
656e4cb0,unit,7.73,7.73,True
6570b28c,bit,00000000,00000000,True
65743001,roman,XCIII,XCIII,True
657bcae9,symbol,,'}[,False
6581842c,cipher,the colorful mouse reads,the colorful mouse reads,True
658e7335,roman,XL,XL,True
65a42d6a,gravity,87.62,87.62,True
65a61279,symbol,,?]$/,False
65ab9661,bit,00000110,00000110,True
65ad7211,roman,XLIX,XLIX,True
65add53a,symbol,,]}%,False
65b13ba2,symbol,,"]/""}",False
65b2c4c4,roman,XLVII,XLVII,True
65c52214,symbol,,1593,False
65ccc7a7,unit,19.55,19.55,True
65eb1c08,roman,LXXIX,LXXIX,True
65ef4c2a,unit,81.51,81.51,True
65f356f9,unit,50.08,50.09,False
65f3e206,unit,70.92,70.92,True
65f64bfe,cipher,teacher creates key,teacher creates key,True
6601aa77,unit,18.34,18.34,True
6606d605,gravity,200.38,200.38,True
660fc103,gravity,155.13,155.13,True
6617d3b0,bit,00000000,00000000,True
662ea669,roman,XXIV,XXIV,True
662fd21c,symbol,,17,False
66338d95,cipher,the secret queen explores,the secret queen explores,True
663c19af,bit,01100000,01100000,True
663c39b6,unit,45.45,45.45,True
663fd5e9,bit,10001100,00001100,False
664ba0bf,unit,29.46,29.46,True
6659ec00,gravity,75.61,75.61,True
665cc304,unit,30.66,30.66,True
66617764,gravity,106.09,106.09,True
66659efb,unit,30.26,30.26,True
6669ab89,unit,20.84,20.84,True
667e6f1a,gravity,91.09,91.08,False
6686f0de,bit,10110111,10110111,True
6689ee95,bit,,10001111,False
668c240b,unit,18.66,18.66,True
66a0856f,symbol,,38,False
66ae2b46,gravity,24.71,24.71,True
66b1c512,bit,,11000010,False
66b1cf74,gravity,18.21,18.21,True
66b5002b,roman,LXXXVIII,LXXXVIII,True
66bd639f,bit,00000001,00000001,True
66c5974c,symbol,,80,False
66c64e8f,unit,19.31,19.31,True
66c7ff81,cipher,queen draws door,queen draws door,True
66c8c3df,bit,00000100,00000100,True
66d1e998,gravity,58.20,58.2,False
66df03f5,gravity,6.29,6.29,True
66e4acb6,gravity,25.39,25.39,True
66e5eb55,bit,10101110,10101110,True
66e8ea1d,gravity,41.98,41.98,True
66e931de,gravity,16.49,16.49,True
66f26118,gravity,13.60,13.6,False
66f9fe57,bit,00100000,00100000,True
67032a5c,bit,11111100,11111100,True
6708d238,roman,I,I,True
671a6761,cipher,rabbit found the mysterious key,rabbit found the mysterious key,True
672029b2,symbol,,31,False
6728c338,bit,00110011,00110011,True
6728eec3,roman,XL,XL,True
6735003f,gravity,93.34,93.34,True
67372eaf,bit,01101000,01101000,True
673d0b1b,cipher,the colorful turtle explores,the colorful turtle explores,True
67408563,roman,XCV,XCV,True
6750767f,unit,40.01,40.01,True
675e4260,unit,17.70,17.70,True
676d7150,gravity,54.17,54.17,True
677055ae,unit,25.07,25.07,True
67760414,gravity,57.06,57.06,True
6782db61,cipher,bird explores treasure,bird explores treasure,True
6789bfc2,roman,LXXXVI,LXXXVI,True
679094db,roman,XXXV,XXXV,True
67988b7f,gravity,93.36,93.36,True
67995540,symbol,,|%@,False
6799cb43,gravity,6.11,6.11,True
679af1e1,bit,11000001,11000001,True
679b5ccf,gravity,59.34,59.34,True
67aa8dc6,cipher,turtle dreams beyond forest,turtle dreams beyond forest,True
67ae4217,bit,,11101101,False
67b4058c,gravity,13.50,13.5,False
67ccce4b,unit,23.20,23.19,False
67d9c7d1,gravity,26.66,26.66,True
67db8877,unit,13.87,13.87,True
67de8e10,symbol,,071,False
67e7b96d,unit,5.56,5.56,True
67f1bc8a,symbol,,1321,False
67ff169c,cipher,wizard follows above village,wizard follows above village,True
67ffad4c,cipher,turtle sees around mountain,turtle sees around mountain,True
6806d715,bit,00110100,00110100,True
680b66f2,symbol,,}$,False
680b8642,gravity,13.01,13.01,True
680b97a2,gravity,127.49,127.49,True
680d1973,roman,LXXXII,LXXXII,True
680f19b3,symbol,,9756,False
68158a62,cipher,wizard discovers the strange mirror,wizard discovers the strange mirror,True
68168aab,roman,III,III,True
6818b555,bit,10000000,10000000,True
681a0c75,unit,63.00,63.00,True
68213a4c,bit,00000000,00000000,True
68368ba9,unit,13.39,13.39,True
684013e1,cipher,student explores the bright crystal,student explores the bright crystal,True
68450646,gravity,15.15,15.15,True
6848a4e8,symbol,,\$,False
684d50d4,gravity,50.39,50.39,True
684de068,symbol,,"^""",False
6852113b,cipher,king discovers the magical treasure,king discovers the magical treasure,True
685bb0b1,roman,LXXI,LXXI,True
685be3a7,symbol,,>$$,False
68614b78,bit,,00001110,False
6876804c,gravity,32.85,32.85,True
6882b8f0,cipher,hatter creates through library,hatter creates through library,True
6889e19c,gravity,37.48,37.48,True
688c807b,symbol,,1793,False
68903918,symbol,,4072,False
6890870d,bit,01110000,01110000,True
6897f05e,symbol,,:%::,False
689cea6b,cipher,the ancient princess watches,the ancient princess watches,True
68b3dc9a,gravity,58.59,58.59,True
68b9b9a8,symbol,,4734,False
68c5c2a5,gravity,10.77,10.77,True
68cb31d7,roman,XCVIII,XCVIII,True
68d0085c,unit,20.02,20.02,True
68d2848b,gravity,32.71,32.71,True
68d2beaf,unit,16.83,16.83,True
68d8882d,cipher,the bright rabbit writes,the bright rabbit writes,True
68dc4794,unit,65.42,65.42,True
68eb43f1,cipher,mouse dreams the colorful map,mouse dreams the colorful map,True
69030119,gravity,26.80,26.8,False
6904934e,gravity,6.70,6.7,False
6914a55d,cipher,king chases the bright door,king chases the bright door,True
691608b9,bit,00101000,00101000,True
69197d42,symbol,,4662,False
691c6e38,bit,00010000,00010000,True
691f2f76,symbol,,331,False
6929eb93,roman,XXXVI,XXXVI,True
693432da,symbol,,|>[,False
693bb27c,bit,,00001111,False
693caf69,unit,12.22,12.22,True
695c9a75,roman,XCI,XCI,True
6960ceea,cipher,teacher studies near mountain,teacher studies near mountain,True
69621be9,cipher,knight follows above cave,knight follows above cave,True
696f0641,unit,18.01,18.01,True
696f7d7c,roman,LXXVII,LXXVII,True
69771374,symbol,,#}(,False
697726da,cipher,alice imagines in garden,alice imagines in garden,True
697f134b,gravity,88.79,88.78,False
698e737a,bit,00101110,00101110,True
698fa458,unit,10.97,10.97,True
69973fa1,unit,27.30,27.30,True
69a33cbd,unit,41.28,41.28,True
69aa57b3,symbol,,4472,False
69ada2b1,gravity,33.57,33.57,True
69ae933f,roman,XLV,XLV,True
69af662f,unit,22.81,22.81,True
69b34a6d,unit,42.44,42.44,True
69b41f8c,gravity,176.06,176.06,True
69bac3cd,cipher,mouse chases treasure,mouse chases treasure,True
69bc7c1a,roman,XIV,XIV,True
69cbffdf,bit,00000010,00000010,True
69ec0fb1,roman,XXX,XXX,True
69eccfa5,symbol,,\^,False
69f28ef5,unit,72.33,72.33,True
69f6e542,roman,III,III,True
69fe4b0d,symbol,,59,False
6a04be76,unit,52.64,52.63,False
6a0be45e,roman,LXXXI,LXXXI,True
6a12624f,cipher,the colorful mouse found,the colorful mouse found,True
6a152e42,cipher,dragon creates potion,dragon creates potion,True
6a186446,bit,,01110111,False
6a333ed6,bit,00010000,00010000,True
6a41d37b,bit,,00101011,False
6a578940,bit,10010000,10010000,True
6a5c65fd,roman,LI,LI,True
6a5cd9ec,symbol,,<[<\,False
6a635e3e,bit,,10001111,False
6a644b80,cipher,dragon imagines key,dragon imagines key,True
6a933284,bit,00101101,00101101,True
6a9cf9e1,cipher,dragon found the secret mirror,dragon found the secret mirror,True
6aa0e8fd,unit,38.44,38.44,True
6aaf6d43,roman,XXXIII,XXXIII,True
6ab04968,symbol,,1241,False
6abc8047,bit,10101001,00101001,False
6ac4d8c2,symbol,,831,False
6ad90163,gravity,68.94,68.94,True
6adef1ef,bit,11111101,11111101,True
6ae30806,bit,00100101,00100101,True
6aea9876,gravity,101.40,101.4,False
6af07300,gravity,47.67,47.67,True
6af5220f,roman,X,X,True
6b01cc50,gravity,18.99,18.99,True
6b01e0cf,bit,01000000,01000000,True
6b059c8e,unit,26.76,26.76,True
6b0e997f,gravity,76.46,76.45,False
6b11c05f,bit,00100010,00100010,True
6b182424,gravity,22.52,22.52,True
6b19d0fd,cipher,rabbit studies key,rabbit studies key,True
6b2e0c5a,symbol,,!(:',False
6b3616b5,gravity,32.84,32.84,True
6b393b81,symbol,,4046,False
6b3f1b31,gravity,109.73,109.73,True
6b5730b2,cipher,teacher found inside village,teacher found inside village,True
6b63b010,bit,00000110,00000110,True
6b730629,bit,11100111,11100111,True
6b755760,cipher,mouse creates potion,mouse creates potion,True
6b75f5f0,bit,10111100,10111100,True
6b769a9e,symbol,,+92,False
6b8246a0,bit,00000000,00000000,True
6b92d6bf,roman,XV,XV,True
6ba59385,cipher,wizard chases near garden,wizard chases near garden,True
6bbfc336,cipher,the silver princess chases,the silver princess chases,True
6bca2607,gravity,73.02,73.02,True
6bd59a1f,symbol,,7241,False
6be00ae9,symbol,,401,False
6beb3a1f,symbol,,??,False
6bed646b,cipher,the bright cat discovers,the bright cat discovers,True
6bef21ca,bit,01111101,01111101,True
6bef7413,symbol,,-28,False
6bf09c5e,gravity,36.60,36.6,False
6c01f1a7,bit,11100001,11100001,True
6c236f0b,cipher,teacher dreams the clever puzzle,teacher dreams the clever puzzle,True
6c30f260,symbol,,-\(,False
6c363edc,roman,LXXXIII,LXXXIII,True
6c389876,unit,29.83,29.83,True
6c402bb7,symbol,,44,False
6c41978b,bit,10010111,10010111,True
6c41f684,bit,00001111,00001111,True
6c56e99a,bit,,00110101,False
6c5a4c70,roman,LXXXV,LXXXV,True
6c662a0c,gravity,43.05,43.05,True
6c6f1905,gravity,9.02,9.02,True
6c6f9519,gravity,171.35,171.35,True
6c7231ac,symbol,,:/#,False
6c7299c2,bit,10000111,10000111,True
6c75859f,unit,23.31,23.31,True
6c7c092a,cipher,wizard draws in tower,wizard draws in tower,True
6c7f24b7,symbol,,^,False
6c8df1c6,unit,44.73,44.73,True
6c90261b,unit,30.99,30.99,True
6c933298,unit,44.47,44.47,True
6c9b7c29,roman,XC,XC,True
6c9e4485,symbol,,6253,False
6ca70b35,gravity,18.27,18.27,True
6cb14232,unit,29.54,29.54,True
6cb5aff2,bit,01111110,01111110,True
6cc5dafb,symbol,,)(,False
6cc637ea,cipher,cat studies the strange book,cat studies the strange book,True
6cd73bdd,symbol,,6895,False
6cdc3a9f,symbol,,3268,False
6cdcf6d9,gravity,187.28,187.28,True
6cec0a97,cipher,teacher draws the golden treasure,teacher draws the golden treasure,True
6cec77c9,gravity,13.89,13.89,True
6cface63,bit,10010000,10010000,True
6cfb1f29,gravity,14.74,14.74,True
6cfdb3cb,roman,LXII,LXII,True
6cfe5536,bit,01000010,01000010,True
6d00964a,bit,00000000,00000000,True
6d02aa5a,cipher,dragon creates the magical forest,dragon creates the magical forest,True
6d0aa254,roman,LXXIII,LXXIII,True
6d12b823,cipher,bird discovers map,bird discovers map,True
6d196fe8,bit,01001011,01001011,True
6d1e50f7,gravity,143.73,143.73,True
6d2347f1,roman,XCVI,XCVI,True
6d24205b,bit,01110001,01110001,True
6d30152f,gravity,172.09,172.09,True
6d32ffae,gravity,60.77,60.77,True
6d3b9da4,symbol,,99,False
6d445f41,unit,36.29,36.29,True
6d4977ec,cipher,queen dreams the dark mirror,queen dreams the dark mirror,True
6d4c44d1,gravity,11.95,11.95,True
6d4e39cb,roman,II,II,True
6d5ef2f4,cipher,mouse studies castle,mouse studies castle,True
6d6d0531,symbol,,)@/,False
6d717b87,roman,XLIX,XLIX,True
6d87d164,symbol,,'[,False
6d93a375,gravity,58.00,58.0,False
6d9ff2a3,bit,00110010,00110010,True
6da9eb9a,symbol,,2664,False
6dac7e49,roman,LXXXIV,LXXXIV,True
6dacf247,symbol,,/,False
6dbd9643,bit,10001011,10001011,True
6dda26c0,symbol,,4643,False
6de4855a,symbol,,{|^,False
6de757af,cipher,the golden cat creates,the golden cat creates,True
6deb3d5e,bit,11000011,11000011,True
6dec0181,cipher,king reads garden,king reads garden,True
6dee6c75,unit,52.90,52.91,False
6df12964,gravity,17.08,17.08,True
6df4b5e1,gravity,90.92,90.92,True
6df91964,unit,51.03,51.03,True
6e05de93,unit,84.00,84.00,True
6e2311e1,bit,10000000,10000000,True
6e2f2d29,cipher,princess found near mountain,princess found near mountain,True
6e318a02,roman,XXII,XXII,True
6e3f32d5,cipher,queen draws the clever garden,queen draws the clever garden,True
6e42f11c,unit,25.75,25.75,True
6e44fdb5,gravity,47.04,47.04,True
6e458186,roman,LIX,LIX,True
6e4682d5,cipher,the bright cat found,the bright cat found,True
6e4afac0,cipher,rabbit follows key,rabbit follows key,True
6e56b39a,symbol,,-/#,False
6e56c02c,bit,01001011,01001011,True
6e5859ee,unit,37.82,37.82,True
6e60b0c5,symbol,,9555,False
6e6401d7,symbol,,1,False
6e6c2ce8,symbol,,[#{,False
6e6db0ef,cipher,princess found near mountain,princess found near mountain,True
6e6f8d9c,symbol,,951,False
6e714f65,bit,00000000,00000000,True
6e80733d,bit,01001000,01001000,True
6e838251,bit,01101101,01101101,True
6e84a668,symbol,,|!^{,False
6eab52eb,unit,63.62,63.62,True
6eadf9a5,roman,XI,XI,True
6eb0d262,bit,00111011,00111011,True
6eb182f1,gravity,85.85,85.85,True
6eb7349f,cipher,knight explores around palace,knight explores around palace,True
6eb85496,symbol,,>^],False
6ec2d1a4,roman,LIX,LIX,True
6ec54946,symbol,,&>[&,False
6ecc51b1,bit,,00101101,False
6ed58b4e,gravity,14.85,14.85,True
6ee4b565,gravity,91.19,91.19,True
6ee9976b,unit,47.16,47.16,True
6eec7374,unit,10.85,10.85,True
6eefcd21,gravity,46.18,46.18,True
6ef038ef,gravity,45.66,45.66,True
6ef133e6,gravity,39.72,39.72,True
6f0a117d,symbol,,-[\,False
6f0b7840,cipher,rabbit follows near school,rabbit follows near school,True
6f1211e2,symbol,,6745,False
6f37d7be,symbol,,01,False
6f3a0625,gravity,187.25,187.25,True
6f3ba33d,gravity,29.29,29.29,True
6f59b884,gravity,23.38,23.38,True
6f6a3ae0,unit,10.03,10.03,True
6f71f388,unit,49.84,49.84,True
6f7a9048,bit,00101000,00101000,True
6f8261d9,symbol,,\,False
6f826f2a,cipher,cat sees secret,cat sees secret,True
6f88e240,symbol,,445,False
6f90f7c4,cipher,alice draws key,alice draws key,True
6f91481e,bit,11000000,11000000,True
6f9b11a1,unit,64.67,64.67,True
6f9e6b73,roman,LI,LI,True
6fa10634,cipher,the magical wizard found,the magical wizard found,True
6fae6379,bit,01100111,01100111,True
6fb29547,roman,XIX,XIX,True
6fbb60ce,cipher,wizard chases beyond library,wizard chases beyond library,True
6fbdf9d3,cipher,dragon studies around garden,dragon studies around garden,True
6fc09c9b,cipher,hatter watches secret,hatter watches secret,True
6fc1217e,unit,39.81,39.81,True
6fc35fc2,symbol,,/}',False
6fcbf5fd,symbol,,^`(,False
6fd6e409,cipher,the dark queen creates,the dark queen creates,True
6fde02ef,cipher,princess watches around valley,princess watches around valley,True
6fe4a872,cipher,hatter draws crystal,hatter draws crystal,True
6feba18a,unit,23.20,23.20,True
6ff5f86d,roman,XIV,XIV,True
6ffd6934,bit,00001111,00001111,True
7006831a,roman,XXIII,XXIII,True
701d0837,roman,XCVI,XCVI,True
701e4634,unit,17.62,17.62,True
70259bd0,cipher,turtle explores the bright crystal,turtle explores the bright crystal,True
7031716e,symbol,,{[,False
703aea25,unit,12.39,12.39,True
703b3d10,gravity,15.32,15.32,True
70440b0f,unit,34.13,34.12,False
704b4e4c,unit,17.17,17.17,True
7054453b,gravity,8.40,8.4,False
705bb686,symbol,,5,False
705c6748,roman,XCVIII,XCVIII,True
706381a3,roman,XXIX,XXIX,True
7064acac,bit,,01111100,False
7067f9b5,roman,XLIX,XLIX,True
707a6d67,cipher,king chases the colorful mirror,king chases the colorful mirror,True
707acef3,bit,00000001,00000001,True
707fd23a,symbol,,3235,False
70851afe,symbol,,"@""",False
70854a3a,unit,86.62,86.61,False
7086787e,unit,37.20,37.20,True
708e8ffe,roman,LXIX,LXIX,True
709930e0,bit,10011010,10011010,True
70a270e6,roman,VIII,VIII,True
70a42118,cipher,knight follows the dark secret,knight follows the dark secret,True
70af717d,roman,LXIII,LXIII,True
70bc42af,bit,10101010,10101010,True
70c29179,roman,LXXXIII,LXXXIII,True
70df6363,bit,01010000,01010000,True
70e6ddcc,unit,24.55,24.55,True
70ee60d7,cipher,the golden cat chases,the golden cat chases,True
70f08eac,bit,01011000,01011000,True
70f4d114,roman,XCIX,XCIX,True
70f76d59,gravity,89.40,89.39,False
70f81613,bit,10111010,10111010,True
7104dd31,roman,XXVII,XXVII,True
710cf035,bit,10000011,10000011,True
71196f7e,cipher,mouse sees the silver book,mouse sees the silver book,True
711dc0a0,roman,LX,LX,True
71236227,unit,31.90,31.90,True
712fe3e4,symbol,,:#$#,False
71301f68,unit,43.63,43.62,False
71310176,symbol,,:]{,False
71333349,cipher,queen sees book,queen sees book,True
7137999a,gravity,13.57,13.57,True
7137d73a,symbol,,"<""{",False
7138d71a,symbol,,\,False
71391d1f,gravity,176.81,176.81,True
713e980e,unit,27.51,27.51,True
713fa624,roman,II,II,True
714330e8,unit,22.97,22.97,True
714c535b,unit,23.59,23.59,True
715e0259,symbol,,$|?,False
71621827,gravity,79.39,79.39,True
7163d1f6,roman,XV,XV,True
716998e8,bit,10010000,10010000,True
716d8bc9,unit,17.16,17.16,True
7192535b,bit,00000010,00000010,True
7192fc55,bit,,01100011,False
7195cb7b,symbol,,68,False
719b314e,bit,10010010,10010010,True
71a661f7,bit,11000001,11000001,True
71ab0dcb,unit,18.68,18.68,True
71b70d29,bit,00101001,00101001,True
71b8525d,gravity,67.50,67.5,False
71bc4331,unit,41.44,41.44,True
71c5f412,unit,65.82,65.82,True
71cd0e14,roman,XXV,XXV,True
71d91445,symbol,,},False
71e02000,symbol,,3767,False
71e6cae8,bit,00000000,00000000,True
71f5a517,unit,17.31,17.31,True
71fc0560,gravity,65.24,65.24,True
71ff56c4,roman,L,L,True
7202052e,roman,LXXX,LXXX,True
7207c649,unit,29.53,29.53,True
7209e01d,roman,XXXVIII,XXXVIII,True
7221318f,roman,VII,VII,True
722b605b,bit,,00111101,False
722fd57a,unit,33.25,33.25,True
7232e0a5,cipher,turtle writes the bright puzzle,turtle writes the bright puzzle,True
72336119,symbol,,3316,False
7233941f,roman,XVII,XVII,True
72405c90,cipher,wizard studies book,wizard studies book,True
72413b7f,symbol,,"""/#",False
724fe70c,roman,XXXVIII,XXXVIII,True
726228db,unit,12.37,12.37,True
72623f09,gravity,124.71,124.71,True
7274c0f2,roman,XLIV,XLIV,True
72764bf5,unit,31.09,31.09,True
7279dd75,roman,LVI,LVI,True
7283eb09,bit,10100110,10100110,True
7291b804,cipher,the ancient king discovers,the ancient king discovers,True
7291f716,unit,16.22,16.21,False
72ab36fc,roman,IX,IX,True
72ae2707,bit,00011001,00011001,True
72b15a2a,cipher,rabbit watches castle,rabbit watches castle,True
72c4f5d7,unit,64.13,64.13,True
72d263a8,bit,00000001,00000001,True
72d5e890,gravity,6.49,6.49,True
72d909e8,roman,IX,IX,True
72d9b836,roman,V,V,True
72e3e38e,roman,LXXXI,LXXXI,True
72e80455,gravity,83.62,83.62,True
72ff47e0,roman,XVII,XVII,True
72ffb208,bit,00001000,00001000,True
7303583b,unit,17.70,17.70,True
7306613b,symbol,,251,False
730d930a,roman,LXIV,LXIV,True
730fc37d,unit,14.98,14.98,True
7312db7e,unit,24.67,24.67,True
7322535e,gravity,22.49,22.49,True
732ac4b4,unit,23.92,23.92,True
733a819b,bit,00111011,00111011,True
733e5dd6,unit,19.87,19.87,True
734cba65,bit,01100110,01100110,True
734ce5d1,unit,17.92,17.92,True
735169d7,gravity,59.13,59.13,True
73539baa,bit,10010110,10010110,True
73570b33,roman,XXII,XXII,True
73584164,roman,XCII,XCII,True
735e29b5,roman,LXVII,LXVII,True
736ae137,bit,01001100,01001100,True
736cdc47,gravity,96.15,96.15,True
7382fefa,cipher,mouse discovers the clever forest,mouse discovers the clever forest,True
73855132,unit,30.67,30.67,True
738d1803,gravity,6.55,6.55,True
738f4928,bit,10010101,10010101,True
738f7c2d,bit,10110011,10110011,True
7392acc5,cipher,wizard sees near library,wizard sees near library,True
739451ab,bit,11011111,11011111,True
73953d4f,unit,45.31,45.32,False
73955ecf,gravity,20.99,20.99,True
73a82df5,gravity,41.24,41.24,True
73aae109,unit,13.09,13.09,True
73acb60a,unit,5.91,5.91,True
73b7b116,bit,00101000,00101000,True
73b7e6d3,unit,18.73,18.73,True
73cb93e8,cipher,hatter discovers around wonderland,hatter discovers around wonderland,True
73cd64f8,cipher,knight studies around island,knight studies around island,True
73cd9008,cipher,mouse watches the bright secret,mouse watches the bright secret,True
73d0b62c,bit,10000111,10000111,True
73de6abc,unit,30.77,30.77,True
73e0994b,symbol,,)<',False
73eac211,cipher,king watches under cave,king watches under cave,True
73f98498,gravity,32.44,32.44,True
74016148,unit,11.74,11.74,True
7403ef93,bit,,10011101,False
740e0460,unit,11.64,11.64,True
741899de,cipher,the hidden rabbit dreams,the hidden rabbit dreams,True
7418fc5e,unit,17.75,17.75,True
741c191c,unit,47.31,47.31,True
74339109,bit,,00000101,False
743a293d,symbol,,2432,False
743c8952,roman,C,C,True
7445911f,cipher,princess creates beyond garden,princess creates beyond garden,True
7447875a,cipher,bird studies door,bird studies door,True
744a2570,symbol,,5,False
744c9882,roman,LXXVIII,LXXVIII,True
74515acf,gravity,17.74,17.74,True
7475f2bf,symbol,,111,False
747dd795,symbol,,?}{,False
74914eac,symbol,,::,False
7491a5db,unit,41.20,41.20,True
74a50b2c,gravity,129.23,129.23,True
74ada555,bit,10000000,10000000,True
74b9b0ec,symbol,,16,False
74d1ad39,roman,LXXIV,LXXIV,True
74d2cde3,unit,22.51,22.51,True
74d3a6ae,unit,18.65,18.65,True
74da6cbe,cipher,hatter chases in ocean,hatter chases in ocean,True
74dfc284,unit,83.07,83.07,True
74e525f0,bit,01001000,01001000,True
74f5e4b9,roman,XCII,XCII,True
74f66f4c,gravity,95.02,95.02,True
74faaa05,unit,28.77,28.77,True
74fee606,cipher,alice chases garden,alice chases garden,True
74fff108,symbol,,49,False
75032b65,symbol,,27,False
75063f2e,unit,31.81,31.81,True
750a324a,roman,XXVII,XXVII,True
750adc0c,symbol,,^/,False
75161f7e,gravity,66.34,66.34,True
751d48a2,bit,00100000,00100000,True
7527104b,gravity,58.70,58.7,False
7528ad60,unit,16.38,16.38,True
7535064e,roman,VI,VI,True
75421960,roman,XXXIV,XXXIV,True
7548703b,unit,7.90,7.90,True
7555bb51,gravity,15.87,15.87,True
755ade1a,gravity,108.06,108.06,True
755b92f8,unit,61.05,61.05,True
75644d4a,gravity,5.63,5.63,True
75645166,symbol,,7952,False
75721550,unit,7.94,7.94,True
758308ea,symbol,,(,False
7588365a,gravity,94.14,94.14,True
75898981,bit,11100010,11100010,True
758d3a83,gravity,30.93,30.93,True
7595a683,gravity,58.51,58.51,True
7596e86d,bit,01111110,01111110,True
759cbdde,symbol,,211,False
759d7b6d,gravity,6.04,6.03,False
75a0a820,unit,27.91,27.91,True
75a8d99a,gravity,98.03,98.02,False
75ac8474,roman,XLV,XLV,True
75af0884,roman,LXII,LXII,True
75b0d1cb,unit,18.03,18.03,True
75b509ad,bit,01100100,01100100,True
75c8715e,symbol,,`^$),False
75cc1eb6,unit,23.34,23.34,True
75cd12f1,bit,00011110,00011110,True
75cd54d8,bit,10000100,10000100,True
75e869dd,bit,01101111,01101111,True
75eaf687,symbol,,96,False
75ec571e,roman,XXX,XXX,True
75ecd32c,bit,11100011,11100011,True
75f339e2,gravity,49.95,49.95,True
76006f59,roman,XXXIX,XXXIX,True
7609c01e,gravity,42.53,42.53,True
7625f639,roman,XXVIII,XXVIII,True
762701da,gravity,57.39,57.39,True
762cfd24,unit,59.54,59.54,True
763c53e3,cipher,student discovers key,student discovers key,True
764b4288,symbol,,72,False
76587d66,symbol,,],False
765c19ab,gravity,215.09,215.09,True
7660ac93,symbol,,{&,False
7669569d,bit,01100010,01100010,True
767174e8,symbol,,]},False
7672adf0,cipher,queen discovers book,queen discovers book,True
7681df4d,symbol,,<,False
7688e06e,symbol,,-55,False
76983293,gravity,76.49,76.49,True
769d2bde,gravity,141.08,141.08,True
76a0c79a,gravity,11.14,11.14,True
76a978ef,cipher,knight creates through palace,knight creates through palace,True
76b79a0c,symbol,,2192,False
76b8deac,cipher,student chases around forest,student chases around forest,True
76be18f8,roman,XCII,XCII,True
76c43525,unit,33.37,33.37,True
76c48f67,symbol,,']#|,False
76c60d62,gravity,21.32,21.32,True
76c613de,cipher,king follows near castle,king follows near castle,True
76cd9376,gravity,85.98,85.98,True
76d2ee64,symbol,,9402,False
76d51969,gravity,85.88,85.88,True
76de5b28,unit,17.65,17.65,True
76df3bf6,unit,14.90,14.89,False
76e6f646,symbol,,6557,False
76f01050,unit,67.58,67.58,True
76f1a7f7,roman,XXXVI,XXXVI,True
76f3250f,gravity,70.75,70.74,False
76f43fb5,roman,XXXI,XXXI,True
76f535d3,gravity,10.62,10.62,True
76faca6d,cipher,teacher watches key,teacher watches key,True
76fbfa25,bit,10101101,10101101,True
771472d6,symbol,,-'?,False
77181688,cipher,hatter sees message,hatter sees message,True
7727f9c4,roman,XIX,XIX,True
77298199,bit,10011000,10011000,True
772f3fb2,roman,LXXXIV,LXXXIV,True
7730cbd4,roman,XXXII,XXXII,True
77365caf,symbol,,$|,False
77393a4b,roman,LIV,LIV,True
773ca8a9,symbol,,83,False
7746546c,cipher,the golden student sees,the golden student sees,True
775f98a6,unit,23.70,23.70,True
77602e0f,bit,,11001101,False
7760ffcd,unit,67.80,67.80,True
77665807,gravity,113.44,113.44,True
776baab6,roman,XXIII,XXIII,True
77804b32,bit,00010110,00010110,True
77819d4e,bit,10111101,10111101,True
7781eb75,gravity,116.17,116.18,False
7787abd9,unit,8.07,8.07,True
778c5108,unit,6.17,6.17,True
778ea123,unit,10.00,10.00,True
779bb1f3,bit,10000001,10000001,True
779d2da7,roman,XL,XL,True
779e363e,gravity,74.65,74.65,True
779f2f4a,gravity,14.34,14.34,True
77b45d63,roman,XXXII,XXXII,True
77b8baff,roman,VIII,VIII,True
77bf2bee,cipher,rabbit discovers garden,rabbit discovers garden,True
77c410ac,gravity,6.96,6.96,True
77c4e4ce,cipher,bird dreams the magical forest,bird dreams the magical forest,True
77cb2947,roman,LXXVI,LXXVI,True
77e60a3e,bit,,00010110,False
77f17a8f,bit,,00011111,False
77f7d1e9,gravity,121.05,121.05,True
78002bf2,symbol,,:,False
7809be22,roman,XCI,XCI,True
780bf5c8,bit,00000000,00000000,True
780d3ceb,gravity,79.35,79.35,True
781a58e5,unit,33.69,33.69,True
7823b991,roman,XI,XI,True
7826240a,roman,XXXVIII,XXXVIII,True
782dfb49,bit,10101010,10101010,True
782e9e0f,cipher,rabbit creates the colorful puzzle,rabbit creates the colorful puzzle,True
783a1317,bit,00111110,00111110,True
784f2608,cipher,the wise queen writes,the wise queen writes,True
7851d905,roman,LVII,LVII,True
7853312a,cipher,the clever bird dreams,the clever bird dreams,True
78616706,bit,00000111,00000111,True
7870aff7,cipher,mouse follows the silver treasure,mouse follows the silver treasure,True
7877dd7f,bit,11101000,11101000,True
787a1344,symbol,,-[\,False
788601f7,gravity,198.64,198.64,True
78989fb5,bit,01100001,01100001,True
789b83ce,bit,00001110,00001110,True
78cf1c8f,bit,00000100,00000100,True
78d02fc5,bit,,11001001,False
78d6a133,roman,LXXXV,LXXXV,True
78d9d61d,bit,00001001,00001001,True
78db4aa3,bit,,11011011,False
78dc9bcb,cipher,princess found the wise forest,princess found the wise forest,True
78e6dfa5,cipher,teacher found the silver book,teacher found the silver book,True
78ee6d59,gravity,128.39,128.39,True
78f78c8e,roman,XVI,XVI,True
78fd8106,cipher,cat follows mirror,cat follows mirror,True
7900ca32,unit,24.90,24.90,True
790d2fa8,bit,11011001,11011001,True
790e0153,bit,11101011,11101011,True
791056ce,symbol,,4922,False
791fc537,symbol,,5342,False
7924844c,symbol,,-(,False
792a58ee,roman,LXXVII,LXXVII,True
792a5ccd,bit,10101100,10101100,True
79328f58,cipher,bird imagines the bright mirror,bird imagines the bright mirror,True
7933172a,symbol,,^/&`,False
79365e7c,cipher,the colorful turtle dreams,the colorful turtle dreams,True
794361a4,roman,IX,IX,True
79450a97,cipher,student creates beyond school,student creates beyond school,True
794d0a6d,gravity,140.76,140.76,True
794dcc94,cipher,the mysterious knight writes,the mysterious knight writes,True
794f71ed,symbol,,5432,False
7958e2ea,unit,45.90,45.90,True
795c6154,roman,XXXIV,XXXIV,True
79655cea,unit,66.17,66.17,True
7969952e,unit,6.31,6.31,True
796c8b63,bit,11111101,11111101,True
7973c1b7,bit,,11000111,False
7973ccd8,gravity,5.16,5.16,True
797ae611,roman,XXXIX,XXXIX,True
7987a44b,bit,00010001,00010001,True
798a2a6c,roman,XCVI,XCVI,True
799130f6,unit,52.19,52.19,True
7993452d,symbol,,-^],False
7999909b,cipher,bird chases secret,bird chases secret,True
799c6822,bit,01101110,01101110,True
79a02d7d,cipher,rabbit dreams the wise map,rabbit dreams the wise map,True
79accb89,unit,64.11,64.11,True
79acd75c,symbol,,8613,False
79b416f7,unit,39.81,39.81,True
79c81d5e,symbol,,:],False
79c84e68,cipher,mouse sees the magical crystal,mouse sees the magical crystal,True
79d75bc3,cipher,hatter watches beyond valley,hatter watches beyond valley,True
79e6b8ed,roman,XCIII,XCIII,True
79eace73,roman,XLVII,XLVII,True
79f29eb5,symbol,,2370,False
79f5e777,cipher,princess dreams the dark garden,princess dreams the dark garden,True
7a015e53,cipher,hatter chases the golden mirror,hatter chases the golden mirror,True
7a17137f,symbol,,{{&,False
7a39cbcd,gravity,12.86,12.86,True
7a3ed1ef,bit,00010110,00010110,True
7a4063e6,bit,10010110,10010110,True
7a422e17,symbol,,%'!,False
7a4744f6,gravity,25.72,25.72,True
7a5cfe3e,symbol,,-#>,False
7a5d00a7,bit,11110011,11110011,True
7a65a8eb,symbol,,}'#',False
7a73d9ab,cipher,the clever rabbit studies,the clever rabbit studies,True
7a79ac09,bit,11111111,11111111,True
7a803dc3,cipher,cat follows in ocean,cat follows in ocean,True
7a88bbc5,cipher,king chases the secret message,king chases the secret message,True
7a895e9c,gravity,23.62,23.62,True
7a9561b2,cipher,wizard sees near cave,wizard sees near cave,True
7a962e17,symbol,,361,False
7a9711b1,symbol,,1838,False
7aa4fdf0,bit,00000001,00000001,True
7aa5f509,unit,66.13,66.13,True
7aa86ac4,cipher,teacher watches inside garden,teacher watches inside garden,True
7ab01f65,gravity,38.69,38.69,True
7ab239bd,cipher,wizard explores garden,wizard explores garden,True
7ab7b63d,gravity,40.38,40.37,False
7aba9046,bit,00011010,00011010,True
7abab429,bit,00000000,00000000,True
7ac08cbd,cipher,rabbit watches the secret potion,rabbit watches the secret potion,True
7ac90433,symbol,,-23,False
7aca8470,unit,23.90,23.90,True
7ae13c98,unit,55.19,55.19,True
7ae46d52,gravity,22.12,22.12,True
7af6e047,bit,11001110,11001110,True
7af9007a,roman,LX,LX,True
7b060b56,gravity,22.59,22.59,True
7b0766ff,gravity,73.61,73.61,True
7b107eec,bit,,10110101,False
7b16f94b,unit,26.32,26.32,True
7b1f2422,unit,47.86,47.86,True
7b252a2d,unit,5.02,5.02,True
7b26e296,bit,11011100,11011100,True
7b2c9d36,unit,60.06,60.05,False
7b38ff97,bit,00100000,00100000,True
7b3b37d5,gravity,25.51,25.51,True
7b3d06f7,symbol,,|,False
7b412ac0,bit,11101010,11101010,True
7b47f88d,gravity,9.00,9.0,False
7b4ac17a,bit,,11010101,False
7b6f55dc,bit,10011110,10011110,True
7b744881,unit,33.38,33.38,True
7b8e2063,unit,46.78,46.78,True
7b8e4432,cipher,queen creates treasure,queen creates treasure,True
7b9c21ea,gravity,7.08,7.08,True
7ba328ff,cipher,the colorful bird watches,the colorful bird watches,True
7baaeeb8,unit,23.38,23.38,True
7bad754f,bit,,11110011,False
7bc73bd1,gravity,119.47,119.46,False
7bc77ef3,gravity,143.12,143.12,True
7bca3456,cipher,queen watches inside ocean,queen watches inside ocean,True
7bd41bc3,unit,5.24,5.24,True
7bd5f8b9,symbol,,0,False
7bdce2c9,unit,19.47,19.48,False
7c04e938,cipher,student imagines under valley,student imagines under valley,True
7c0569e8,unit,20.88,20.88,True
7c0a61a9,gravity,118.90,118.9,False
7c0c5227,symbol,,14,False
7c0e238e,symbol,,*^:,False
7c0eafc7,unit,11.15,11.15,True
7c1685b2,unit,79.26,79.26,True
7c206ce2,bit,00000000,00000000,True
7c27d6df,bit,,00101101,False
7c2de6ec,cipher,the ancient knight found,the ancient knight found,True
7c30fc77,gravity,33.15,33.15,True
7c3a313c,gravity,81.89,81.89,True
7c41629c,roman,XII,XII,True
7c494c86,unit,22.62,22.62,True
7c4db527,bit,,11100001,False
7c538bb0,bit,,10110110,False
7c5c7b73,symbol,,13,False
7c68cc31,gravity,26.34,26.34,True
7c6950c4,bit,01000111,01000111,True
7c6fce02,symbol,,:<,False
7c72ad99,symbol,,2733,False
7c7d5ce9,unit,17.08,17.08,True
7c8dd1ee,cipher,the secret dragon draws,the secret dragon draws,True
7c95b4ad,roman,VI,VI,True
7c980689,bit,11000011,11000011,True
7c98342c,unit,14.88,14.88,True
7c99ca45,bit,10100000,10100000,True
7cac497a,symbol,,"%""""`",False
7cb0f4c4,symbol,,$>@!,False
7cb3089e,symbol,,}%,False
7cc03210,roman,X,X,True
7cc3a5c9,unit,15.41,15.41,True
7cc5442c,symbol,,>#)>,False
7cc61ea9,bit,10100101,10100101,True
7ccd8915,roman,LXXXVI,LXXXVI,True
7ce54d1f,unit,66.69,66.69,True
7cea9097,roman,XLI,XLI,True
7cebe578,cipher,princess studies the secret garden,princess studies the secret garden,True
7cec4e83,unit,79.00,79.00,True
7cf481af,gravity,15.34,15.34,True
7cfeb16a,cipher,turtle watches near valley,turtle watches near valley,True
7d080867,cipher,teacher writes the curious story,teacher writes the curious story,True
7d279557,symbol,,::#,False
7d285dce,cipher,student explores through island,student explores through island,True
7d2e2224,cipher,princess discovers above palace,princess discovers above palace,True
7d301a45,cipher,king reads around castle,king reads around castle,True
7d30aa09,gravity,80.60,80.59,False
7d37ca05,cipher,dragon sees above cave,dragon sees above cave,True
7d458dfa,unit,8.86,8.86,True
7d5174d4,unit,25.00,25.00,True
7d54dff5,roman,XXIX,XXIX,True
7d5a614a,roman,VI,VI,True
7d5a62f0,gravity,41.93,41.93,True
7d5e3349,roman,LXII,LXII,True
7d631197,cipher,teacher creates treasure,teacher creates treasure,True
7d6d58a3,gravity,97.43,97.43,True
7d6e91fd,cipher,the secret turtle found,the secret turtle found,True
7d7e9602,gravity,60.05,60.05,True
7d8f22b1,symbol,,#)>|,False
7d8fe3a8,symbol,,7644,False
7d9f6c40,symbol,,461,False
7d9ff0d2,symbol,,(,False
7db0f3ee,symbol,,[]|,False
7db5c1af,symbol,,'@:,False
7db72717,symbol,,%),False
7dba5d8b,bit,,11011111,False
7dbaea4b,symbol,,[),False
7dc294d8,gravity,71.76,71.75,False
7dc2bd2d,gravity,6.07,6.07,True
7dc95459,roman,LI,LI,True
7dd191e9,cipher,cat reads the curious crystal,cat reads the curious crystal,True
7dd5d514,gravity,85.01,85.01,True
7dd9334d,gravity,138.11,138.11,True
7dda37fc,unit,20.56,20.56,True
7de78987,roman,XLI,XLI,True
7dec2e14,bit,01001100,01001100,True
7df5f409,cipher,hatter explores story,hatter explores story,True
7dfcc56e,roman,XXIV,XXIV,True
7e184ef2,roman,LIII,LIII,True
7e19acde,unit,15.69,15.69,True
7e230b4a,roman,XIX,XIX,True
7e23fca9,unit,73.12,73.11,False
7e246b00,bit,,01110011,False
7e26adf6,gravity,84.10,84.1,False
7e2987db,unit,61.03,61.03,True
7e2e8a95,symbol,,5419,False
7e341937,unit,17.73,17.73,True
7e3790e9,roman,LXXXII,LXXXII,True
7e3e574b,gravity,109.33,109.33,True
7e3fefc6,symbol,,?,False
7e47c718,gravity,62.61,62.61,True
7e4ca5bc,roman,LVI,LVI,True
7e527a97,bit,00000110,00000110,True
7e577681,bit,,11101011,False
7e5b8c12,bit,10110000,10110000,True
7e6b95cd,cipher,hatter discovers the golden book,hatter discovers the golden book,True
7e7f9b6e,roman,XCI,XCI,True
7e8cc419,roman,LXXVIII,LXXVIII,True
7e951460,unit,29.56,29.56,True
7e98a15f,roman,LIII,LIII,True
7eaa679e,bit,10110101,10110101,True
7eaadb01,bit,,00100111,False
7ead7f8c,unit,62.68,62.68,True
7eb18f4c,unit,78.21,78.21,True
7eb35361,gravity,85.76,85.76,True
7eb3d8cc,unit,49.58,49.58,True
7ebd3dce,cipher,dragon found the clever forest,dragon found the clever forest,True
7ecdae14,symbol,,4361,False
7ed1cc05,roman,LI,LI,True
7ed40e8a,symbol,,180,False
7ed809c8,bit,11000000,11000000,True
7edceb37,symbol,,<$,False
7ee39525,gravity,145.57,145.57,True
7eecd498,symbol,,^:`!,False
7ef4d5d6,symbol,,>42,False
7ef72e34,cipher,queen imagines the magical story,queen imagines the magical story,True
7ef81403,unit,28.04,28.04,True
7f00bd5f,cipher,bird watches the colorful key,bird watches the colorful key,True
7f0346b6,unit,54.27,54.27,True
7f125280,bit,00001010,00001010,True
7f1d4034,cipher,rabbit dreams door,rabbit dreams door,True
7f21620f,symbol,,")""/{",False
7f2ba869,unit,62.60,62.60,True
7f2e1469,bit,11111010,11111010,True
7f2e9684,gravity,17.06,17.06,True
7f3444dc,cipher,the golden mouse dreams,the golden mouse dreams,True
7f3ad303,cipher,king writes the dark castle,king writes the dark castle,True
7f4262a6,roman,XCV,XCV,True
7f4eb498,cipher,mouse dreams the golden potion,mouse dreams the golden potion,True
7f4fc924,symbol,,+[`,False
7f56ce0a,cipher,knight chases through valley,knight chases through valley,True
7f5758a8,symbol,,'!!,False
7f5ff434,cipher,king creates castle,king creates castle,True
7f66805e,roman,LXXXIII,LXXXIII,True
7f676cdc,cipher,alice studies the strange map,alice studies the strange map,True
7f693bf8,gravity,92.23,92.23,True
7f6baac7,bit,01001000,01001000,True
7f73016f,bit,,01010110,False
7f7340d6,cipher,turtle writes the clever forest,turtle writes the clever forest,True
7f8370fa,unit,19.04,19.04,True
7f86da55,cipher,the ancient teacher watches,the ancient teacher watches,True
7f87ebba,cipher,the dark princess studies,the dark princess studies,True
7f8b8c7c,gravity,20.60,20.6,False
7f8f89aa,cipher,teacher creates castle,teacher creates castle,True
7f9faa17,cipher,cat discovers the bright treasure,cat discovers the bright treasure,True
7fac6de1,cipher,student discovers near village,student discovers near village,True
7fae2ece,bit,01011110,01011110,True
7faeba59,cipher,teacher studies inside forest,teacher studies inside forest,True
7fc73970,unit,13.37,13.37,True
7fcfe0db,roman,XCII,XCII,True
7fe5361b,unit,47.00,47.00,True
7fec1d14,bit,,00101010,False
7ff1a44d,gravity,42.11,42.11,True
7ff6d6c3,bit,00000010,00000010,True
8000348f,unit,80.60,80.60,True
80076e4c,gravity,144.02,144.02,True
80082389,symbol,,"""{""",False
8011cb24,symbol,,:64,False
801816a0,gravity,37.42,37.42,True
8021718e,symbol,,6479,False
8021df84,cipher,queen creates the colorful key,queen creates the colorful key,True
802a0b0d,cipher,cat studies the hidden garden,cat studies the hidden garden,True
802c3591,symbol,,"`""""""",False
80311ce2,gravity,21.48,21.48,True
80332047,roman,XX,XX,True
803e5dd1,gravity,9.31,9.31,True
8043a9d2,symbol,,$|\:,False
805242d9,gravity,63.84,63.85,False
80549a8f,roman,IX,IX,True
805bd2cf,unit,20.02,20.02,True
806677d9,unit,78.31,78.31,True
806eba07,symbol,,321,False
80761f89,gravity,47.07,47.07,True
8076c574,bit,10111110,10111110,True
807c4206,bit,10111000,10111000,True
8082a958,bit,00000000,00000000,True
8088d63c,cipher,teacher reads the clever key,teacher reads the clever key,True
808a8f62,symbol,,62,False
808b4e4b,cipher,the wise teacher creates,the wise teacher creates,True
8090718b,symbol,,:/^?,False
80926ad7,roman,XCVIII,XCVIII,True
80a09335,roman,LXXXVI,LXXXVI,True
80a4ccdc,unit,37.80,37.80,True
80ac5a9f,gravity,27.31,27.31,True
80baa02a,cipher,student watches above library,student watches above library,True
80c4ae05,symbol,,"}$""",False
80d1ffd0,cipher,knight studies through library,knight studies through library,True
80d44fe3,symbol,,72,False
80e2775c,bit,01000000,01000000,True
80fdaa17,unit,13.46,13.46,True
810028f1,symbol,,-&\,False
81042133,gravity,152.24,152.24,True
81068064,bit,00111001,00111001,True
810a37bf,cipher,wizard draws the silver puzzle,wizard draws the silver puzzle,True
811a97f4,gravity,57.56,57.56,True
811cf872,roman,LI,LI,True
811f5f56,symbol,,\^^@,False
812131f1,bit,11111011,11111011,True
812c12cb,symbol,,-1,False
812ebe7e,unit,7.12,7.12,True
81323d52,bit,10110001,10110001,True
81385151,gravity,19.34,19.34,True
8138d35c,gravity,213.37,213.37,True
813f2402,bit,00000011,00000011,True
814b1fef,gravity,5.06,5.06,True
81522f20,bit,00000010,00000010,True
815485e9,cipher,bird imagines above castle,bird imagines above castle,True
8154fbdc,symbol,,8481,False
815507cd,bit,,10110111,False
8158a14c,symbol,,46,False
815f4dc5,gravity,204.94,204.94,True
8164b9a1,gravity,5.85,5.85,True
8165bc0d,unit,8.67,8.67,True
816ba8c0,unit,20.04,20.04,True
8171b6d9,gravity,27.55,27.55,True
8171f73c,bit,00000001,00000001,True
8187e517,symbol,,@&#,False
8192dc96,cipher,knight imagines the bright castle,knight imagines the bright castle,True
8193e7e0,symbol,,??{`,False
819976a8,unit,23.69,23.69,True
819c48f8,gravity,86.36,86.36,True
81a1d399,bit,00110011,00110011,True
81a732c6,roman,LXXXIII,LXXXIII,True
81b6d789,symbol,,&)@!,False
81c48679,roman,XXX,XXX,True
81c7ba7a,symbol,,?14,False
81da0167,roman,XXXIV,XXXIV,True
81dc7e60,roman,XCII,XCII,True
81e00ad3,cipher,queen dreams garden,queen dreams garden,True
81e39cf5,bit,01011100,01011100,True
81e49930,unit,36.20,36.20,True
81f38f82,unit,23.74,23.74,True
820c588f,bit,00000000,00000000,True
82109e34,symbol,,-@>,False
8211fd2f,bit,,10111111,False
8212d076,roman,LVIII,LVIII,True
821e386f,unit,7.71,7.72,False
822338a2,roman,XX,XX,True
82300323,unit,50.61,50.61,True
8236f7f7,unit,42.56,42.56,True
823be38e,bit,01110100,01110100,True
823c8278,symbol,,|:,False
8243c91e,bit,01000101,01000101,True
82453ed5,cipher,the dark hatter sees,the dark hatter sees,True
824c9c37,gravity,75.59,75.59,True
824d4bcb,symbol,,64:,False
825006dd,roman,XXXIX,XXXIX,True
8266c488,gravity,131.85,131.85,True
826a32cd,bit,00011110,00011110,True
826b7024,unit,9.58,9.59,False
826bf843,symbol,,-$),False
8270d538,unit,53.84,53.84,True
82721bb8,roman,XC,XC,True
8273103b,unit,55.10,55.10,True
827a6b1b,gravity,54.06,54.06,True
828cb639,roman,XIII,XIII,True
82a50e8b,unit,81.87,81.86,False
82abdd43,roman,XXXI,XXXI,True
82acc609,bit,10111010,10111010,True
82ae858c,bit,,11001101,False
82b16d02,unit,16.27,16.28,False
82b32563,symbol,,^\%\,False
82b81363,unit,20.60,20.60,True
82baf39f,symbol,,`<@,False
82be0b50,gravity,79.86,79.86,True
82c506bf,unit,14.91,14.91,True
82c9f137,symbol,,&%,False
82d14e7a,unit,45.52,45.53,False
82d62b8a,roman,IV,IV,True
82d937aa,bit,11111010,11111011,False
82e5ffe6,gravity,41.13,41.13,True
82f5bb65,roman,IV,IV,True
82f719f4,roman,LXXV,LXXV,True
83074095,unit,39.12,39.12,True
830cce4f,gravity,6.68,6.68,True
83140233,cipher,dragon discovers around valley,dragon discovers around valley,True
8321a400,symbol,,6915,False
83258e90,roman,LXXVI,LXXVI,True
8326116b,symbol,,{{@?,False
832732a8,gravity,16.11,16.11,True
83428303,gravity,35.79,35.79,True
8345a7d4,unit,49.55,49.55,True
834e16b4,unit,16.61,16.61,True
834f6698,roman,XLII,XLII,True
835aca57,bit,00000000,00000000,True
835c56b6,bit,01110100,01110100,True
835d7556,unit,19.41,19.41,True
835edcfa,cipher,queen writes in garden,queen writes in garden,True
836b85e8,bit,00000000,00000000,True
836d6c4a,symbol,,5643,False
8373daa8,symbol,,84,False
837a6ae7,symbol,,<>\>,False
837af955,symbol,,0814,False
837d7158,bit,00110100,00110100,True
8387401f,gravity,177.24,177.24,True
838981e4,roman,XCIX,XCIX,True
8395d060,symbol,,?'@!,False
8397452d,unit,40.61,40.61,True
839e7350,bit,00111011,00111011,True
83a2d3e7,gravity,16.80,16.8,False
83a70d48,bit,00000100,00000100,True
83ab128f,unit,36.93,36.93,True
83bea6b2,bit,10111011,10111011,True
83bf3ad9,unit,13.55,13.55,True
83c1c364,unit,26.47,26.47,True
83c4301f,cipher,dragon creates puzzle,dragon creates puzzle,True
83c4e6af,roman,LXVI,LXVI,True
83cd9746,unit,28.73,28.73,True
83cdf5f5,unit,29.61,29.61,True
83d0266a,unit,7.21,7.21,True
83d7dcd4,symbol,,?|`,False
83dcb60d,gravity,49.63,49.63,True
83e7b19c,unit,52.17,52.17,True
83f2724b,symbol,,22,False
840050ec,bit,10001010,10001010,True
84030b0b,symbol,,24,False
8405e016,gravity,74.21,74.21,True
84153a72,cipher,king reads the curious map,king reads the curious map,True
841f00f1,roman,LXVI,LXVI,True
842bd6bf,gravity,142.38,142.37,False
842c7710,symbol,,///,False
843617ae,gravity,78.64,78.64,True
84396c85,roman,LXXIII,LXXIII,True
843f43c4,cipher,the curious princess chases,the curious princess chases,True
84437fac,unit,7.95,7.95,True
84443cbe,gravity,6.64,6.64,True
844f826c,symbol,,"/""",False
845a4a02,unit,44.38,44.38,True
845e726e,symbol,,051,False
845fee60,bit,01110000,01110000,True
846176af,bit,01000000,01000000,True
8463d32e,roman,XV,XV,True
8463d65e,unit,19.02,19.02,True
84648312,unit,39.62,39.62,True
846e47e4,roman,XXXIII,XXXIII,True
8471932e,gravity,156.35,156.35,True
8479c182,roman,XXX,XXX,True
847d8897,bit,00000000,00000000,True
8487bb65,unit,26.02,26.02,True
8494aad3,symbol,,"""`#&",False
849b4524,cipher,mouse watches treasure,mouse watches treasure,True
84af5d7e,symbol,,6155,False
84b0c936,cipher,cat explores book,cat explores book,True
84b4b07b,bit,10111111,10111111,True
84ca908f,gravity,34.49,34.49,True
84d10c70,cipher,bird sees the clever mirror,bird sees the clever mirror,True
84d1a0d6,cipher,dragon imagines forest,dragon imagines forest,True
84d7b0a4,roman,I,I,True
84e3f9f7,bit,01100001,01100001,True
84e91011,unit,9.91,9.91,True
84e9f6ff,gravity,58.89,58.89,True
850dc715,symbol,,3395,False
8516d41e,cipher,the mysterious turtle dreams,the mysterious turtle dreams,True
8517589e,cipher,the bright wizard explores,the bright wizard explores,True
851a22cb,bit,00001010,00001010,True
851c53be,bit,10000101,10000101,True
8520f3f7,cipher,king writes mirror,king writes mirror,True
852100b7,unit,33.26,33.26,True
85212526,unit,45.43,45.43,True
8526a49d,gravity,103.04,103.04,True
8528c245,roman,XXXIX,XXXIX,True
852a6f48,symbol,,\\,False
852d16cb,symbol,,-7,False
853849cc,gravity,14.73,14.73,True
853a0e3b,gravity,76.82,76.83,False
853dcb9c,roman,LXXXV,LXXXV,True
8548b0b1,roman,XVIII,XVIII,True
85540317,roman,XLII,XLII,True
85562911,roman,XXXIX,XXXIX,True
855b5480,bit,01111010,01111010,True
855c5efe,cipher,the golden knight dreams,the golden knight dreams,True
85610cf5,unit,38.98,38.98,True
85617632,cipher,hatter writes the ancient map,hatter writes the ancient map,True
85668c7e,gravity,53.31,53.32,False
856a4fda,cipher,the wise king draws,the wise king draws,True
8582e414,gravity,142.21,142.2,False
858921f6,roman,XLVI,XLVI,True
85949925,cipher,the golden wizard dreams,the golden wizard dreams,True
85999169,unit,20.65,20.65,True
859a3ca8,bit,,00111110,False
859d8041,roman,XII,XII,True
85a2e557,gravity,23.50,23.5,False
85af23eb,bit,00001111,00001111,True
85b9bc03,cipher,the dark wizard explores,the dark wizard explores,True
85bc954c,gravity,47.05,47.05,True
85c3706f,cipher,dragon follows inside village,dragon follows inside village,True
85c5b2a2,symbol,,$<$$,False
85c6761c,roman,LXXXIX,LXXXIX,True
85c8fc5e,roman,XXXVII,XXXVII,True
85c993cb,cipher,the ancient knight studies,the ancient knight studies,True
85d800c7,roman,XXXI,XXXI,True
85d877a2,roman,XXII,XXII,True
85dc976c,symbol,,}:,False
85e52efe,gravity,32.01,32.01,True
85e7ec53,cipher,turtle studies near school,turtle studies near school,True
85edf718,roman,LII,LII,True
85f17a62,cipher,dragon imagines the silver book,dragon imagines the silver book,True
8604b31b,roman,XCVII,XCVII,True
86070fef,unit,69.88,69.88,True
86088a1b,symbol,,&,False
8610c227,bit,11010000,11010000,True
861a8c1d,unit,82.63,82.63,True
861cb0b2,symbol,,%,False
861cb154,symbol,,2271,False
861dc9fe,unit,42.31,42.32,False
861f02de,roman,XVII,XVII,True
8624dce7,roman,XLI,XLI,True
8631d7b6,bit,10000000,00000000,False
8636afa1,roman,LXV,LXV,True
863ce62a,cipher,turtle creates the golden message,turtle creates the golden message,True
8647cfb4,bit,00101011,00101011,True
86539880,roman,XXVI,XXVI,True
865eab39,symbol,,#$,False
865eca43,symbol,,',False
867b8d6c,cipher,mouse draws the mysterious mirror,mouse draws the mysterious mirror,True
867d9b19,symbol,,$#,False
869eafba,roman,LII,LII,True
86b727ff,bit,01000000,01000000,True
86b8f246,gravity,120.19,120.19,True
86c05d22,gravity,95.78,95.78,True
86ccbdf7,symbol,,:|,False
86cda2ec,symbol,,13,False
86d4db61,roman,VIII,VIII,True
86e91f7d,bit,00000001,00000001,True
87007054,bit,10111111,10111111,True
870574cf,roman,LII,LII,True
870cfd97,roman,XCVII,XCVII,True
872362a3,unit,35.44,35.44,True
872c96f1,bit,00010000,00010000,True
872ca2f9,bit,11111010,11111010,True
87312ffc,roman,VII,VII,True
87342969,unit,64.02,64.02,True
873b8ea2,bit,01110010,01110010,True
873db266,cipher,alice follows around valley,alice follows around valley,True
8740ed31,bit,01101000,01101000,True
874285f9,roman,LXXV,LXXV,True
87450705,unit,86.68,86.67,False
874fb96a,unit,13.56,13.56,True
8753cdcc,symbol,,"'""""",False
87540e96,cipher,rabbit creates castle,rabbit creates castle,True
8755df36,unit,43.05,43.05,True
875a4b4b,gravity,64.50,64.5,False
875ddb60,symbol,,"""<",False
876806f0,bit,01000101,01000101,True
87711597,symbol,,01,False
8785d0c3,bit,00000000,00000000,True
8789bd45,bit,00010010,00010010,True
878b30a1,gravity,59.66,59.66,True
878c843c,symbol,,35,False
8795cc4c,gravity,97.66,97.66,True
87a89786,symbol,,17,False
87a902eb,symbol,,047,False
87bc4751,gravity,34.14,34.14,True
87bc66e7,roman,LXI,LXI,True
87bdf6d8,cipher,the strange alice imagines,the strange alice imagines,True
87c4e31b,bit,,00010111,False
87cc5c99,gravity,12.56,12.56,True
87df28a6,gravity,12.99,12.99,True
87eb6301,cipher,mouse studies the magical puzzle,mouse studies the magical puzzle,True
87eb7ce0,gravity,29.13,29.13,True
87f02def,cipher,knight chases puzzle,knight chases puzzle,True
8814e4a7,roman,LXX,LXX,True
882153ed,unit,25.63,25.63,True
88245d05,unit,26.38,26.38,True
882ae49a,cipher,the dark princess writes,the dark princess writes,True
88330166,roman,LXXIX,LXXIX,True
88368638,roman,XLIX,XLIX,True
883a7f5d,unit,19.15,19.15,True
883e87f4,roman,LXII,LXII,True
8848a9cd,roman,LXI,LXI,True
884aee1f,unit,62.57,62.58,False
884c4632,gravity,60.48,60.48,True
8859343f,cipher,the silver student sees,the silver student sees,True
885c8b51,bit,00000001,00000001,True
8860525a,unit,32.21,32.21,True
8866c3fa,gravity,212.43,212.43,True
888069cb,bit,00000010,00000010,True
8880d554,cipher,dragon watches potion,dragon watches potion,True
88825a6e,roman,XLIX,XLIX,True
88872de7,bit,00000010,00000010,True
888c8e78,roman,LXXI,LXXI,True
8894d0bf,cipher,hatter discovers puzzle,hatter discovers puzzle,True
889771e8,unit,38.91,38.91,True
88ae9960,bit,00000000,00000000,True
88afd9a7,unit,15.67,15.67,True
88b43464,symbol,,5311,False
88b81063,cipher,the strange teacher discovers,the strange teacher discovers,True
88c170e5,gravity,45.77,45.77,True
88c42af7,unit,30.17,30.17,True
88c482d3,bit,00100001,00100001,True
88c93c2c,symbol,,2842,False
88ca8c4a,bit,00001001,00001001,True
88e37622,gravity,77.28,77.28,True
88e490b2,unit,18.45,18.45,True
88ee1e88,roman,XXIX,XXIX,True
88f6a807,cipher,student sees near valley,student sees near valley,True
88fe5a52,symbol,,8065,False
88fff090,bit,01101000,01101000,True
8916a10d,symbol,,::,False
891942ba,symbol,,03,False
892d73b5,bit,00010101,00010101,True
8930d8eb,cipher,wizard studies in island,wizard studies in island,True
89372649,gravity,24.38,24.38,True
89381b04,roman,LXXXVI,LXXXVI,True
893908bc,roman,LXXVII,LXXVII,True
893ffb06,symbol,,-@',False
894bd189,cipher,rabbit explores mirror,rabbit explores mirror,True
8962872b,symbol,,%`&,False
8970138c,roman,IX,IX,True
89780a3c,symbol,,128,False
8982c48b,bit,00100001,00100001,True
8987bfba,unit,17.11,17.11,True
898bc85a,symbol,,^[[,False
898e4973,roman,XXVIII,XXVIII,True
89906f16,bit,00000011,00000011,True
8995b70e,cipher,teacher follows the magical treasure,teacher follows the magical treasure,True
899b479d,bit,11011100,11011100,True
899e7ce8,symbol,,1@,False
899e9abc,symbol,,"[""",False
89a99760,unit,19.09,19.09,True
89af5175,gravity,29.78,29.78,True
89b232e6,gravity,202.10,202.1,False
89b49cca,roman,XXV,XXV,True
89bcfe7c,bit,00000000,00000000,True
89c1c859,unit,12.55,12.55,True
89cdf173,gravity,119.12,119.1,False
89dfa4c2,bit,00111010,00111010,True
89e7d0e2,unit,37.96,37.96,True
89e9c89d,gravity,135.82,135.82,True
89ec16a8,gravity,65.61,65.61,True
89eef865,gravity,30.38,30.38,True
89ef2fa0,unit,27.01,27.01,True
89f164d6,gravity,72.02,72.02,True
89ff5526,bit,11011101,11011101,True
89ffdb5f,unit,13.84,13.84,True
8a04fbe3,bit,00010001,00010001,True
8a057351,bit,,01110111,False
8a06ca17,unit,53.49,53.48,False
8a0867ce,bit,01110111,01110111,True
8a0c1aab,symbol,,<,False
8a0c67a5,gravity,6.80,6.8,False
8a141b71,cipher,king reads above castle,king reads above castle,True
8a15edaa,symbol,,%\,False
8a1a2c31,bit,00001010,00001010,True
8a1bdd48,symbol,,`\&[,False
8a24aef9,gravity,138.45,138.45,True
8a2c5a6a,gravity,26.51,26.51,True
8a345538,gravity,57.42,57.42,True
8a382428,bit,01100110,01100110,True
8a388d63,cipher,dragon draws secret,dragon draws secret,True
8a45a3d4,bit,,11111111,False
8a495594,cipher,the golden queen imagines,the golden queen imagines,True
8a5742e1,bit,00010000,00010000,True
8a5b0cd9,roman,LVII,LVII,True
8a68d02a,roman,LXXXIX,LXXXIX,True
8a6d10b1,gravity,23.30,23.3,False
8a702bee,roman,XIII,XIII,True
8a7c4c34,roman,VIII,VIII,True
8a800607,symbol,,2,False
8a8821fc,unit,61.79,61.79,True
8a89300d,bit,10001001,10001001,True
8a90b438,unit,44.77,44.78,False
8a95878c,unit,46.05,46.05,True
8a9ad640,gravity,140.37,140.37,True
8aa757ad,cipher,student imagines door,student imagines door,True
8aaacfb8,unit,72.55,72.55,True
8ab01aff,gravity,85.23,85.23,True
8abcff0f,bit,11110111,11110111,True
8ac1a11a,bit,01111011,01111011,True
8ac26c2f,roman,XX,XX,True
8ac52d78,bit,00010000,00010000,True
8ad0116e,bit,01000100,01000100,True
8ae8e12a,symbol,,9,False
8aeb5015,gravity,25.18,25.18,True
8af3e99e,unit,59.46,59.46,True
8af4f620,roman,XVIII,XVIII,True
8afb53aa,gravity,111.33,111.33,True
8aff5fc4,roman,III,III,True
8affee55,unit,77.32,77.32,True
8b0a3fb5,unit,3.47,3.47,True
8b0a6cdf,gravity,68.54,68.54,True
8b0a88c3,cipher,queen creates the curious puzzle,queen creates the curious puzzle,True
8b0cab23,roman,LXVI,LXVI,True
8b12ff37,bit,10000000,10000000,True
8b1925e2,gravity,27.74,27.74,True
8b1af00e,symbol,,%%%&,False
8b226055,gravity,8.94,8.94,True
8b27f37a,cipher,cat sees the bright mirror,cat sees the bright mirror,True
8b365297,unit,9.76,9.76,True
8b3b3999,roman,XLI,XLI,True
8b3f0912,cipher,the secret teacher found,the secret teacher found,True
8b434583,bit,,01001111,False
8b471ce9,bit,,00001111,False
8b47cb08,gravity,155.76,155.76,True
8b486833,cipher,turtle follows the secret mirror,turtle follows the secret mirror,True
8b4a1460,roman,LXII,LXII,True
8b4c71ba,bit,11001100,11001100,True
8b540546,roman,XXXII,XXXII,True
8b6140d6,roman,LXXXI,LXXXI,True
8b7c2ea4,symbol,,][@,False
8b7c71b7,unit,8.57,8.57,True
8b84dbc0,roman,LXXXVII,LXXXVII,True
8b85ff03,bit,11111111,11111111,True
8b929fd5,gravity,8.55,8.55,True
8bb67cbd,roman,LXXXV,LXXXV,True
8bbb6458,gravity,36.19,36.19,True
8bc14f8a,unit,15.97,15.97,True
8bc66fd7,symbol,,7432,False
8bc6a26c,symbol,,38,False
8bca1334,bit,,11100011,False
8bd4b4c8,symbol,,??[,False
8bdfc5dd,cipher,rabbit reads castle,rabbit reads castle,True
8be3f8e3,roman,XVIII,XVIII,True
8be809f6,roman,LVI,LVI,True
8bebef83,symbol,,3388,False
8beca9c1,unit,21.79,21.79,True
8bf273f5,bit,,11110101,False
8bf409c6,unit,4.14,4.14,True
8c06fb6f,bit,,10111111,False
8c0f9291,bit,,00001111,False
8c1529e1,symbol,,-52,False
8c1f56b8,cipher,teacher studies treasure,teacher studies treasure,True
8c2668c6,unit,54.80,54.80,True
8c281ee9,roman,XIX,XIX,True
8c2ebe65,cipher,the hidden wizard found,the hidden wizard found,True
8c352bcf,roman,XIV,XIV,True
8c36a40e,gravity,47.92,47.92,True
8c3ca7dc,gravity,26.55,26.55,True
8c3daded,unit,62.58,62.58,True
8c4303a7,roman,LXXVI,LXXVI,True
8c431d6a,unit,10.60,10.60,True
8c444d7c,roman,XCVI,XCVI,True
8c4f70b6,symbol,,-@%,False
8c5d40ea,gravity,44.81,44.81,True
8c5f00f0,roman,II,II,True
8c608fec,roman,XIV,XIV,True
8c633efd,gravity,71.86,71.86,True
8c636405,unit,78.77,78.77,True
8c6a158e,symbol,,}30,False
8c743940,bit,01100100,01100100,True
8c8957b1,roman,LI,LI,True
8c9c1e2f,cipher,knight found castle,knight found castle,True
8c9e95a4,gravity,197.61,197.61,True
8c9fcc6b,bit,11110111,11110111,True
8ca27f6f,symbol,,(]%/,False
8caa94ef,gravity,15.03,15.03,True
8caf74ff,bit,00100101,00100101,True
8cba814f,gravity,41.12,41.12,True
8cc11970,cipher,teacher explores inside cave,teacher explores inside cave,True
8cc541e9,unit,8.16,8.16,True
8ce54da2,unit,6.95,6.95,True
8cf861c5,unit,29.95,29.95,True
8cf926ca,bit,,00110111,False
8d077532,bit,11001110,11001110,True
8d10c393,cipher,princess chases the hidden map,princess chases the hidden map,True
8d20d0ae,bit,11000010,11000010,True
8d2290b0,bit,10000000,10000000,True
8d2546a5,symbol,,1211,False
8d35261d,bit,10001001,10001001,True
8d3d7fac,cipher,the silver knight discovers,the silver knight discovers,True
8d4e70fe,roman,LXVI,LXVI,True
8d562562,cipher,turtle explores key,turtle explores key,True
8d5b28a2,roman,XXXIII,XXXIII,True
8d5d4262,gravity,53.22,53.22,True
8d652f91,symbol,,4,False
8d6688e9,bit,,11100111,False
8d6dbeb8,roman,LXXII,LXXII,True
8d791e8b,unit,40.70,40.70,True
8d7bacdc,cipher,hatter draws inside school,hatter draws inside school,True
8d90150c,bit,10101000,10101000,True
8d9a062b,symbol,,^!,False
8da9814c,unit,16.86,16.86,True
8dac3984,symbol,,:!:|,False
8db478cb,unit,11.06,11.06,True
8dc13cc7,unit,40.89,40.89,True
8dc30329,unit,22.72,22.72,True
8dcbf9d4,bit,,10110111,False
8dd94e6e,cipher,hatter dreams near wonderland,hatter dreams near wonderland,True
8de57d95,gravity,15.64,15.64,True
8de73924,cipher,rabbit studies above village,rabbit studies above village,True
8de7d8bc,gravity,55.32,55.33,False
8dea05d7,symbol,,3907,False
8dec3179,roman,XCVIII,XCVIII,True
8df3daad,symbol,,34,False
8e0cedd8,roman,XXXV,XXXV,True
8e10f699,roman,XCVII,XCVII,True
8e169174,symbol,,527,False
8e1cff16,unit,27.46,27.46,True
8e1d0f97,roman,XXX,XXX,True
8e2b3c1c,gravity,17.14,17.14,True
8e306bfc,cipher,bird imagines beyond ocean,bird imagines beyond ocean,True
8e359dc8,symbol,,031,False
8e3e4928,symbol,,5,False
8e411cc7,symbol,,]]],False
8e424099,gravity,65.25,65.25,True
8e438ef9,gravity,97.36,97.36,True
8e453b3c,gravity,8.65,8.65,True
8e53b548,symbol,,|'',False
8e56a42e,symbol,,%/<>,False
8e5a6d03,roman,LXXXIII,LXXXIII,True
8e5d6fe6,bit,10000111,10000111,True
8e6bc995,gravity,80.44,80.45,False
8e6d01f1,symbol,,{},False
8e715328,roman,XLIX,XLIX,True
8e76c0d0,bit,10111010,10111010,True
8e7952cc,bit,00000100,00000100,True
8e8af3c1,roman,II,II,True
8e905ad6,cipher,the mysterious teacher watches,the mysterious teacher watches,True
8e922a0f,unit,12.33,12.32,False
8e922a3a,gravity,16.48,16.48,True
8e962ee6,unit,42.37,42.37,True
8e96d488,bit,00001010,00001010,True
8e99c51c,bit,00000000,00000000,True
8e9b40c5,unit,39.76,39.77,False
8ea3533c,roman,LXXXIV,LXXXIV,True
8eac8f69,symbol,,885,False
8eaf760c,gravity,57.81,57.81,True
8eafcc14,cipher,knight sees the secret door,knight sees the secret door,True
8ec472cd,roman,XXIV,XXIV,True
8ec53c10,roman,LII,LII,True
8ec8d10c,gravity,48.97,48.97,True
8ece2bda,gravity,23.41,23.41,True
8ed5c9e7,bit,11101110,11101110,True
8ed96b4b,gravity,55.12,55.12,True
8edddcc4,bit,00000011,00000011,True
8edde270,unit,75.76,75.76,True
8ee54e57,gravity,46.86,46.86,True
8ee7d06b,gravity,40.13,40.13,True
8eea54ce,unit,19.62,19.62,True
8eecb224,gravity,22.41,22.41,True
8ef8b70f,cipher,wizard watches around mountain,wizard watches around mountain,True
8f07a84d,bit,11101000,11101000,True
8f07c5f9,unit,48.03,48.03,True
8f0bc390,gravity,192.27,192.27,True
8f16da79,unit,16.53,16.53,True
8f1887d6,unit,27.92,27.92,True
8f1af066,symbol,,-`[,False
8f1fc800,roman,LXIV,LXIV,True
8f3472fb,gravity,7.60,7.6,False
8f52b3de,bit,10010001,10010001,True
8f53039d,cipher,the magical rabbit follows,the magical rabbit follows,True
8f66d244,roman,LXIX,LXIX,True
8f6d4fb3,bit,00101011,00101011,True
8f7471dd,unit,30.97,30.97,True
8f7b37be,bit,10011111,10011111,True
8f821219,unit,23.04,23.04,True
8f838193,roman,XI,XI,True
8f92faa3,gravity,18.22,18.22,True
8f99dff1,gravity,39.90,39.9,False
8fa7ea3a,bit,01000001,01000001,True
8fad338f,symbol,,4751,False
8fbd2477,bit,01011010,01011010,True
8fc1816e,bit,01100011,01100011,True
8fc2ea74,cipher,teacher reads around wonderland,teacher reads around wonderland,True
8fc9cb66,gravity,9.87,9.87,True
8fcd107e,unit,16.22,16.22,True
8fd9ec2f,unit,9.39,9.39,True
8fdf7ccf,symbol,,<$$%,False
8fe3cb9b,roman,VI,VI,True
8fea2d50,gravity,10.96,10.96,True
8ff1151c,symbol,,"&(""&",False
8ffacd86,gravity,70.34,70.34,True
900babfc,gravity,44.76,44.76,True
9016e3d3,bit,11001001,11001001,True
901de5a1,unit,37.40,37.40,True
901f7a63,unit,32.91,32.91,True
902410ec,cipher,king explores under school,king explores under school,True
9029034d,gravity,82.03,82.03,True
902da958,symbol,,761,False
90385344,cipher,bird discovers secret,bird discovers secret,True
903c0d6a,unit,60.65,60.65,True
904295f6,roman,XXIV,XXIV,True
9048af97,gravity,24.12,24.12,True
904e3a54,symbol,,66,False
905184e7,cipher,dragon reads message,dragon reads message,True
90550e6a,cipher,rabbit studies the bright potion,rabbit studies the bright potion,True
90562bc5,gravity,41.83,41.83,True
905f83a0,unit,56.72,56.72,True
90646dad,gravity,27.64,27.64,True
906f7b85,roman,LXIV,LXIV,True
907061d6,cipher,the magical wizard reads,the magical wizard reads,True
90769c4c,unit,11.19,11.19,True
9077fa09,bit,01111101,01111101,True
9081e954,symbol,,}{#,False
90861ae9,gravity,86.31,86.31,True
909ef49e,gravity,166.37,166.36,False
90a34627,unit,47.13,47.13,True
90ae7158,unit,51.25,51.25,True
90afd579,gravity,34.94,34.94,True
90b06730,cipher,princess studies around cave,princess studies around cave,True
90b383bd,roman,XXXVIII,XXXVIII,True
90b80c68,cipher,the colorful hatter dreams,the colorful hatter dreams,True
90d57388,symbol,,2615,False
90e1432a,gravity,44.41,44.41,True
90e3587c,gravity,27.66,27.66,True
90e49c68,gravity,106.91,106.91,True
90e77897,unit,19.16,19.16,True
90e893ac,gravity,17.59,17.59,True
90f00d9b,symbol,,{#,False
90f50354,bit,,11101011,False
90feb0c5,symbol,,:<],False
91059046,unit,43.85,43.86,False
9108ad00,cipher,teacher found beyond castle,teacher found beyond castle,True
9114cb5f,gravity,2.75,2.75,True
9121e150,bit,11111001,11111001,True
9124295a,bit,,01010101,False
91258006,gravity,31.48,31.48,True
9125cb6d,unit,14.89,14.89,True
9127aef9,unit,27.96,27.96,True
912c6ea5,symbol,,071,False
912d2b79,symbol,,901,False
912f9786,symbol,,^/,False
91336795,roman,XLIV,XLIV,True
913b2d7f,symbol,,103,False
913fdf86,symbol,,15,False
914726c4,cipher,the clever teacher dreams,the clever teacher dreams,True
9147f188,unit,40.55,40.55,True
91488dc9,symbol,,3431,False
91495230,gravity,24.71,24.71,True
91598ca4,unit,27.02,27.02,True
915ade2d,unit,15.63,15.63,True
9165792d,roman,LXXXVI,LXXXVI,True
91697374,roman,X,X,True
917fcc49,cipher,student studies puzzle,student studies puzzle,True
918034e5,gravity,17.35,17.35,True
9183fc49,unit,33.50,33.50,True
9187bf33,gravity,24.79,24.79,True
919105c2,gravity,62.45,62.45,True
91a0e345,symbol,,(`]',False
91a0f4d0,unit,6.43,6.43,True
91adf788,roman,XCIII,XCIII,True
91b34547,symbol,,-84,False
91b42a45,symbol,,170,False
91b99758,unit,5.18,5.18,True
91be6ad6,roman,XXXI,XXXI,True
91c9c95f,bit,00010010,00010010,True
91cd33f5,roman,LXI,LXI,True
91dc0848,bit,00100100,00100100,True
91dec13c,roman,LIII,LIII,True
91e9dc52,symbol,,$#)#,False
91f639c4,unit,22.00,22.00,True
92021665,unit,7.47,7.47,True
92087c7c,cipher,the magical rabbit follows,the magical rabbit follows,True
920f96e4,cipher,the dark bird dreams,the dark bird dreams,True
92135360,symbol,,$!$?,False
921da788,symbol,,5403,False
9224c45a,roman,XVII,XVII,True
922b67e9,unit,24.99,24.99,True
92367a94,cipher,queen found around valley,queen found around valley,True
9238e8d6,bit,11101010,11101010,True
923ac2b5,symbol,,#'<@,False
923b3059,bit,10000001,10000001,True
923e1560,unit,26.97,26.97,True
92402574,cipher,queen draws the curious mirror,queen draws the curious mirror,True
924276a0,cipher,bird found crystal,bird found crystal,True
9243dd78,symbol,,"""<",False
92471ca4,symbol,,36,False
924ffdf9,gravity,72.75,72.74,False
9250a0a8,symbol,,3,False
92528df4,gravity,32.13,32.13,True
925f3e06,cipher,cat watches message,cat watches message,True
925fb2b9,unit,34.57,34.57,True
925fe861,roman,LXXVII,LXXVII,True
92681b44,cipher,rabbit sees above garden,rabbit sees above garden,True
927847fe,gravity,164.36,164.36,True
928b4916,cipher,bird reads beyond forest,bird reads beyond forest,True
929bbda5,bit,,01111111,False
929eabb2,cipher,dragon writes the ancient book,dragon writes the ancient book,True
92b8f52a,bit,01010100,01010100,True
92c58c9a,cipher,the hidden king draws,the hidden king draws,True
92cabcca,roman,XVII,XVII,True
92ce2e1f,bit,01110000,01110000,True
92e320c9,symbol,,3511,False
92ef466f,roman,LXXXV,LXXXV,True
92f42685,roman,XIV,XIV,True
9307d2e8,gravity,4.09,4.09,True
930c9727,gravity,81.40,81.39,False
930cb6bd,cipher,alice explores the secret potion,alice explores the secret potion,True
932809de,roman,LXXIV,LXXIV,True
9328d73e,gravity,34.09,34.09,True
9329c861,roman,XCI,XCI,True
932e5b71,unit,13.16,13.16,True
9342e055,unit,42.49,42.49,True
93464bd7,unit,30.67,30.67,True
9346686a,symbol,,:(,False
93481650,symbol,,04,False
934a2c55,bit,00101011,00101011,True
935022fa,gravity,203.95,203.95,True
9350d51f,cipher,the secret queen chases,the secret queen chases,True
93626d26,unit,21.60,21.60,True
936b3ae5,symbol,,14>,False
936c3c1e,bit,00000000,00000000,True
9372da3d,cipher,knight watches the colorful castle,knight watches the colorful castle,True
937c06c5,symbol,,1,False
938b81c2,bit,,01111111,False
939273d7,bit,,11100110,False
93955d17,bit,10000100,10000100,True
9399e513,unit,19.25,19.25,True
939e0622,gravity,141.43,141.43,True
93b88a8b,unit,60.11,60.11,True
93bff42f,unit,41.76,41.76,True
93c9b36b,symbol,,>^[,False
93ca9241,roman,LXXV,LXXV,True
93d1c7eb,symbol,,0154,False
93d65e58,roman,LXIX,LXIX,True
93e52b8a,roman,LI,LI,True
93e6acfe,unit,16.63,16.63,True
93e6d0c0,symbol,,^<,False
93e6fcf8,roman,XIII,XIII,True
93ed0fd6,roman,LXII,LXII,True
93ef4c81,bit,01001110,01001110,True
93f3ae6b,symbol,,701,False
93f6583a,roman,XII,XII,True
93ff368a,cipher,rabbit studies above school,rabbit studies above school,True
94019d17,gravity,15.83,15.83,True
940df3f4,symbol,,5102,False
942ddd73,bit,00000011,00000011,True
94367b1d,symbol,,|',False
943d7ba0,roman,LIX,LIX,True
9443e78b,cipher,the strange dragon chases,the strange dragon chases,True
94579d00,gravity,5.06,5.06,True
94582944,unit,39.00,39.00,True
94597005,roman,XXX,XXX,True
945c151e,symbol,,461,False
9460a623,bit,00000000,00000000,True
9461b22b,symbol,,3,False
94643472,cipher,knight chases message,knight chases message,True
946be984,unit,35.71,35.71,True
946cbee1,roman,XLI,XLI,True
947a029b,bit,11111101,11111101,True
947c23f0,bit,,10111011,False
9483f712,cipher,student imagines the clever crystal,student imagines the clever crystal,True
948ce7d7,unit,71.21,71.21,True
948e5474,symbol,,-&,False
94934452,unit,53.81,53.82,False
9497f712,cipher,wizard creates in castle,wizard creates in castle,True
9498b010,unit,38.02,38.02,True
949ac040,gravity,29.28,29.28,True
949f0dac,unit,57.12,57.12,True
94a8fe23,symbol,,(\%,False
94aaddda,cipher,cat reads the clever story,cat reads the clever story,True
94ad1872,roman,XXI,XXI,True
94af21e4,roman,XLIII,XLIII,True
94b3156f,symbol,,)'',False
94b7db05,cipher,teacher found the strange treasure,teacher found the strange treasure,True
94b92001,symbol,,801,False
94bcba0e,cipher,the colorful bird watches,the colorful bird watches,True
94bf323a,symbol,,671,False
94c06b54,cipher,wizard discovers around tower,wizard discovers around tower,True
94c25c56,bit,11111111,11111111,True
94d26763,cipher,mouse watches the strange forest,mouse watches the strange forest,True
94d5d7dd,cipher,dragon follows book,dragon follows book,True
94d7d89e,cipher,mouse watches the silver key,mouse watches the silver key,True
94db58d1,roman,XCIII,XCIII,True
94e41495,symbol,,-|,False
94f2dc02,roman,LXIII,LXIII,True
9501ecce,cipher,student found castle,student found castle,True
9517c8fe,roman,LXIV,LXIV,True
95205105,bit,00010100,00010100,True
952d80fe,roman,XCV,XCV,True
95353c23,symbol,,<)<|,False
953f3a9d,cipher,knight imagines above valley,knight imagines above valley,True
9548bbd4,roman,LXXI,LXXI,True
954c46bc,gravity,173.15,173.15,True
954fc1ee,gravity,32.25,32.25,True
955d71c5,cipher,hatter discovers the bright door,hatter discovers the bright door,True
955e8713,bit,,11010111,False
956a088f,roman,LXVIII,LXVIII,True
956a23da,unit,13.88,13.88,True
95771a39,bit,00000100,00000100,True
957c70fd,symbol,,-7,False
9581ceef,roman,LXVII,LXVII,True
9586ea0d,roman,LXXVIII,LXXVIII,True
958722ae,cipher,mouse writes the clever story,mouse writes the clever story,True
9599d11f,unit,8.17,8.17,True
95a53faf,roman,XLII,XLII,True
95aade61,roman,LIII,LIII,True
95afbb5f,symbol,,4560,False
95b2984b,unit,17.97,17.97,True
95b3e12b,roman,V,V,True
95b48f5a,roman,XXIX,XXIX,True
95b7822b,cipher,bird reads the magical treasure,bird reads the magical treasure,True
95bbe984,cipher,hatter found key,hatter found key,True
95bbfd4b,roman,XLII,XLII,True
95cbbfcb,cipher,the silver princess explores,the silver princess explores,True
95d8ff2c,symbol,,651,False
95dd49e1,cipher,mouse sees the clever mirror,mouse sees the clever mirror,True
95def4c4,symbol,,\|,False
95e8326c,unit,16.36,16.36,True
95e9f927,cipher,alice creates the mysterious key,alice creates the mysterious key,True
95f7b796,cipher,queen follows crystal,queen follows crystal,True
96040a6a,gravity,72.35,72.35,True
960ca5c5,cipher,dragon sees in cave,dragon sees in cave,True
9610985a,symbol,,-22,False
9610a42b,cipher,princess discovers the silver map,princess discovers the silver map,True
96115336,symbol,,@!<<,False
96237140,gravity,120.93,120.93,True
96291987,cipher,mouse explores in village,mouse explores in village,True
9634f949,symbol,,^!^,False
963791b9,unit,68.62,68.62,True
963bdc67,symbol,,9973,False
963e85bb,symbol,,76,False
964c8468,gravity,100.74,100.74,True
96540958,unit,20.30,20.30,True
965ea054,bit,10110101,10110101,True
9668f2c2,unit,12.85,12.84,False
966c1f9f,symbol,,66,False
966f8239,cipher,the silver rabbit follows,the silver rabbit follows,True
96786ac2,roman,XXVII,XXVII,True
96837558,gravity,6.69,6.69,True
968c6cdb,cipher,the dark rabbit draws,the dark rabbit draws,True
969071c3,unit,50.71,50.71,True
969a6b00,symbol,,?!?>,False
96a607cc,unit,22.68,22.68,True
96a89766,roman,XLI,XLI,True
96aee5df,unit,8.70,8.70,True
96c231d2,cipher,wizard draws crystal,wizard draws crystal,True
96e36a3c,gravity,45.98,45.98,True
96e8be73,symbol,,(!],False
96efb93a,symbol,,61,False
96f2ca1e,unit,52.48,52.48,True
96fe87a6,unit,48.73,48.73,True
96ff5ae9,unit,16.10,16.10,True
971d1c24,cipher,turtle sees the clever forest,turtle sees the clever forest,True
971d2540,cipher,the ancient rabbit reads,the ancient rabbit reads,True
9720a8ea,cipher,the bright princess creates,the bright princess creates,True
972ef18a,roman,XLII,XLII,True
9734f792,roman,XCII,XCII,True
974343e1,roman,XVIII,XVIII,True
97549a14,roman,XCV,XCV,True
9760032a,symbol,,9372,False
9769bade,symbol,,5163,False
976a8bac,roman,LXXXVI,LXXXVI,True
9777db6f,unit,36.96,36.96,True
977d739d,roman,XXXIV,XXXIV,True
978c688b,bit,11010111,11010111,True
979071a0,symbol,,))<,False
9791bffd,unit,31.13,31.14,False
97996a26,gravity,126.94,126.94,True
979c0b0e,gravity,50.62,50.62,True
97abca56,symbol,,`#::,False
97ae2c81,cipher,the wise rabbit creates,the wise rabbit creates,True
97b03b75,bit,11000110,11000110,True
97b289c1,roman,XVI,XVI,True
97c04f50,symbol,,"`#""&",False
97d07b1c,cipher,bird chases above garden,bird chases above garden,True
97d0bad8,gravity,198.41,198.41,True
97d27023,gravity,8.09,8.09,True
97d5995f,unit,15.17,15.17,True
97d6db7a,symbol,,\[%^,False
97d7a79a,unit,14.82,14.82,True
97dee6aa,symbol,,71,False
97dfb47a,gravity,57.89,57.89,True
97dfd0f2,gravity,157.91,157.91,True
97e7a57f,bit,01010000,01010000,True
97eb9131,bit,10100001,10100001,True
97f2b7ae,roman,XXVI,XXVI,True
97f45beb,bit,,11011111,False
97f56035,gravity,103.41,103.41,True
97faf77b,roman,XXXVIII,XXXVIII,True
9800b586,gravity,50.68,50.68,True
98011f2a,unit,60.37,60.36,False
98031059,unit,36.62,36.62,True
980ad2ec,roman,LXIV,LXIV,True
981182f4,cipher,alice draws key,alice draws key,True
9817fda7,cipher,wizard chases secret,wizard chases secret,True
981e69c9,cipher,alice studies door,alice studies door,True
982c0b42,symbol,,^}|%,False
9846834b,gravity,70.44,70.45,False
985002a4,gravity,8.90,8.9,False
98518cb1,unit,60.64,60.64,True
985ec868,unit,46.17,46.18,False
9863d874,unit,51.76,51.76,True
98724121,cipher,the hidden hatter creates,the hidden hatter creates,True
9876d736,unit,28.22,28.22,True
98779613,roman,XXI,XXI,True
987a223b,cipher,the wise princess creates,the wise princess creates,True
98856799,gravity,107.72,107.72,True
988576c0,cipher,queen draws through cave,queen draws through cave,True
9890b6cd,gravity,209.73,209.74,False
989770ae,roman,XXX,XXX,True
989dde0a,bit,01000100,01000100,True
98a2636e,symbol,,001,False
98a85413,cipher,the curious wizard sees,the curious wizard sees,True
98ad2572,gravity,22.91,22.91,True
98b56497,cipher,hatter draws above village,hatter draws above village,True
98bb54f7,symbol,,5846,False
98bbac0f,bit,01101011,01101011,True
98c4eb34,bit,00100000,00100000,True
98d2dc6d,unit,54.76,54.75,False
98e1a8b4,bit,,01111110,False
98e87fe2,gravity,40.76,40.76,True
98eed496,symbol,,^[}`,False
98ef38f0,cipher,wizard discovers inside mountain,wizard discovers inside mountain,True
98f24e20,unit,7.63,7.63,True
98f3c5cf,roman,XLIV,XLIV,True
9916e79d,unit,53.26,53.26,True
9925be81,symbol,,@}]),False
99267fdc,cipher,the curious bird draws,the curious bird draws,True
9935aa11,symbol,,-`#,False
99371400,cipher,the bright dragon explores,the bright dragon explores,True
993c5879,roman,XXXIII,XXXIII,True
994e49e5,unit,56.31,56.31,True
99525a85,cipher,the strange teacher dreams,the strange teacher dreams,True
99561676,unit,16.81,16.81,True
995768d8,cipher,hatter follows forest,hatter follows forest,True
99693c43,cipher,the ancient mouse follows,the ancient mouse follows,True
996b88d6,gravity,15.43,15.43,True
9972f3f1,bit,11000001,11000001,True
997596c8,cipher,bird writes above wonderland,bird writes above wonderland,True
997a3321,unit,21.63,21.63,True
997cb58d,gravity,77.20,77.2,False
9984fc0f,bit,01111110,01111110,True
9992bbd0,bit,11110110,11110110,True
99948ad9,unit,26.17,26.17,True
999673ed,bit,01100100,01100100,True
999907a8,unit,33.99,33.99,True
99a29da0,gravity,94.57,94.57,True
99a5c497,unit,63.12,63.12,True
99b63ec9,unit,14.43,14.43,True
99b7018f,symbol,,>\:,False
99bda3b2,bit,11010010,11010010,True
99cc2e07,symbol,,/92,False
99d345d9,cipher,teacher creates beyond ocean,teacher creates beyond ocean,True
99d6a3b5,symbol,,?()<,False
99db27c6,gravity,17.17,17.17,True
99e18140,unit,35.19,35.19,True
99e2cf41,symbol,,4415,False
99e327ac,unit,39.04,39.04,True
99e9a1d9,gravity,12.21,12.21,True
99ff46bb,bit,11100101,11100101,True
9a00ad08,unit,57.94,57.94,True
9a0daca9,symbol,,"/"">|",False
9a0de9c4,gravity,125.95,125.95,True
9a19fc2d,symbol,,#>[,False
9a291cc3,unit,39.55,39.55,True
9a3b7b6e,unit,45.15,45.15,True
9a4ea591,cipher,the secret princess draws,the secret princess draws,True
9a4f2f47,symbol,,('^,False
9a568d08,cipher,the clever mouse chases,the clever mouse chases,True
9a57361c,unit,15.04,15.05,False
9a5b6b28,symbol,,^22,False
9a7064b8,unit,93.25,93.24,False
9a784b03,unit,44.39,44.39,True
9a79a454,unit,68.52,68.52,True
9a7bcda6,cipher,mouse dreams treasure,mouse dreams treasure,True
9a89e724,cipher,the strange turtle sees,the strange turtle sees,True
9a8a7752,cipher,dragon studies crystal,dragon studies crystal,True
9a8dffb6,gravity,12.86,12.86,True
9a919910,gravity,69.67,69.67,True
9a9e6b06,roman,IV,IV,True
9a9e8f7d,unit,64.13,64.12,False
9a9f5fef,cipher,wizard sees the golden key,wizard sees the golden key,True
9a9f6025,symbol,,-56,False
9aa48392,symbol,,151,False
9aa8dc92,symbol,,/#</,False
9ab82dfb,bit,10011100,10011100,True
9ad52d28,bit,00111000,00111000,True
9adc9406,bit,10110000,10110000,True
9adfc48b,cipher,princess dreams the clever puzzle,princess dreams the clever puzzle,True
9ae3b78e,symbol,,5214,False
9ae663c3,symbol,,:,False
9afe43b4,symbol,,//(},False
9b08674d,roman,XXIV,XXIV,True
9b10b67b,unit,50.14,50.14,True
9b1761fb,bit,00000000,10000000,False
9b183a23,gravity,51.06,51.06,True
9b1ea308,symbol,,261,False
9b27c791,gravity,67.62,67.62,True
9b2b3698,bit,01000001,01000001,True
9b31fb20,roman,IX,IX,True
9b39ddb0,roman,LXXXVI,LXXXVI,True
9b458fbc,symbol,,39,False
9b4cffb2,symbol,,&@<,False
9b4ecc42,unit,17.04,17.04,True
9b4f2f8b,roman,LIII,LIII,True
9b559cd7,unit,23.45,23.45,True
9b5a9c1f,roman,LIX,LIX,True
9b648851,unit,57.54,57.54,True
9b6812f4,roman,XLVI,XLVI,True
9b68812c,roman,LIII,LIII,True
9b732c0c,cipher,dragon creates beyond garden,dragon creates beyond garden,True
9b820b4e,symbol,,4419,False
9b8b99ae,gravity,48.75,48.75,True
9b9b87e3,bit,,01110111,False
9b9bd32e,roman,LXXVI,LXXVI,True
9b9ccb27,gravity,11.50,11.5,False
9b9e024b,symbol,,421,False
9bbacb75,roman,XCVIII,XCVIII,True
9bbca089,bit,10000000,10000000,True
9bbe36f5,unit,52.27,52.27,True
9bc940dd,cipher,hatter creates the bright treasure,hatter creates the bright treasure,True
9bcd3eea,gravity,146.33,146.33,True
9bd0e2f9,gravity,81.87,81.87,True
9bd287f6,unit,15.12,15.12,True
9bd65991,bit,00000101,00000101,True
9bd675ce,roman,XIX,XIX,True
9bd747ec,gravity,25.71,25.71,True
9bddd8d4,gravity,36.01,36.01,True
9be2a93a,gravity,97.17,97.17,True
9bee3f4d,gravity,64.19,64.19,True
9bfb1cc6,bit,10001101,10001101,True
9bfca34c,symbol,,|>`,False
9c0ae448,cipher,the secret princess follows,the secret princess follows,True
9c0f518e,gravity,63.37,63.37,True
9c1533c4,cipher,rabbit reads near tower,rabbit reads near tower,True
9c16fd02,roman,LXXIII,LXXIII,True
9c190dc2,unit,51.43,51.43,True
9c2cc0ab,cipher,teacher imagines in library,teacher imagines in library,True
9c34c079,roman,LXXXVIII,LXXXVIII,True
9c40ae95,unit,5.81,5.81,True
9c46baa8,roman,LXXII,LXXII,True
9c586b45,cipher,hatter reads the hidden book,hatter reads the hidden book,True
9c5c6401,bit,11001100,11001100,True
9c62e8ed,unit,46.81,46.81,True
9c65e305,unit,95.19,95.19,True
9c697047,symbol,,`:,False
9c7f280d,unit,8.71,8.71,True
9c814f12,unit,50.01,50.01,True
9c8eef89,symbol,,1728,False
9c91b226,symbol,,03,False
9c9831f9,cipher,cat imagines near library,cat imagines near library,True
9c99c184,gravity,190.71,190.71,True
9c9eacbd,bit,10000100,10000100,True
9ca2d781,cipher,the clever dragon follows,the clever dragon follows,True
9ca96a88,cipher,dragon reads the strange treasure,dragon reads the strange treasure,True
9cb03277,symbol,,26,False
9cb36e7f,unit,33.71,33.71,True
9cb806f5,roman,LXXX,LXXX,True
9cbbfd73,cipher,the curious princess found,the curious princess found,True
9cc02bc1,symbol,,:#:',False
9cc09b16,unit,81.18,81.18,True
9ccbc655,roman,XLVII,XLVII,True
9ccbf65c,gravity,143.66,143.66,True
9cce2d6a,roman,LXVI,LXVI,True
9ccf2a75,cipher,the curious dragon found,the curious dragon found,True
9cd0e3e2,gravity,113.93,113.93,True
9cd307c7,cipher,rabbit draws the silver secret,rabbit draws the silver secret,True
9cd69c91,roman,XIX,XIX,True
9ce3dbe4,unit,77.71,77.71,True
9ceba70a,symbol,,##%,False
9cecae80,bit,11011110,11011110,True
9cfc388d,bit,10100010,10100010,True
9d073610,roman,VI,VI,True
9d09171e,bit,,01011111,False
9d102c07,unit,20.41,20.41,True
9d20c8a7,symbol,,]]]},False
9d24902b,roman,XXXV,XXXV,True
9d28a7ca,cipher,teacher studies map,teacher studies map,True
9d2ed393,roman,LIX,LIX,True
9d3e6c24,unit,28.26,28.26,True
9d3e7f1a,bit,01101010,01101010,True
9d4039b6,cipher,knight reads castle,knight reads castle,True
9d4ae6b8,symbol,,16,False
9d4f1368,bit,00000001,00000001,True
9d50fd40,gravity,94.04,94.04,True
9d575da5,symbol,,111,False
9d68ef62,symbol,,83(,False
9d6d8b52,roman,LXIII,LXIII,True
9d71fece,symbol,,"""\",False
9d7af57b,symbol,,89,False
9d8897e8,bit,11111001,11111001,True
9d897c61,roman,XXXV,XXXV,True
9d8fab83,cipher,hatter watches around library,hatter watches around library,True
9d964043,bit,01001111,01001111,True
9da0bd69,unit,64.73,64.73,True
9da4282a,gravity,41.78,41.78,True
9dae880f,symbol,,))[,False
9db0f169,gravity,55.25,55.25,True
9db488f0,gravity,52.18,52.18,True
9db72c8e,roman,IX,IX,True
9dc1a759,bit,11101110,11101110,True
9dc61be2,roman,XCVI,XCVI,True
9dcd3480,roman,LXXXVIII,LXXXVIII,True
9dd32aa4,unit,21.31,21.31,True
9dd8adaa,symbol,,4308,False
9ddcb69d,gravity,12.05,12.05,True
9de10496,gravity,225.10,225.1,False
9dfc12aa,gravity,137.51,137.51,True
9dfcd4be,bit,10101010,10101010,True
9dfe5ac9,symbol,,"'\%""",False
9dfec106,cipher,mouse reads inside castle,mouse reads inside castle,True
9e02ebd7,roman,XXXVI,XXXVI,True
9e0a235c,cipher,the hidden dragon found,the hidden dragon found,True
9e0eaab9,gravity,99.67,99.67,True
9e23b745,unit,31.69,31.69,True
9e25daf9,cipher,teacher reads through wonderland,teacher reads through wonderland,True
9e2b594d,bit,10000110,10000110,True
9e310608,unit,25.40,25.40,True
9e35d96e,roman,XLV,XLV,True
9e3c7916,gravity,5.73,5.73,True
9e494425,unit,55.45,55.45,True
9e5030ae,roman,I,I,True
9e5a758b,cipher,princess discovers the curious crystal,princess discovers the curious crystal,True
9e5d12de,unit,5.08,5.08,True
9e5d97de,symbol,,79,False
9e6025a2,unit,34.72,34.72,True
9e61762f,bit,11111000,11111000,True
9e619102,gravity,20.44,20.44,True
9e768bed,roman,XLI,XLI,True
9e7769da,roman,C,C,True
9e7b59af,unit,73.24,73.24,True
9e919776,unit,89.11,89.11,True
9eaae1f1,symbol,,/\,False
9eac443f,bit,10000000,10000000,True
9eacc9a2,symbol,,%?}%,False
9eb96ba5,unit,15.38,15.38,True
9ebd26b4,cipher,bird dreams the silver treasure,bird dreams the silver treasure,True
9ec1c00b,roman,XXXVII,XXXVII,True
9ecb7258,unit,57.20,57.20,True
9eccbafd,symbol,,@>,False
9ee0055b,roman,LXV,LXV,True
9ef1e506,gravity,18.74,18.74,True
9ef98294,symbol,,64],False
9f00559b,cipher,cat explores garden,cat explores garden,True
9f015548,gravity,88.42,88.42,True
9f05494c,roman,LXXVIII,LXXVIII,True
9f06483b,unit,32.10,32.10,True
9f09b8d2,roman,XCIX,XCIX,True
9f1015a1,symbol,,-$\,False
9f1d8753,roman,LXXXIV,LXXXIV,True
9f1ff166,symbol,,[,False
9f2e45e7,bit,11010010,11010010,True
9f2f2651,unit,23.72,23.72,True
9f2fae58,symbol,,7272,False
9f380129,gravity,105.38,105.38,True
9f4709f3,roman,XXXIV,XXXIV,True
9f5fb703,cipher,bird dreams around school,bird dreams around school,True
9f657a70,roman,XI,XI,True
9f65fae1,cipher,the dark rabbit draws,the dark rabbit draws,True
9f695a22,gravity,7.07,7.07,True
9f6f33b2,gravity,31.69,31.69,True
9f70ddfd,gravity,53.21,53.21,True
9f775ba6,gravity,165.60,165.6,False
9f775c18,roman,VI,VI,True
9f7ac89d,cipher,the colorful teacher reads,the colorful teacher reads,True
9f7fc002,cipher,alice creates above tower,alice creates above tower,True
9f89d8b5,gravity,4.12,4.12,True
9f8fda8a,symbol,,\#,False
9f95886e,roman,II,II,True
9f9b0251,symbol,,'!?/,False
9f9cde24,cipher,hatter sees beyond valley,hatter sees beyond valley,True
9fa9ecdc,symbol,,36,False
9fafe218,unit,29.59,29.59,True
9fb609e7,gravity,124.93,124.93,True
9fb854c3,symbol,,4,False
9fbd6a44,symbol,,::'',False
9fc0cd2f,roman,XLIX,XLIX,True
9fc369fc,cipher,alice explores inside island,alice explores inside island,True
9fc651a6,unit,11.19,11.19,True
9fc69c17,symbol,,#':@,False
9fdb18b7,symbol,,^},False
9ff1373b,gravity,102.41,102.41,True
9ff449aa,symbol,,"%"">",False
9ff6e9d2,symbol,,11,False
a00179d7,unit,24.63,24.63,True
a0040ad5,roman,VIII,VIII,True
a00b9455,unit,10.91,10.91,True
a00fe76a,bit,10111011,10111011,True
a0132d58,gravity,49.57,49.57,True
a021ca5d,symbol,,)'&/,False
a027a729,unit,7.31,7.31,True
a02aeb6d,roman,II,II,True
a033df06,gravity,133.25,133.25,True
a043e4da,gravity,54.10,54.1,False
a044158a,gravity,86.89,86.89,True
a046499f,cipher,knight explores door,knight explores door,True
a04bd334,bit,11010101,11010101,True
a04ecffd,symbol,,!32,False
a06d06a4,cipher,hatter discovers the wise door,hatter discovers the wise door,True
a070715f,roman,XIX,XIX,True
a07072e4,gravity,63.68,63.68,True
a071db66,gravity,147.42,147.42,True
a07c827c,cipher,queen dreams around wonderland,queen dreams around wonderland,True
a0847120,bit,,10000111,False
a087d342,roman,XXV,XXV,True
a08bb4ab,roman,XXXII,XXXII,True
a08fbb68,symbol,,\$'<,False
a091bbcc,roman,XLVI,XLVI,True
a092cafd,cipher,the clever cat dreams,the clever cat dreams,True
a0956ae4,cipher,the curious rabbit draws,the curious rabbit draws,True
a0a2ce5c,gravity,26.64,26.64,True
a0a4ca74,roman,LXXV,LXXV,True
a0a63ed4,gravity,14.86,14.86,True
a0baa626,gravity,86.82,86.82,True
a0bb6a83,unit,8.66,8.66,True
a0c3de5f,roman,XVII,XVII,True
a0d317ce,bit,00100000,00100000,True
a0d4777a,roman,LII,LII,True
a0db1e75,symbol,,"-""!",False
a0e05d60,unit,37.03,37.03,True
a0e171c2,roman,XLIII,XLIII,True
a0e44f72,gravity,61.06,61.06,True
a0f33afd,gravity,14.34,14.34,True
a0f67d8f,unit,39.01,39.01,True
a0f78caa,cipher,bird discovers potion,bird discovers potion,True
a0fc7b3e,gravity,21.21,21.21,True
a0ffbfd2,bit,,11000111,False
a1048986,gravity,51.53,51.53,True
a11311a4,symbol,,%[,False
a115829f,gravity,50.15,50.15,True
a11ce574,roman,LXXI,LXXI,True
a11e63a5,gravity,134.45,134.45,True
a1220274,symbol,,&`{^,False
a1230047,symbol,,%&,False
a12354e3,unit,2.63,2.63,True
a127eb72,unit,47.95,47.94,False
a12ad9cc,roman,XXXIII,XXXIII,True
a12f00f4,symbol,,$:[,False
a143f146,gravity,91.05,91.05,True
a14e8286,roman,LII,LII,True
a1503629,symbol,,@)[[,False
a1523a63,symbol,,87,False
a16897f7,cipher,queen imagines beyond ocean,queen imagines beyond ocean,True
a169fa86,bit,11111001,11111001,True
a1700ce9,gravity,27.33,27.33,True
a17d8538,unit,26.69,26.69,True
a17e6cdb,roman,III,III,True
a187872d,cipher,king reads the strange mirror,king reads the strange mirror,True
a188a7ef,gravity,23.51,23.51,True
a189d177,cipher,teacher watches beyond wonderland,teacher watches beyond wonderland,True
a19734b3,bit,,10110110,False
a19a75ba,symbol,,2655,False
a1a61c77,bit,11011111,11011111,True
a1a65071,unit,13.93,13.93,True
a1a74d78,unit,13.75,13.75,True
a1b268b4,gravity,20.17,20.17,True
a1bae076,symbol,,0001,False
a1c1f44c,cipher,turtle writes castle,turtle writes castle,True
a1c20432,bit,00000000,00000000,True
a1cc9071,cipher,wizard writes the secret mirror,wizard writes the secret mirror,True
a1ced986,cipher,hatter reads the secret mirror,hatter reads the secret mirror,True
a1d0e411,roman,XXXVI,XXXVI,True
a1d262ea,unit,62.04,62.04,True
a1d2bb0c,bit,00100010,00100010,True
a1d4a894,cipher,the golden knight follows,the golden knight follows,True
a1f40945,cipher,hatter reads the magical book,hatter reads the magical book,True
a1f92ca9,gravity,173.83,173.83,True
a2099412,unit,44.06,44.06,True
a2177abe,unit,22.06,22.06,True
a219a98b,cipher,the bright student discovers,the bright student discovers,True
a223a64c,cipher,wizard studies in wonderland,wizard studies in wonderland,True
a2252b88,symbol,,2442,False
a22cd19b,cipher,alice discovers message,alice discovers message,True
a23251e6,roman,XVIII,XVIII,True
a238f048,roman,XIV,XIV,True
a23e7ecb,symbol,,847,False
a244ff42,unit,44.72,44.72,True
a2454b51,cipher,the magical queen dreams,the magical queen dreams,True
a2460d78,unit,43.22,43.21,False
a24c4fc9,unit,16.19,16.19,True
a24e1f58,unit,18.74,18.74,True
a24ec2e5,gravity,71.67,71.67,True
a25f86f4,roman,LXXXIV,LXXXIV,True
a26065d4,symbol,,<',False
a261169e,cipher,student imagines the silver message,student imagines the silver message,True
a266aeb5,symbol,,({,False
a26c272c,unit,75.63,75.63,True
a26c8eb7,gravity,105.83,105.83,True
a26d5e93,unit,19.65,19.65,True
a2871ee0,unit,32.54,32.54,True
a28a4dff,cipher,mouse dreams through island,mouse dreams through island,True
a292c7b0,roman,XXXIII,XXXIII,True
a298484f,unit,39.82,39.82,True
a29b3e67,unit,56.79,56.79,True
a2a42282,cipher,bird explores inside garden,bird explores inside garden,True
a2b541a5,unit,31.57,31.57,True
a2b66927,symbol,,{],False
a2b90fdc,gravity,56.73,56.73,True
a2bb8c3a,bit,00001101,00001101,True
a2bdb410,cipher,teacher explores garden,teacher explores garden,True
a2bfdf29,cipher,alice creates the dark secret,alice creates the dark secret,True
a2c36fcf,roman,XXXII,XXXII,True
a2c48401,gravity,162.68,162.68,True
a2c4f38b,unit,21.89,21.89,True
a2c7144a,unit,52.67,52.67,True
a2c87c2b,unit,41.46,41.46,True
a2ca3aae,symbol,,\<?/,False
a2ccba8c,gravity,117.00,117.0,False
a2d676f4,gravity,95.66,95.66,True
a2e33b1f,unit,55.39,55.39,True
a2e6bcdb,cipher,mouse chases message,mouse chases message,True
a2eb7c6f,bit,00001101,00001101,True
a2ecd374,gravity,35.60,35.6,False
a2f40fb4,cipher,wizard watches treasure,wizard watches treasure,True
a2f5a388,cipher,cat reads potion,cat reads potion,True
a2f6929b,cipher,queen draws in mountain,queen draws in mountain,True
a2ffb6ac,gravity,26.57,26.57,True
a3019a3a,roman,LII,LII,True
a3055572,unit,66.97,66.97,True
a30599e8,roman,VI,VI,True
a30a2c4e,roman,XLVII,XLVII,True
a30a5e37,bit,00000001,00000001,True
a310519e,unit,47.31,47.31,True
a311baec,symbol,,521,False
a312a246,roman,XCIV,XCIV,True
a316aadc,bit,,01010110,False
a3183159,symbol,,`{,False
a32325cf,gravity,95.57,95.56,False
a327e1d2,roman,LXV,LXV,True
a33019c4,bit,,00100111,False
a33efcb6,gravity,55.00,55.0,False
a34467bf,symbol,,[\(,False
a34bd133,gravity,34.07,34.07,True
a350865e,gravity,41.36,41.36,True
a357557b,unit,26.95,26.95,True
a35ddce8,unit,5.35,5.36,False
a35fa1a0,symbol,,"""&`]",False
a361a1b7,symbol,,:46,False
a362e44a,symbol,,'%,False
a365e304,bit,11011011,11011011,True
a36744a2,gravity,79.71,79.71,True
a36be33f,gravity,11.12,11.12,True
a36dd497,roman,LXXIII,LXXIII,True
a37158d6,bit,,00001010,False
a38d4612,roman,XLII,XLII,True
a3a00a02,symbol,,^$,False
a3a031c5,cipher,the clever rabbit draws,the clever rabbit draws,True
a3a2b6dc,unit,23.07,23.07,True
a3ac7ad2,unit,24.15,24.15,True
a3af84eb,roman,LXXVI,LXXVI,True
a3b4dccd,cipher,student creates under island,student creates under island,True
a3c07781,roman,XVIII,XVIII,True
a3c3be4d,cipher,dragon watches near cave,dragon watches near cave,True
a3c3d077,gravity,10.65,10.65,True
a3d352c7,unit,24.20,24.20,True
a3da3c48,symbol,,\$,False
a3e72f6d,symbol,,/!,False
a3eb08c5,cipher,student writes inside mountain,student writes inside mountain,True
a3efb940,cipher,the ancient cat chases,the ancient cat chases,True
a3f353b8,unit,11.50,11.50,True
a400b3e0,gravity,118.18,118.18,True
a40497f9,symbol,,%]\<,False
a4146eb7,bit,00001000,00001000,True
a41a3626,bit,10111011,10111011,True
a41f056f,unit,50.69,50.70,False
a42848d1,cipher,wizard discovers the strange key,wizard discovers the strange key,True
a439b45b,cipher,dragon draws story,dragon draws story,True
a4431938,roman,XCVII,XCVII,True
a4484f21,unit,50.49,50.49,True
a44ecc73,gravity,64.98,64.98,True
a4506faf,unit,24.79,24.79,True
a463d5a2,gravity,44.77,44.77,True
a4679943,roman,LIII,LIII,True
a46d71d0,bit,01000011,01000011,True
a4749b0d,unit,24.83,24.83,True
a4770481,bit,10000111,10000111,True
a47a489c,gravity,55.21,55.21,True
a47b8207,unit,89.11,89.11,True
a487906f,cipher,hatter chases the wise key,hatter chases the wise key,True
a487ceeb,roman,IV,IV,True
a48b8329,bit,,00110101,False
a493726e,roman,VI,VI,True
a4970d02,bit,00000101,00000101,True
a4a5fe71,gravity,102.63,102.64,False
a4a91d08,gravity,63.42,63.43,False
a4ceedfb,roman,XXVII,XXVII,True
a4d4ebc5,gravity,167.23,167.23,True
a4dd4cce,bit,10110010,10110010,True
a4df85b7,cipher,dragon imagines the colorful crystal,dragon imagines the colorful crystal,True
a4e4ec1d,symbol,,>!,False
a4ea5f61,bit,10110111,10110111,True
a4ee9fa6,symbol,,^@|:,False
a4f165c1,gravity,61.36,61.38,False
a4f27604,roman,XXXV,XXXV,True
a4f4fb0c,bit,01101101,01101101,True
a4f9e327,unit,81.43,81.42,False
a4fceb43,bit,00100000,00100000,True
a5047680,cipher,the strange rabbit chases,the strange rabbit chases,True
a505c8f3,unit,40.22,40.23,False
a50e5d7e,bit,10110111,10110111,True
a5124cb4,symbol,,-24,False
a5187932,cipher,turtle watches near village,turtle watches near village,True
a51b62b6,gravity,27.51,27.51,True
a51c0264,gravity,116.73,116.73,True
a5208b7e,bit,,10100010,False
a521be72,bit,,11011111,False
a52aabb6,symbol,,!%,False
a52c726c,symbol,,])?$,False
a5409e68,gravity,93.27,93.27,True
a54f901d,cipher,mouse studies in tower,mouse studies in tower,True
a558df6c,roman,LVII,LVII,True
a56a80ac,bit,01101000,01101000,True
a56a9fdc,unit,32.57,32.57,True
a5749dc0,bit,00000000,00000000,True
a575e7b7,unit,31.63,31.63,True
a57ab89b,unit,22.07,22.07,True
a57bcc2a,roman,XC,XC,True
a57bcd23,roman,LVII,LVII,True
a586d568,roman,I,I,True
a58d446b,unit,29.95,29.95,True
a5951fe4,roman,LXXVII,LXXVII,True
a59e2ff7,bit,01011111,01011111,True
a5ca6cf6,roman,XCIX,XCIX,True
a5d2e952,gravity,71.64,71.64,True
a5d6bc60,cipher,the curious hatter draws,the curious hatter draws,True
a5dc3a44,cipher,student chases through wonderland,student chases through wonderland,True
a5e35e2f,unit,5.16,5.15,False
a5ea81bb,unit,13.29,13.29,True
a5eb0bcb,roman,I,I,True
a5f1991c,symbol,,/|',False
a5f23d82,cipher,teacher creates treasure,teacher creates treasure,True
a5f3a1ea,symbol,,63,False
a6046287,roman,LXXV,LXXV,True
a6082142,bit,00010010,00010010,True
a60c36ec,bit,,11101110,False
a610040a,symbol,,:(|:,False
a6192d29,bit,00001000,00001000,True
a6195da7,unit,3.54,3.54,True
a62417fe,bit,01000110,01000110,True
a62934d7,gravity,56.43,56.43,True
a62dd199,bit,,10111011,False
a6319294,unit,49.30,49.30,True
a631adf5,gravity,10.70,10.7,False
a63caf28,unit,29.86,29.86,True
a63cd4aa,gravity,61.36,61.36,True
a63d9b34,gravity,65.75,65.75,True
a63f9c85,bit,11111111,11111111,True
a642a3a1,cipher,the bright hatter draws,the bright hatter draws,True
a644f19d,symbol,,#:,False
a6512f5b,roman,LXXIII,LXXIII,True
a660cb06,gravity,9.21,9.21,True
a6620888,cipher,the bright wizard chases,the bright wizard chases,True
a6672f83,cipher,turtle watches the golden potion,turtle watches the golden potion,True
a6704625,bit,,00001101,False
a68a66ee,roman,LXXXIII,LXXXIII,True
a692ec38,symbol,,"/""}",False
a69f1af5,cipher,rabbit sees secret,rabbit sees secret,True
a69f387a,bit,01010011,01010011,True
a6b55544,roman,XXI,XXI,True
a6bea3b5,roman,XXXII,XXXII,True
a6c39221,cipher,the wise mouse creates,the wise mouse creates,True
a6ced392,roman,XVI,XVI,True
a6d00147,bit,11101101,11101101,True
a6d02e56,gravity,93.91,93.91,True
a6d242f1,gravity,108.21,108.2,False
a6e3134e,cipher,turtle creates the bright potion,turtle creates the bright potion,True
a6e65016,roman,LXXII,LXXII,True
a6f1b553,gravity,89.40,89.4,False
a6f1dc3e,gravity,110.92,110.92,True
a6f7139f,bit,11000000,11000000,True
a6f82438,gravity,74.43,74.43,True
a705689b,unit,31.71,31.71,True
a7104414,bit,10011011,10011011,True
a711fef6,roman,XIX,XIX,True
a714861f,roman,X,X,True
a7155451,roman,LX,LX,True
a716f3a4,roman,XCVIII,XCVIII,True
a722467f,roman,LXXXVIII,LXXXVIII,True
a72514a7,cipher,queen sees secret,queen sees secret,True
a72594ef,cipher,knight discovers the strange forest,knight discovers the strange forest,True
a727c08b,gravity,11.19,11.19,True
a72a1ff9,gravity,118.52,118.52,True
a7371f3f,cipher,the curious king reads,the curious king reads,True
a73be3a3,unit,56.85,56.85,True
a7442340,roman,LI,LI,True
a74547ca,unit,61.83,61.83,True
a7454fdb,symbol,,831,False
a747f52c,unit,72.53,72.53,True
a754db4a,roman,XIII,XIII,True
a75bab13,cipher,bird writes around garden,bird writes around garden,True
a76146bb,roman,XVI,XVI,True
a766d285,roman,LIV,LIV,True
a774a68b,cipher,knight studies the secret treasure,knight studies the secret treasure,True
a77be9fa,symbol,,"[""",False
a7836586,symbol,,"%""",False
a78b7c19,roman,XLVII,XLVII,True
a78ec816,roman,LXXIII,LXXIII,True
a794d193,bit,01011101,01011101,True
a7a12cc7,unit,43.27,43.27,True
a7b82c09,gravity,47.45,47.45,True
a7b9b0bf,roman,XXXVII,XXXVII,True
a7bedcb2,gravity,29.70,29.7,False
a7cbf6fd,bit,01100000,01100000,True
a7d582da,symbol,,51,False
a7dcc027,bit,01011011,01011011,True
a7ea7c33,unit,20.86,20.86,True
a7f5d296,roman,LXIV,LXIV,True
a7f91b27,cipher,the bright king draws,the bright king draws,True
a805a46e,unit,29.08,29.08,True
a80e48ff,roman,XV,XV,True
a811373b,unit,18.51,18.51,True
a81ea247,cipher,the mysterious student follows,the mysterious student follows,True
a82332c8,gravity,33.81,33.81,True
a828788b,gravity,46.76,46.76,True
a82af070,unit,8.90,8.91,False
a82f6ede,roman,LXIX,LXIX,True
a8323497,symbol,,$`,False
a8347740,unit,38.52,38.52,True
a8428568,unit,13.21,13.21,True
a84ac590,bit,,11111110,False
a84e9e9e,cipher,queen sees secret,queen sees secret,True
a84f60fd,gravity,71.51,71.51,True
a85864a9,symbol,,(\}:,False
a86cb46c,gravity,109.85,109.85,True
a870fab0,cipher,the bright hatter draws,the bright hatter draws,True
a87565bb,symbol,,67,False
a87bbb0b,unit,19.48,19.48,True
a87cd899,unit,31.60,31.60,True
a87fdd3a,bit,01011001,01011001,True
a88572c6,roman,II,II,True
a8887238,bit,00101000,00101000,True
a88c4f08,bit,00110000,00110000,True
a88f9fe3,symbol,,<],False
a88fbc44,roman,LXXXVIII,LXXXVIII,True
a897b8bc,bit,01111101,01111101,True
a898c37b,roman,XXIV,XXIV,True
a898cbc4,bit,01010000,01010000,True
a89a7353,unit,31.28,31.28,True
a8a4560e,unit,37.85,37.85,True
a8a73cf4,roman,LXXIII,LXXIII,True
a8aed893,gravity,89.75,89.75,True
a8ce8537,gravity,18.09,18.09,True
a8d5c8c2,gravity,4.83,4.83,True
a8d5d918,unit,10.26,10.26,True
a8dbe0c6,gravity,19.79,19.79,True
a8e033fe,symbol,,6854,False
a8e5eca1,symbol,,4274,False
a8e8b505,gravity,41.29,41.29,True
a8ea0e29,bit,00000000,00000000,True
a8ec75af,unit,17.98,17.99,False
a8f2c2b9,bit,,10011111,False
a8f5ad76,bit,11100001,11100001,True
a8fe78df,cipher,the clever student explores,the clever student explores,True
a901f565,roman,LII,LII,True
a90fdd22,gravity,29.24,29.24,True
a91414ee,bit,00011010,00011010,True
a916a770,bit,00000000,00000000,True
a919756f,roman,XCIII,XCIII,True
a926d5d0,symbol,,/<,False
a928ad6e,symbol,,611,False
a937daa1,unit,26.89,26.88,False
a94232ca,bit,10000011,10000011,True
a942a8ad,roman,XII,XII,True
a9445539,unit,10.56,10.56,True
a945525d,roman,XLIX,XLIX,True
a95e05ce,bit,01101000,01101000,True
a962bab3,roman,LV,LV,True
a9659516,unit,53.09,53.09,True
a966930a,unit,29.15,29.15,True
a970e9b3,cipher,student reads beyond castle,student reads beyond castle,True
a97dbf6e,cipher,the clever mouse watches,the clever mouse watches,True
a984448a,unit,72.26,72.26,True
a989f88c,roman,XCVII,XCVII,True
a98d4d53,symbol,,-),False
a992d5f1,unit,13.31,13.31,True
a9982552,unit,28.96,28.97,False
a99ea0f0,bit,,00101011,False
a9a49dfe,gravity,22.92,22.92,True
a9a5e10f,roman,XIV,XIV,True
a9a891ce,gravity,14.95,14.95,True
a9a91755,cipher,the wise turtle found,the wise turtle found,True
a9aa6c6e,symbol,,^</,False
a9b2349f,bit,00000000,00000000,True
a9b4f1ba,roman,LIV,LIV,True
a9b6b1cb,gravity,119.26,119.27,False
a9c3ff5d,roman,XCV,XCV,True
a9c57983,symbol,,001,False
a9cc9eee,roman,XCVII,XCVII,True
a9cdb53b,gravity,48.84,48.84,True
a9d91ec1,symbol,,:'%?,False
a9da94ea,cipher,dragon studies inside garden,dragon studies inside garden,True
a9deb8b5,symbol,,0131,False
a9ded497,roman,LXXXV,LXXXV,True
aa05953e,unit,12.22,12.22,True
aa075253,roman,XX,XX,True
aa0f7c7d,bit,11000101,11000101,True
aa10e6b3,gravity,98.27,98.27,True
aa10f528,cipher,wizard reads the secret story,wizard reads the secret story,True
aa1fd3d8,roman,XXVI,XXVI,True
aa248cfd,roman,XXX,XXX,True
aa24c0a9,roman,XXXVI,XXXVI,True
aa251ec4,symbol,,%20,False
aa2e26f1,bit,00001100,00001100,True
aa2e27a3,symbol,,$(,False
aa37b5db,gravity,54.20,54.2,False
aa3ae31f,bit,10011100,10011100,True
aa4339c1,gravity,61.05,61.05,True
aa48cec8,gravity,92.13,92.14,False
aa4cee8e,cipher,the wise mouse dreams,the wise mouse dreams,True
aa4f5f83,cipher,bird dreams around ocean,bird dreams around ocean,True
aa505ca3,cipher,teacher found crystal,teacher found crystal,True
aa625771,bit,11111111,11111111,True
aa64b0e6,cipher,hatter studies the hidden puzzle,hatter studies the hidden puzzle,True
aa6641fb,cipher,wizard follows mirror,wizard follows mirror,True
aa6cc257,roman,VIII,VIII,True
aa6f0af1,unit,35.90,35.90,True
aa6f0d54,cipher,turtle chases the secret book,turtle chases the secret book,True
aa72ae9f,bit,,00100110,False
aa764742,cipher,the bright cat explores,the bright cat explores,True
aa7b3c66,cipher,cat chases above ocean,cat chases above ocean,True
aa7f06f4,symbol,,3212,False
aa826c9a,cipher,alice studies the secret book,alice studies the secret book,True
aa89354d,cipher,the hidden mouse explores,the hidden mouse explores,True
aa8ab070,cipher,the wise wizard imagines,the wise wizard imagines,True
aa8ad8a5,unit,23.61,23.61,True
aa8c76a1,symbol,,0861,False
aaa62881,bit,00110001,00110001,True
aaa6fddc,gravity,41.00,41.0,False
aaaccd99,cipher,turtle chases in palace,turtle chases in palace,True
aaafc6bc,gravity,58.41,58.41,True
aab3127a,unit,13.73,13.73,True
aac98230,unit,29.25,29.25,True
aac9bfab,cipher,the bright student reads,the bright student reads,True
aacd7119,gravity,129.59,129.59,True
aad305c6,unit,26.20,26.20,True
aad35553,roman,XX,XX,True
aad72504,cipher,king discovers the clever castle,king discovers the clever castle,True
aadc4d57,cipher,the dark mouse creates,the dark mouse creates,True
aae573ff,cipher,dragon creates treasure,dragon creates treasure,True
aaec36e0,symbol,,3201,False
aaf46fca,unit,90.44,90.44,True
ab015d3c,gravity,87.33,87.34,False
ab064b6a,bit,,11111111,False
ab0eee3d,bit,,00010111,False
ab104009,bit,10010001,10010001,True
ab1c0546,cipher,turtle sees beyond garden,turtle sees beyond garden,True
ab3166c8,cipher,king writes the curious puzzle,king writes the curious puzzle,True
ab323f35,unit,9.20,9.20,True
ab3352fa,cipher,queen chases the wise key,queen chases the wise key,True
ab34f2e6,gravity,50.94,50.94,True
ab407759,gravity,10.40,10.4,False
ab4e1a63,unit,34.52,34.52,True
ab574811,cipher,dragon follows key,dragon follows key,True
ab5f7c7f,bit,11110110,11110110,True
ab71eaa0,bit,00010010,00010010,True
ab779293,symbol,,78,False
ab7809d1,symbol,,2572,False
ab9e5b48,gravity,15.92,15.92,True
aba5a35d,bit,01011110,01011110,True
abaaeccf,roman,LXXXVII,LXXXVII,True
abb4e6ac,roman,XCV,XCV,True
abb5d597,bit,00111000,00111000,True
abb9c33a,bit,,01111100,False
abba85ac,bit,11101110,11101110,True
abbb5d43,symbol,,8513,False
abcfd0c1,roman,LXXVII,LXXVII,True
abd83957,unit,11.09,11.09,True
abda193b,bit,,11001111,False
abdda9e5,roman,XIII,XIII,True
abe83078,symbol,,`<,False
abeb338a,roman,XXXIV,XXXIV,True
abed1c35,roman,LXXXIII,LXXXIII,True
abfd833f,unit,57.13,57.14,False
ac0af560,cipher,bird found door,bird found door,True
ac0b6d12,cipher,king sees the wise potion,king sees the wise potion,True
ac0d032d,bit,00100000,00100000,True
ac145047,bit,01010000,01010000,True
ac1fb676,unit,48.84,48.84,True
ac2189ae,gravity,158.41,158.41,True
ac262f12,symbol,,8362,False
ac2b67ad,gravity,78.59,78.59,True
ac34d783,cipher,turtle discovers mirror,turtle discovers mirror,True
ac3836f7,cipher,student chases treasure,student chases treasure,True
ac394644,roman,XX,XX,True
ac3ab4d3,cipher,rabbit sees the strange treasure,rabbit sees the strange treasure,True
ac465f14,roman,XXXIV,XXXIV,True
ac5c723c,unit,34.17,34.17,True
ac5f6747,bit,00011001,00011001,True
ac636718,cipher,princess imagines the hidden secret,princess imagines the hidden secret,True
ac697cef,unit,51.81,51.81,True
ac6bc99c,unit,42.85,42.85,True
ac6bf762,unit,45.71,45.70,False
ac73e0f3,unit,80.88,80.88,True
ac7ed6cf,bit,11100111,11100111,True
ac87d01d,cipher,dragon writes under wonderland,dragon writes under wonderland,True
ac96e25c,symbol,,-'/,False
aca1d581,roman,XVII,XVII,True
aca5c614,symbol,,-5,False
aca82280,gravity,58.72,58.72,True
acb5e028,cipher,knight studies the ancient mirror,knight studies the ancient mirror,True
acc0955e,cipher,bird dreams the dark treasure,bird dreams the dark treasure,True
ace02769,unit,48.20,48.20,True
acf4ac58,cipher,bird found treasure,bird found treasure,True
acf8c11f,symbol,,"""'",False
ad01d78c,roman,XXVIII,XXVIII,True
ad121190,roman,LXXVII,LXXVII,True
ad1ade98,bit,00000000,00000000,True
ad2514e4,cipher,wizard found the colorful book,wizard found the colorful book,True
ad3558db,cipher,the ancient king writes,the ancient king writes,True
ad364a7c,gravity,176.51,176.52,False
ad3e6f0d,roman,LXVII,LXVII,True
ad4b03c0,cipher,king found through library,king found through library,True
ad4b56d5,unit,47.12,47.12,True
ad599007,unit,18.11,18.11,True
ad59f0c6,unit,34.53,34.53,True
ad651184,roman,XCIX,XCIX,True
ad6d02db,roman,LXXXIII,LXXXIII,True
ad6ff612,roman,X,X,True
ad789984,roman,XLIV,XLIV,True
ad794f4a,gravity,129.48,129.48,True
ad7edc85,bit,11010100,11010100,True
ad813fbb,roman,XV,XV,True
ada01a20,bit,10000000,10000000,True
adad547a,symbol,,0091,False
adb23476,unit,36.47,36.47,True
adb33564,gravity,128.80,128.8,False
adbcf4bf,cipher,the colorful teacher discovers,the colorful teacher discovers,True
adc6141f,gravity,88.30,88.3,False
adcc6292,symbol,,-}^,False
add435ca,gravity,100.85,100.84,False
add6d0aa,cipher,turtle writes the curious garden,turtle writes the curious garden,True
addd2e88,unit,15.49,15.48,False
adde4edb,cipher,king imagines above mountain,king imagines above mountain,True
adeac6af,bit,10010110,10010110,True
adebd139,unit,24.45,24.45,True
adee3b71,gravity,130.38,130.39,False
adf5d72d,gravity,62.42,62.42,True
adf7fc5b,roman,XLII,XLII,True
ae006a91,bit,,11100010,False
ae092f8d,unit,65.50,65.50,True
ae0e57c4,gravity,161.51,161.51,True
ae2e3a26,gravity,30.99,30.99,True
ae2edf41,unit,18.84,18.84,True
ae305718,roman,XXXV,XXXV,True
ae3d84e7,symbol,,<<<,False
ae494323,gravity,7.03,7.03,True
ae4aef23,symbol,,%<<,False
ae4f74ba,gravity,55.91,55.91,True
ae50c309,unit,25.34,25.33,False
ae554b7f,unit,13.87,13.87,True
ae566562,bit,11111001,11111001,True
ae5e411e,unit,82.94,82.94,True
ae5e65cf,gravity,112.85,112.85,True
ae61350b,roman,LXIII,LXIII,True
ae64d5e4,symbol,,[,False
ae6a3065,gravity,31.56,31.56,True
ae6be599,symbol,,#`,False
ae6c8cf6,gravity,32.61,32.61,True
ae73892e,bit,00110001,00110001,True
ae93aec4,bit,00011000,00011000,True
aea08eb0,bit,11100111,11100111,True
aea14651,bit,11111100,11111100,True
aeb1596c,gravity,6.27,6.27,True
aebdf2ae,unit,69.67,69.66,False
aec87b7b,cipher,mouse explores the clever mirror,mouse explores the clever mirror,True
aec8d5f2,gravity,80.75,80.75,True
aeca38ba,bit,01111011,01111011,True
aed00579,roman,XCV,XCV,True
aed6b1ca,cipher,teacher dreams the secret book,teacher dreams the secret book,True
aed8e748,gravity,28.42,28.42,True
aedac0c7,roman,XCIII,XCIII,True
aedc758a,roman,XCVI,XCVI,True
aedef8e4,bit,00010000,00010000,True
af018681,symbol,,"\${""",False
af0e4262,symbol,,]{,False
af0fd8f6,bit,10100110,10100110,True
af12442b,unit,20.83,20.83,True
af260055,gravity,123.88,123.88,True
af271da8,gravity,114.84,114.84,True
af274b6d,cipher,hatter discovers through village,hatter discovers through village,True
af34964a,symbol,,]:[:,False
af358750,bit,01111111,01111111,True
af37ed28,unit,24.17,24.17,True
af447d2a,unit,30.20,30.20,True
af52a14c,gravity,4.26,4.26,True
af5302ca,bit,00011111,00011111,True
af58b824,bit,10110000,10110000,True
af593008,cipher,knight chases secret,knight chases secret,True
af5e4060,bit,11001111,11001111,True
af652c7d,roman,LXXIX,LXXIX,True
af6ce080,unit,70.72,70.72,True
af745071,gravity,85.73,85.73,True
af78b80e,gravity,41.57,41.57,True
af7b42d2,cipher,cat reads inside island,cat reads inside island,True
af7ec090,symbol,,'''^,False
af873b49,cipher,cat discovers the golden castle,cat discovers the golden castle,True
af89acac,roman,LXXXVI,LXXXVI,True
af8a1eb3,roman,X,X,True
af936486,cipher,dragon creates the strange treasure,dragon creates the strange treasure,True
af95c8aa,symbol,,'\],False
af9989c2,gravity,28.99,28.99,True
afa9a53b,symbol,,&%|,False
afac52d8,gravity,49.76,49.76,True
afb53516,symbol,,<%&:,False
afc57a97,unit,54.76,54.76,True
afca7259,symbol,,>>&,False
afcac7af,symbol,,-9,False
afcc2452,roman,XXXVIII,XXXVIII,True
afdb7326,symbol,,%\,False
afdd0e06,roman,XCIV,XCIV,True
afe2bad5,roman,XCII,XCII,True
afe800aa,roman,LII,LII,True
aff9a553,roman,XLIII,XLIII,True
b003a657,roman,V,V,True
b00bab37,cipher,knight follows in castle,knight follows in castle,True
b0101680,unit,16.10,16.10,True
b0184ec1,unit,61.57,61.57,True
b0206bb7,symbol,,]$!,False
b0228713,cipher,the hidden dragon creates,the hidden dragon creates,True
b037cf33,gravity,63.59,63.59,True
b03ab026,symbol,,74,False
b03bd7fb,roman,LIX,LIX,True
b03f13bd,cipher,turtle imagines the ancient map,turtle imagines the ancient map,True
b045e91a,unit,26.10,26.10,True
b04c5585,roman,XLIV,XLIV,True
b0638e8a,cipher,the ancient princess writes,the ancient princess writes,True
b06625c4,symbol,,^&/,False
b06650c1,bit,,11101110,False
b06adf83,gravity,109.86,109.86,True
b073d5d8,unit,66.29,66.29,True
b075e716,symbol,,2400,False
b07b312a,roman,XLV,XLV,True
b0853608,roman,XLI,XLI,True
b088f1d9,cipher,the hidden mouse draws,the hidden mouse draws,True
b08a469a,unit,68.81,68.81,True
b08e4730,gravity,89.85,89.85,True
b09cdfaf,roman,XLVIII,XLVIII,True
b09efdc9,cipher,king watches near garden,king watches near garden,True
b0b84b53,gravity,12.32,12.32,True
b0bc11f1,bit,10000110,10000110,True
b0bd3c8f,unit,75.35,75.35,True
b0bf8ae4,roman,IV,IV,True
b0c908ce,roman,XCVI,XCVI,True
b0d0dd45,symbol,,7289,False
b0d399f9,roman,XX,XX,True
b0dc045a,roman,XCIX,XCIX,True
b0e8cd3e,unit,41.03,41.03,True
b102a8a8,bit,10001010,10001010,True
b1046e36,unit,24.06,24.06,True
b1181806,symbol,,|>>,False
b12377a9,unit,6.32,6.32,True
b12df751,unit,29.30,29.30,True
b13d511a,symbol,,\&[[,False
b14f7be3,bit,10111110,10111110,True
b14fb614,bit,01100000,01100000,True
b15368e8,symbol,,^{,False
b158ab98,bit,00000001,00000001,True
b15a1ff8,roman,XLIX,XLIX,True
b163a1ab,cipher,the clever turtle sees,the clever turtle sees,True
b16455a2,bit,,10101011,False
b1686291,gravity,63.64,63.64,True
b16d6db2,symbol,,":""<",False
b1733f3e,symbol,,]/,False
b1740982,unit,7.78,7.78,True
b1798629,roman,XIX,XIX,True
b1804bcd,gravity,5.46,5.46,True
b1890a99,bit,00001011,00001011,True
b1911ff3,roman,LXVIII,LXVIII,True
b193f06a,symbol,,3182,False
b19f4815,cipher,student follows book,student follows book,True
b1a745db,roman,LXXI,LXXI,True
b1af141c,roman,XXI,XXI,True
b1b095ea,bit,10001111,10001111,True
b1b0af1d,roman,LIII,LIII,True
b1b10e83,symbol,,"|""#$",False
b1b48ee7,roman,XI,XI,True
b1b5054f,bit,00100000,00100000,True
b1bc3731,symbol,,63,False
b1bd7903,roman,LXXXIV,LXXXIV,True
b1de518a,bit,,11000111,False
b1ec44a1,cipher,bird draws the secret puzzle,bird draws the secret puzzle,True
b1ec7742,unit,24.39,24.38,False
b1f5a2e8,bit,11111111,11111111,True
b1f65894,roman,XXVII,XXVII,True
b1f67de9,roman,XVIII,XVIII,True
b1f8f11c,gravity,40.91,40.91,True
b205f2d5,cipher,the bright king follows,the bright king follows,True
b20b39bf,bit,,01110010,False
b20bba0b,cipher,princess reads above cave,princess reads above cave,True
b2285221,roman,XLVII,XLVII,True
b236ba44,bit,,11011101,False
b23f94f8,cipher,turtle explores inside castle,turtle explores inside castle,True
b24ad7be,roman,XCI,XCI,True
b250470b,roman,LXXVIII,LXXVIII,True
b2506950,roman,XLIV,XLIV,True
b2576afa,roman,XVI,XVI,True
b25c11fe,roman,LIV,LIV,True
b2615471,gravity,68.09,68.09,True
b265a4af,bit,00100100,00100100,True
b26d8818,symbol,,5983,False
b271a61c,symbol,,*@^,False
b2748dc4,cipher,the colorful teacher imagines,the colorful teacher imagines,True
b275443b,bit,,00111000,False
b2865616,unit,58.68,58.68,True
b287ee74,bit,00000000,00000000,True
b2880cc3,cipher,teacher studies the dark forest,teacher studies the dark forest,True
b2929c2a,unit,27.62,27.62,True
b298bfc6,roman,XXXIII,XXXIII,True
b29a4a21,gravity,75.62,75.62,True
b2a8384e,symbol,,-$,False
b2b00de0,roman,XCVII,XCVII,True
b2b2ba94,gravity,7.03,7.03,True
b2b349aa,roman,IX,IX,True
b2bc6dbb,cipher,king chases under mountain,king chases under mountain,True
b2bdef43,bit,01111111,01111111,True
b2cbea0f,gravity,176.57,176.57,True
b2d46dec,bit,00101100,00101100,True
b2e5c467,symbol,,9111,False
b2e7ee08,unit,33.02,33.02,True
b2ea0c09,unit,22.13,22.13,True
b2ee2241,roman,XCVI,XCVI,True
b2f19231,cipher,princess imagines the golden garden,princess imagines the golden garden,True
b2f2ad54,gravity,20.56,20.55,False
b2fb65cf,bit,11000011,11000011,True
b2fb7d10,unit,33.05,33.05,True
b303bb5a,gravity,13.92,13.92,True
b305e47f,unit,28.12,28.12,True
b30f8610,bit,10000011,10000011,True
b312829e,gravity,73.42,73.42,True
b318276f,cipher,queen follows near palace,queen follows near palace,True
b32c8042,gravity,8.13,8.13,True
b331a0c2,cipher,king follows puzzle,king follows puzzle,True
b3431ac7,roman,LXI,LXI,True
b34a1d90,cipher,the mysterious teacher chases,the mysterious teacher chases,True
b35103bf,unit,27.39,27.39,True
b360e5fe,unit,56.64,56.64,True
b365d48c,roman,LXVI,LXVI,True
b36aa89c,unit,9.18,9.18,True
b3745e98,symbol,,!',False
b3772621,cipher,student writes around ocean,student writes around ocean,True
b3785949,bit,,11100011,False
b3884d15,unit,21.16,21.16,True
b391ffe1,symbol,,#!,False
b394b3b9,cipher,rabbit writes in cave,rabbit writes in cave,True
b398201b,bit,11000111,11000111,True
b39c8082,cipher,princess reads treasure,princess reads treasure,True
b3a9b053,bit,10000100,10000100,True
b3ab21d2,unit,15.19,15.19,True
b3ae7f39,symbol,,801,False
b3af6a44,cipher,the clever alice reads,the clever alice reads,True
b3b8ed86,gravity,131.04,131.04,True
b3c0b44e,unit,43.00,43.00,True
b3c2142f,unit,11.26,11.26,True
b3ce071c,bit,,11111011,False
b3d56db3,roman,LXXV,LXXV,True
b3d91fcf,roman,LXXXVI,LXXXVI,True
b3db314b,cipher,teacher imagines the secret garden,teacher imagines the secret garden,True
b3e1b612,roman,LIV,LIV,True
b3e6f386,gravity,14.27,14.27,True
b3f9a15c,symbol,,1773,False
b4051778,unit,5.93,5.93,True
b414004c,unit,68.26,68.26,True
b41b9628,bit,10100110,10100110,True
b41c84e4,gravity,25.93,25.93,True
b4229b4a,bit,11111011,11111011,True
b42668ab,unit,39.93,39.93,True
b4342b90,symbol,,66,False
b43c7665,cipher,the strange turtle sees,the strange turtle sees,True
b43d9cd5,bit,11100100,11100100,True
b44f2254,cipher,cat creates the wise book,cat creates the wise book,True
b45003a6,bit,00110110,00110110,True
b451be8a,symbol,,64,False
b4549ab9,bit,,10110011,False
b47e8621,symbol,,><<,False
b4865c39,cipher,queen explores mirror,queen explores mirror,True
b487923a,bit,00001011,00001011,True
b48ec372,gravity,101.60,101.6,False
b48ff026,cipher,the wise princess sees,the wise princess sees,True
b4902e98,gravity,33.51,33.51,True
b4906db9,gravity,141.43,141.43,True
b49fe499,unit,45.24,45.23,False
b4a15ca6,symbol,,301,False
b4a42843,gravity,131.83,131.83,True
b4a5076f,symbol,,75,False
b4abe02a,roman,XX,XX,True
b4b73143,symbol,,>\:,False
b4bda915,cipher,teacher sees garden,teacher sees garden,True
b4c3f16c,cipher,dragon follows inside valley,dragon follows inside valley,True
b4c98aa9,cipher,queen chases key,queen chases key,True
b4cd34fe,cipher,the silver rabbit sees,the silver rabbit sees,True
b4cf2c41,roman,XIII,XIII,True
b4ddb69d,bit,00000000,00000000,True
b4eab219,symbol,,(#<,False
b4f701f5,symbol,,2271,False
b50a79c8,cipher,teacher follows treasure,teacher follows treasure,True
b50cf853,symbol,,"|?""}",False
b50ea68b,gravity,10.45,10.45,True
b523875c,cipher,queen studies book,queen studies book,True
b5261a95,bit,01011111,01011111,True
b52a8017,bit,11100101,11100101,True
b52c6d87,gravity,166.05,166.05,True
b539561d,unit,82.22,82.22,True
b5403194,gravity,10.17,10.17,True
b551589d,unit,17.37,17.37,True
b5539826,unit,11.04,11.04,True
b558c74d,bit,10100101,10100101,True
b562489d,cipher,princess creates above cave,princess creates above cave,True
b56d38be,symbol,,[/),False
b57c1c5f,bit,00110100,00110100,True
b5836ebf,cipher,turtle sees beyond wonderland,turtle sees beyond wonderland,True
b595b6e8,bit,10100000,10100000,True
b5a20f35,gravity,12.64,12.64,True
b5a936a9,symbol,,"-""(",False
b5aaf41f,gravity,59.43,59.43,True
b5ab0286,gravity,116.50,116.5,False
b5aba795,unit,64.15,64.16,False
b5aef408,unit,27.90,27.90,True
b5b9c138,bit,00100001,00100001,True
b5bfe52b,gravity,102.58,102.58,True
b5c56f58,gravity,58.18,58.18,True
b5c8ac87,cipher,king found through village,king found through village,True
b5e1e604,symbol,,211,False
b5e40e49,bit,10101011,10101011,True
b5ee1c4e,cipher,teacher discovers inside library,teacher discovers inside library,True
b5fdebcc,gravity,80.01,80.01,True
b609746e,unit,30.24,30.24,True
b60cc65e,cipher,queen sees in palace,queen sees in palace,True
b60cd610,gravity,133.93,133.93,True
b6127826,roman,XXII,XXII,True
b61470ef,bit,,10110111,False
b61afd75,bit,,00101101,False
b61bb6c6,gravity,7.75,7.75,True
b61e875a,unit,5.84,5.84,True
b6212c5e,roman,XLIII,XLIII,True
b62453dc,symbol,,-75,False
b62f2e75,bit,00111111,00111111,True
b62f3399,cipher,wizard sees around village,wizard sees around village,True
b631f2b8,bit,11111111,11111111,True
b634898d,bit,11000000,11000000,True
b63d963c,symbol,,<<!,False
b643d81f,symbol,,9,False
b647609f,cipher,mouse writes near garden,mouse writes near garden,True
b64d3d0f,unit,56.50,56.50,True
b655eee9,symbol,,-92,False
b65a341a,cipher,the golden cat discovers,the golden cat discovers,True
b6611da0,roman,IV,IV,True
b664561f,roman,XXXVII,XXXVII,True
b669d051,gravity,26.29,26.3,False
b67194af,bit,10100110,10100110,True
b6720c46,cipher,the colorful princess draws,the colorful princess draws,True
b6879296,unit,27.53,27.53,True
b69238c1,bit,11101110,11101110,True
b69391b8,symbol,,66,False
b69d2e78,symbol,,|)\,False
b6a96559,cipher,rabbit sees treasure,rabbit sees treasure,True
b6ac4a3b,cipher,king draws through forest,king draws through forest,True
b6bacaa0,unit,58.20,58.20,True
b6cd1807,bit,01001111,01001111,True
b6cd32c1,gravity,62.04,62.04,True
b6cef316,gravity,55.67,55.67,True
b6de58c5,cipher,knight chases puzzle,knight chases puzzle,True
b6e4a36d,bit,,01011111,False
b6ebacd5,unit,20.77,20.77,True
b72f6f48,bit,,11010111,False
b7343939,cipher,student dreams around ocean,student dreams around ocean,True
b73d0898,symbol,,9,False
b745e6d1,roman,LXXXVI,LXXXVI,True
b74710de,cipher,the ancient student discovers,the ancient student discovers,True
b74a49c4,bit,,01000111,False
b755b08e,cipher,knight creates under palace,knight creates under palace,True
b75b5123,bit,01110111,01110111,True
b75d7598,gravity,81.56,81.56,True
b76fd053,bit,11100111,11100111,True
b78aeb93,roman,VI,VI,True
b794b844,unit,22.84,22.84,True
b79f2b10,bit,00100001,00100001,True
b7a208c2,gravity,15.97,15.97,True
b7a94434,unit,59.19,59.18,False
b7a96254,unit,11.24,11.24,True
b7ad0671,symbol,,16,False
b7b1d1a8,symbol,,57,False
b7b61c0b,gravity,32.57,32.57,True
b7bc2148,unit,10.88,10.88,True
b7cd554e,cipher,the hidden mouse studies,the hidden mouse studies,True
b7e1a152,unit,17.94,17.94,True
b7e92a59,symbol,,"""@|",False
b7ea3d8d,cipher,hatter dreams book,hatter dreams book,True
b7ebfc5a,gravity,166.05,166.05,True
b7ee7b4c,roman,LXVI,LXVI,True
b7f05101,cipher,alice imagines under tower,alice imagines under tower,True
b7f86f42,unit,9.63,9.63,True
b7fd51b5,cipher,knight discovers above cave,knight discovers above cave,True
b80795b4,bit,00010000,00010000,True
b8084b36,unit,43.47,43.47,True
b80a1a12,unit,14.46,14.46,True
b80c9363,cipher,wizard sees in tower,wizard sees in tower,True
b80d1a4d,gravity,8.93,8.93,True
b81065fd,gravity,38.81,38.81,True
b8176ac6,cipher,rabbit studies above forest,rabbit studies above forest,True
b81b071c,cipher,queen imagines secret,queen imagines secret,True
b82a4b1b,cipher,bird sees mirror,bird sees mirror,True
b82b2a02,bit,01000110,01000110,True
b82e38ec,unit,76.34,76.34,True
b82f6bc4,cipher,knight watches the wise castle,knight watches the wise castle,True
b838101f,cipher,rabbit dreams the hidden map,rabbit dreams the hidden map,True
b83b999a,cipher,the silver mouse draws,the silver mouse draws,True
b8432f69,symbol,,:&&,False
b8496b92,roman,L,L,True
b84ada64,gravity,10.05,10.05,True
b84affc2,roman,XII,XII,True
b8560600,cipher,student reads under garden,student reads under garden,True
b85a9b97,cipher,queen follows near island,queen follows near island,True
b85d359c,roman,XXIII,XXIII,True
b8722d19,bit,00100100,00100100,True
b8738676,cipher,wizard sees inside tower,wizard sees inside tower,True
b87f3bd9,cipher,the mysterious dragon studies,the mysterious dragon studies,True
b891fd93,unit,35.11,35.11,True
b8954f14,bit,11000011,11000011,True
b8955624,symbol,,))?,False
b8976439,unit,6.49,6.49,True
b89a3e4d,cipher,teacher imagines the magical key,teacher imagines the magical key,True
b8a8560f,cipher,mouse follows the ancient puzzle,mouse follows the ancient puzzle,True
b8aa3072,bit,00000011,00000011,True
b8b9133c,gravity,47.69,47.69,True
b8b948af,unit,31.26,31.26,True
b8b99140,gravity,36.20,36.2,False
b8bbfb33,gravity,46.28,46.28,True
b8c3a530,cipher,the curious cat follows,the curious cat follows,True
b8d28fcd,unit,54.61,54.61,True
b8d749d6,unit,11.98,11.98,True
b8dcc19a,bit,,10101001,False
b8e0c853,bit,,10011010,False
b8e2b866,gravity,83.81,83.81,True
b8e2c327,unit,36.91,36.91,True
b8e38a49,bit,10011101,10011101,True
b8e4d24d,gravity,106.61,106.61,True
b8e5057a,bit,11111010,11111010,True
b8f00ea7,symbol,,5615,False
b8f1e3b9,roman,LXXXV,LXXXV,True
b8f530de,cipher,the silver queen imagines,the silver queen imagines,True
b8f8ae0d,roman,XIV,XIV,True
b9034c71,unit,10.75,10.75,True
b908398b,roman,LVII,LVII,True
b9126839,gravity,19.28,19.28,True
b91855fd,bit,00110000,00110000,True
b91f7b38,roman,VIII,VIII,True
b9222db1,cipher,alice draws the mysterious mirror,alice draws the mysterious mirror,True
b934935c,cipher,cat dreams the bright message,cat dreams the bright message,True
b944af61,cipher,alice explores the dark forest,alice explores the dark forest,True
b9500f41,bit,11110000,11110000,True
b9599f23,roman,VI,VI,True
b9623afc,roman,XXXV,XXXV,True
b96424a0,cipher,mouse studies story,mouse studies story,True
b9734394,bit,00000010,00000010,True
b9768923,unit,69.56,69.56,True
b977b320,cipher,bird draws the secret castle,bird draws the secret castle,True
b980017a,symbol,,7946,False
b989c740,symbol,,8618,False
b993173b,roman,XCIII,XCIII,True
b998f4f2,cipher,alice imagines puzzle,alice imagines puzzle,True
b99bdad1,cipher,the golden queen watches,the golden queen watches,True
b99c2ca0,gravity,19.21,19.21,True
b99d3059,symbol,,31,False
b9a748ac,cipher,the strange knight follows,the strange knight follows,True
b9af70c0,bit,00000001,00000001,True
b9b5a2c1,symbol,,&`,False
b9bde098,cipher,hatter dreams the clever message,hatter dreams the clever message,True
b9bf883d,symbol,,100,False
b9c14cde,cipher,princess found above cave,princess found above cave,True
b9e045e8,cipher,cat draws inside island,cat draws inside island,True
b9e7c7c4,bit,00000000,00000000,True
b9e9dc9f,bit,00000000,00000000,True
b9f0d732,cipher,the hidden student sees,the hidden student sees,True
b9f1d959,symbol,,:>,False
b9f40d9a,unit,51.21,51.21,True
b9f42afb,bit,10011100,10011100,True
b9fb3018,gravity,26.81,26.81,True
b9fe8578,unit,59.67,59.68,False
ba0a7ac2,bit,00101110,00101110,True
ba14f4a1,cipher,the ancient alice reads,the ancient alice reads,True
ba1620ec,cipher,the dark king writes,the dark king writes,True
ba285d3d,unit,14.52,14.52,True
ba3e8a2b,roman,LXIV,LXIV,True
ba409835,bit,11000110,11000110,True
ba469498,unit,46.87,46.87,True
ba47a3bf,bit,01000000,01000000,True
ba573ba5,roman,LIII,LIII,True
ba598f58,gravity,75.22,75.22,True
ba5e6c2e,cipher,dragon reads under forest,dragon reads under forest,True
ba61b815,bit,00001101,00001101,True
ba70f3c5,gravity,73.72,73.73,False
ba73cc70,bit,00011101,00011101,True
ba76c1d2,symbol,,{`>!,False
ba7d54c4,symbol,,>((<,False
ba7d78f8,gravity,146.27,146.27,True
ba960ba9,gravity,23.90,23.9,False
baa9e4ea,bit,00100000,00100000,True
baab28bb,symbol,,#!,False
baabcbe5,cipher,teacher follows near ocean,teacher follows near ocean,True
bab19053,gravity,40.62,40.61,False
bac14bcd,roman,XIX,XIX,True
bad6f95d,symbol,,41,False
bad798af,bit,11111111,11111111,True
bad7a97b,cipher,queen writes above island,queen writes above island,True
bad9f9da,symbol,,87,False
badf6313,cipher,wizard explores the mysterious secret,wizard explores the mysterious secret,True
badfde6d,roman,LXXXIX,LXXXIX,True
bae637a5,unit,18.53,18.53,True
bae825ba,gravity,46.69,46.69,True
bae87600,cipher,king writes near forest,king writes near forest,True
baeb4a11,bit,11010000,11010000,True
baebfd26,symbol,,">@(""",False
baee520f,bit,01100100,01100100,True
baf66f84,bit,,10111010,False
bb056bc9,bit,,11010101,False
bb070853,roman,XXXIII,XXXIII,True
bb0abecc,bit,00000010,00000010,True
bb187775,cipher,hatter reads book,hatter reads book,True
bb1ed6b9,unit,35.95,35.95,True
bb1ee8e2,symbol,,&,False
bb21ad10,cipher,student dreams castle,student dreams castle,True
bb2d064c,cipher,student follows the golden castle,student follows the golden castle,True
bb2ff0b5,roman,LIX,LIX,True
bb326096,bit,00101001,00101001,True
bb3bc7e7,unit,42.01,42.01,True
bb40f4fa,cipher,knight found the strange book,knight found the strange book,True
bb429016,bit,00101111,00101111,True
bb46a671,gravity,25.47,25.47,True
bb486d21,gravity,110.83,110.82,False
bb49a75a,unit,7.87,7.87,True
bb4c2109,cipher,the colorful mouse writes,the colorful mouse writes,True
bb742385,gravity,31.40,31.4,False
bb79e64f,bit,01101001,01101001,True
bb8a739b,gravity,61.81,61.81,True
bb8f5a6a,gravity,22.01,22.01,True
bb90b29d,cipher,rabbit creates the mysterious crystal,rabbit creates the mysterious crystal,True
bb91177f,bit,00110111,00110111,True
bb9611b7,gravity,131.18,131.18,True
bb9c9d6f,roman,XCIII,XCIII,True
bb9dd0ad,symbol,,/^//,False
bba15400,roman,LX,LX,True
bba186c3,symbol,,704,False
bbace822,gravity,111.59,111.59,True
bbb61c3a,unit,62.46,62.46,True
bbcd608d,symbol,,''[,False
bbcfbcca,roman,XV,XV,True
bbd9c6ae,cipher,dragon reads under library,dragon reads under library,True
bbdbda50,cipher,mouse discovers inside castle,mouse discovers inside castle,True
bbf1dba3,bit,11010010,11010010,True
bc0935ee,symbol,,@25,False
bc0cbe05,gravity,25.28,25.28,True
bc0e7856,cipher,turtle writes the dark mirror,turtle writes the dark mirror,True
bc19cd14,bit,,11010110,False
bc1ef494,symbol,,#)],False
bc2649ba,gravity,116.79,116.79,True
bc2fc874,cipher,dragon writes story,dragon writes story,True
bc38b75b,gravity,25.24,25.24,True
bc42e664,symbol,,71,False
bc42fddf,cipher,alice sees castle,alice sees castle,True
bc4aca62,gravity,135.33,135.33,True
bc4d68f5,bit,00000011,00000011,True
bc50e662,cipher,student explores around village,student explores around village,True
bc520eb0,bit,00001011,00001011,True
bc586060,gravity,53.03,53.03,True
bc60a72a,unit,37.86,37.86,True
bc64667d,unit,65.72,65.72,True
bc70cab0,cipher,the ancient princess creates,the ancient princess creates,True
bc7618a7,bit,00001100,00001100,True
bc788c0e,roman,XXI,XXI,True
bc7f14d1,symbol,,151,False
bc83b0a1,symbol,,(/&{,False
bc9856fc,cipher,dragon sees above castle,dragon sees above castle,True
bca230fd,symbol,,!<[$,False
bca238ee,bit,00000000,00000000,True
bca36437,unit,13.84,13.84,True
bcacfbc9,gravity,7.68,7.69,False
bcb0993a,symbol,,!!!,False
bcc6b180,gravity,64.98,64.98,True
bcdf769f,roman,LXXXVII,LXXXVII,True
bcdf9198,bit,11111111,11111111,True
bce10d97,symbol,,2,False
bcf0d51d,bit,01110000,01110000,True
bcf66e1d,unit,39.43,39.43,True
bcfa36d2,cipher,rabbit chases book,rabbit chases book,True
bcfa751d,gravity,139.37,139.37,True
bcff7dbe,symbol,,>[,False
bd01bfeb,symbol,,&^,False
bd049614,bit,00000000,00000000,True
bd056c6b,roman,XIX,XIX,True
bd1200b2,gravity,104.96,104.96,True
bd19f9b6,roman,LXXII,LXXII,True
bd214050,bit,11111110,11111110,True
bd214062,bit,,01011001,False
bd2c459a,cipher,the ancient teacher explores,the ancient teacher explores,True
bd2ef1e9,unit,39.18,39.19,False
bd30ccbd,bit,01100100,01100100,True
bd36a922,symbol,,?(,False
bd3787e3,cipher,student creates beyond palace,student creates beyond palace,True
bd3996eb,gravity,11.09,11.09,True
bd417168,bit,00010001,00010001,True
bd45373b,unit,5.11,5.11,True
bd4c584a,symbol,,0491,False
bd53ea3a,bit,00000000,00000000,True
bd7591e7,unit,27.33,27.33,True
bd76e1f9,gravity,158.38,158.38,True
bd8aa942,symbol,,1881,False
bd97b95a,cipher,bird sees the secret garden,bird sees the secret garden,True
bd9a9be6,unit,9.76,9.76,True
bd9acac4,unit,39.57,39.57,True
bd9df216,gravity,153.68,153.67,False
bd9e437b,cipher,knight reads the hidden castle,knight reads the hidden castle,True
bda7ee30,unit,6.15,6.15,True
bda83bcd,roman,XX,XX,True
bda90b57,bit,01001100,01001100,True
bdb72adf,bit,11001000,11001000,True
bdb93228,bit,11111101,11111101,True
bdbc5f60,gravity,27.29,27.29,True
bdc10997,roman,XCV,XCV,True
bdca0fac,symbol,,2925,False
bdcc30fe,bit,11001100,11001100,True
bdcccbab,gravity,21.83,21.83,True
bdd2f990,gravity,23.23,23.23,True
bdd3c961,roman,LXX,LXX,True
bdd63604,bit,01010101,01010101,True
bddbab0c,cipher,wizard follows garden,wizard follows garden,True
bde0d15d,unit,6.57,6.57,True
bde0e318,cipher,mouse studies secret,mouse studies secret,True
be01af6b,bit,10011111,10011111,True
be05952c,bit,00000001,00000001,True
be091374,gravity,44.81,44.81,True
be0a10de,symbol,,""">",False
be20c276,unit,29.84,29.84,True
be2416ec,unit,22.13,22.13,True
be2b5f75,gravity,55.65,55.65,True
be2f9734,roman,IV,IV,True
be32b22a,bit,11000011,11000011,True
be366ebb,roman,LXXX,LXXX,True
be5795da,unit,76.23,76.24,False
be5971d7,symbol,,-85,False
be5f0069,gravity,32.29,32.29,True
be6250c0,cipher,alice discovers the colorful forest,alice discovers the colorful forest,True
be678a92,bit,11100011,11100011,True
be67a57a,gravity,179.13,179.13,True
be69c49f,cipher,cat chases key,cat chases key,True
be69de9f,gravity,109.44,109.43,False
be7101dc,symbol,,\:%#,False
be77b031,cipher,mouse sees treasure,mouse sees treasure,True
be787193,roman,XXXVII,XXXVII,True
be7a9eb1,symbol,,[]`',False
be7b3d06,gravity,49.13,49.13,True
be877da5,symbol,,02,False
be8d4d84,roman,LIII,LIII,True
be8de8a1,bit,,10001111,False
be9b0c9b,bit,00000000,00000000,True
bebb9447,symbol,,%#,False
bebef9bd,roman,XXXV,XXXV,True
bec6fe03,unit,62.45,62.44,False
bed05e5b,gravity,152.83,152.83,True
bed6424f,roman,XXIX,XXIX,True
bedd4e39,roman,LXXVIII,LXXVIII,True
beed9a93,cipher,the strange cat explores,the strange cat explores,True
beeecc73,unit,10.54,10.54,True
bef8b5ec,bit,00000010,00000010,True
bf002000,bit,11001000,11001000,True
bf00d07d,unit,21.77,21.77,True
bf08c301,cipher,wizard writes garden,wizard writes garden,True
bf10f444,unit,18.16,18.16,True
bf20f12c,bit,10110110,10110110,True
bf2220e7,symbol,,:,False
bf290c73,unit,6.15,6.15,True
bf2fc862,unit,36.08,36.08,True
bf39ab88,roman,XXXIX,XXXIX,True
bf40bc1d,gravity,50.06,50.07,False
bf4bd858,symbol,,101,False
bf51eb1d,unit,43.54,43.54,True
bf52169b,cipher,the clever wizard reads,the clever wizard reads,True
bf6249ea,gravity,67.37,67.37,True
bf786304,gravity,145.83,145.82,False
bf7c64dd,roman,XL,XL,True
bf8524b5,gravity,170.52,170.52,True
bf88ff54,unit,69.75,69.75,True
bf98d26a,bit,00101110,00101110,True
bfa0fdf6,gravity,18.42,18.42,True
bfa327dc,roman,XXXII,XXXII,True
bfaa2811,gravity,10.10,10.1,False
bfae1468,unit,23.83,23.83,True
bfb88d7b,gravity,170.42,170.43,False
bfb9b15c,cipher,hatter found potion,hatter found potion,True
bfc0527d,roman,XVII,XVII,True
bfc59d3a,unit,17.99,17.99,True
bfca784f,bit,,11011111,False
bfcb26ab,cipher,the curious queen studies,the curious queen studies,True
bfd0e232,gravity,162.10,162.1,False
bfd2dc4c,gravity,70.36,70.36,True
bfd485cf,unit,29.87,29.87,True
bfdf8d36,gravity,7.52,7.52,True
bfe3a828,cipher,the dark bird follows,the dark bird follows,True
bfee75d5,bit,01000010,01000010,True
bff8b75b,unit,73.44,73.44,True
bffaa07f,unit,15.36,15.36,True
c00d52fe,bit,01111000,01111000,True
c00f2605,symbol,,"&""",False
c01cebb4,symbol,,-[},False
c0289d26,cipher,dragon follows through castle,dragon follows through castle,True
c02c8a9c,cipher,the clever student draws,the clever student draws,True
c04024c2,gravity,144.54,144.53,False
c04634c0,gravity,21.51,21.51,True
c04961fc,unit,16.61,16.61,True
c05828eb,symbol,,-!|,False
c05f5733,bit,00101010,00101010,True
c0648741,unit,10.02,10.02,True
c06e61a2,symbol,,29,False
c0706c91,gravity,13.80,13.8,False
c0788894,bit,11111111,11111111,True
c080cfdd,roman,XLV,XLV,True
c09035ce,cipher,turtle imagines around cave,turtle imagines around cave,True
c090ea30,roman,XXIII,XXIII,True
c0941580,gravity,80.65,80.65,True
c095f799,bit,,10011111,False
c0b3ea87,roman,LXVIII,LXVIII,True
c0bc0516,unit,50.60,50.60,True
c0c0699a,unit,27.76,27.76,True
c0c70a35,bit,11110111,11110111,True
c0cf74f0,roman,XXXV,XXXV,True
c0d1c45e,cipher,king writes secret,king writes secret,True
c0d3279f,roman,LXXIII,LXXIII,True
c0dc290c,gravity,32.31,32.31,True
c0dd90c0,symbol,,22,False
c0e04922,bit,10111011,10111011,True
c0e67390,gravity,16.38,16.38,True
c0e9cf43,cipher,turtle chases secret,turtle chases secret,True
c0f32a1e,symbol,,085,False
c0f6e1b8,gravity,204.79,204.79,True
c0f7a38b,cipher,teacher discovers map,teacher discovers map,True
c102a112,unit,42.16,42.16,True
c113055a,bit,00010100,00010100,True
c11777c0,symbol,,56,False
c118f5ce,cipher,teacher chases the colorful key,teacher chases the colorful key,True
c11a4f54,unit,77.53,77.53,True
c11c0757,unit,64.44,64.44,True
c11ca3ef,gravity,137.45,137.45,True
c11eba1d,bit,,11010111,False
c11f1c92,gravity,64.59,64.59,True
c1224544,gravity,42.89,42.88,False
c124f209,gravity,82.45,82.45,True
c132886a,cipher,the silver dragon creates,the silver dragon creates,True
c143db59,gravity,26.28,26.28,True
c14582f7,gravity,106.16,106.16,True
c149d3c5,unit,43.87,43.87,True
c163f9e9,unit,53.82,53.82,True
c170f7d4,symbol,,-15,False
c1775d35,unit,22.22,22.22,True
c180cdec,bit,00000100,00000100,True
c185e8fe,roman,III,III,True
c188c1a6,gravity,70.58,70.58,True
c18ee385,unit,13.55,13.55,True
c1935859,roman,XIII,XIII,True
c19756b2,roman,XXXI,XXXI,True
c1b427bb,bit,01110000,01110000,True
c1bebdf1,unit,20.90,20.90,True
c1c7963e,unit,5.15,5.15,True
c1d0ab5f,cipher,alice follows castle,alice follows castle,True
c1ebc77e,cipher,bird draws mirror,bird draws mirror,True
c1ed95d1,unit,18.33,18.33,True
c1f656e1,unit,32.64,32.64,True
c1f7f792,cipher,king writes key,king writes key,True
c1fa87b4,roman,LXIX,LXIX,True
c1ffb3ac,cipher,dragon imagines book,dragon imagines book,True
c200810b,bit,00000000,00000000,True
c2199ff2,symbol,,1807,False
c22ba76c,gravity,19.19,19.19,True
c22d205e,unit,11.23,11.23,True
c23b8942,cipher,king imagines the dark potion,king imagines the dark potion,True
c23e84e7,gravity,6.21,6.21,True
c23fca57,bit,00101100,00101100,True
c24074a8,symbol,,&/,False
c247c7b6,roman,XLIV,XLIV,True
c24b3e52,cipher,queen sees garden,queen sees garden,True
c24e1a48,bit,00010001,00010001,True
c251c3f2,cipher,dragon draws the hidden map,dragon draws the hidden map,True
c2540e41,roman,LXIX,LXIX,True
c2567e6d,cipher,cat sees near island,cat sees near island,True
c26048a5,unit,19.94,19.94,True
c2661ca8,cipher,teacher dreams the golden mirror,teacher dreams the golden mirror,True
c2681106,gravity,49.07,49.07,True
c268537a,roman,XXVI,XXVI,True
c270d664,gravity,3.34,3.34,True
c27fd09b,bit,10100101,10100101,True
c285d9ba,bit,00100000,00100000,True
c2871699,cipher,mouse discovers puzzle,mouse discovers puzzle,True
c2920548,unit,10.58,10.58,True
c2945f2c,symbol,,1976,False
c2985c8e,bit,11001111,11001111,True
c29b704e,unit,37.09,37.09,True
c29cdaed,bit,11101010,11101010,True
c29dbe95,cipher,knight writes in tower,knight writes in tower,True
c2a7b266,gravity,151.11,151.11,True
c2b593de,roman,LIX,LIX,True
c2b9b28d,roman,XLII,XLII,True
c2b9bbcf,unit,33.01,33.01,True
c2bd8080,gravity,202.84,202.84,True
c2c2cacf,cipher,queen sees mirror,queen sees mirror,True
c2c322a6,unit,14.73,14.73,True
c2d07613,cipher,teacher studies under island,teacher studies under island,True
c2d8ef67,bit,01100000,01100000,True
c2dacc5b,bit,10000101,10000101,True
c2e61e4e,roman,LI,LI,True
c2eab4d7,unit,43.24,43.24,True
c2ebca34,gravity,32.81,32.81,True
c2eca07a,gravity,49.83,49.83,True
c2eca2a0,gravity,23.53,23.53,True
c2ef4b48,roman,XXI,XXI,True
c2f263df,gravity,88.70,88.71,False
c2f4b1f8,roman,XLIII,XLIII,True
c305d626,unit,63.44,63.44,True
c307fa93,gravity,33.58,33.58,True
c30a782a,bit,01000110,01000110,True
c30e03b9,cipher,princess draws the mysterious message,princess draws the mysterious message,True
c31c1019,cipher,cat follows forest,cat follows forest,True
c3207775,bit,11111001,11111001,True
c32681cb,symbol,,<&,False
c328b4f0,gravity,30.89,30.89,True
c32d2c2c,cipher,student reads the strange book,student reads the strange book,True
c32e1c7b,symbol,,[$[,False
c33ad31a,bit,00000000,00000000,True
c348a3ce,roman,X,X,True
c35484c1,cipher,bird chases story,bird chases story,True
c35cbfaa,cipher,turtle explores the mysterious treasure,turtle explores the mysterious treasure,True
c36667cc,cipher,student studies book,student studies book,True
c3728f7f,gravity,17.16,17.16,True
c37a2a23,symbol,,5850,False
c37af443,roman,LXXII,LXXII,True
c37e694c,symbol,,{&\\,False
c38256ce,cipher,queen discovers the hidden treasure,queen discovers the hidden treasure,True
c38b9c9e,roman,LXXXIII,LXXXIII,True
c3901a44,cipher,teacher chases the curious story,teacher chases the curious story,True
c395b6ec,bit,00000011,00000011,True
c39705cd,bit,00000110,00000110,True
c398a90e,unit,58.12,58.12,True
c3a92731,roman,I,I,True
c3ab014b,bit,00010010,00010010,True
c3b430b1,cipher,princess found potion,princess found potion,True
c3b9b909,cipher,the colorful rabbit writes,the colorful rabbit writes,True
c3bc4f2b,unit,27.79,27.79,True
c3c025aa,cipher,wizard writes beyond wonderland,wizard writes beyond wonderland,True
c3c3e734,unit,28.89,28.89,True
c3d00ce8,cipher,knight dreams near valley,knight dreams near valley,True
c3d2893c,cipher,princess writes the dark mirror,princess writes the dark mirror,True
c3e8c44f,gravity,59.82,59.82,True
c3edc57d,cipher,teacher draws under palace,teacher draws under palace,True
c3f62d1d,gravity,35.61,35.61,True
c3f95167,cipher,the bright bird dreams,the bright bird dreams,True
c3fb6417,gravity,57.81,57.81,True
c3ff737e,bit,11011111,11011111,True
c4017def,cipher,hatter watches garden,hatter watches garden,True
c40a535a,cipher,queen dreams the mysterious mirror,queen dreams the mysterious mirror,True
c413ac69,symbol,,"{""]",False
c4172736,unit,19.98,19.98,True
c42412f4,roman,LXXIV,LXXIV,True
c424dcd4,bit,,11001111,False
c4293a0d,cipher,the colorful hatter writes,the colorful hatter writes,True
c42c9066,cipher,teacher draws the magical story,teacher draws the magical story,True
c43b5a13,symbol,,)|,False
c45529cf,roman,XLIII,XLIII,True
c455f908,cipher,turtle creates key,turtle creates key,True
c46778ec,unit,16.94,16.94,True
c47bdea1,unit,33.15,33.15,True
c4865201,roman,XXXVIII,XXXVIII,True
c48ff53a,unit,48.15,48.15,True
c4987e55,roman,II,II,True
c49cd1bb,cipher,the secret bird watches,the secret bird watches,True
c49e08e9,gravity,140.25,140.25,True
c49f0f79,unit,80.59,80.59,True
c4a6d52b,bit,01000010,01000010,True
c4ae8bd9,gravity,122.02,122.02,True
c4b15c03,cipher,king explores above school,king explores above school,True
c4c86b79,roman,XXXVI,XXXVI,True
c4d2cf2c,bit,11000000,11000000,True
c4d37945,gravity,214.37,214.37,True
c4d9c1cb,unit,24.95,24.94,False
c4ded23c,unit,83.47,83.47,True
c4e002ab,gravity,43.93,43.93,True
c4e0b4e0,cipher,the hidden king studies,the hidden king studies,True
c4f66ede,symbol,,6125,False
c50cd56e,gravity,90.10,90.09,False
c51cfc80,cipher,dragon chases the clever story,dragon chases the clever story,True
c51de6da,gravity,23.21,23.21,True
c5326116,roman,LXIX,LXIX,True
c536c44c,bit,01000101,01000101,True
c539bcca,roman,XLVI,XLVI,True
c540010b,gravity,39.18,39.18,True
c541eb82,symbol,,-01,False
c5452dd7,gravity,18.22,18.22,True
c546a072,cipher,student reads the hidden puzzle,student reads the hidden puzzle,True
c54765cd,bit,00011110,00011110,True
c54d890e,bit,11010011,11010011,True
c552685b,gravity,180.88,180.88,True
c553fca8,unit,17.42,17.42,True
c55729f0,roman,XXXII,XXXII,True
c5582800,gravity,151.55,151.55,True
c561264c,symbol,,0279,False
c56141ff,roman,XII,XII,True
c564145e,cipher,king writes forest,king writes forest,True
c5842a35,roman,XVI,XVI,True
c58451f9,bit,10010100,10010100,True
c5872355,bit,01011001,01011001,True
c5955a0a,symbol,,@',False
c59bb31a,roman,XLIV,XLIV,True
c5ac66d3,cipher,knight follows the mysterious message,knight follows the mysterious message,True
c5b058d6,symbol,,134,False
c5bd62f6,roman,XI,XI,True
c5bea6cd,gravity,113.05,113.05,True
c5bf415c,symbol,,>:[,False
c5c16455,gravity,73.06,73.06,True
c5ce7236,bit,,10111000,False
c5dd2a9b,bit,00100010,00100010,True
c5ed7cac,cipher,student draws secret,student draws secret,True
c5f9313f,roman,LXXII,LXXII,True
c601d300,gravity,50.64,50.64,True
c60481e7,bit,01011001,01011001,True
c60e0b5e,roman,XCIX,XCIX,True
c610fa83,roman,LXXVIII,LXXVIII,True
c613082a,symbol,,31,False
c62359ea,bit,01000000,01000000,True
c625ba91,bit,11111111,11111111,True
c628614c,roman,XXVI,XXVI,True
c628dd06,bit,10010110,10010110,True
c62e9b7d,cipher,king discovers the secret key,king discovers the secret key,True
c6357a21,cipher,dragon follows the curious message,dragon follows the curious message,True
c6359bdd,roman,VI,VI,True
c6382a0a,gravity,42.26,42.26,True
c63d55a7,cipher,king imagines under castle,king imagines under castle,True
c640593b,roman,XVIII,XVIII,True
c644a425,gravity,34.32,34.33,False
c64ebe75,roman,XIX,XIX,True
c65654a5,bit,,01010001,False
c65911c6,roman,II,II,True
c65ab88f,roman,LI,LI,True
c65adf3e,cipher,mouse studies the mysterious potion,mouse studies the mysterious potion,True
c6762dfb,cipher,cat sees the silver mirror,cat sees the silver mirror,True
c67e461d,cipher,hatter studies key,hatter studies key,True
c6961082,symbol,,6831,False
c69805fe,bit,11001011,11001011,True
c69a5a03,roman,LVII,LVII,True
c69b17bf,symbol,,?),False
c6a1ba04,bit,10000001,10000001,True
c6a5f3f8,gravity,160.32,160.32,True
c6aa132c,unit,69.98,69.98,True
c6ac4d1d,bit,,01111011,False
c6adc475,unit,18.09,18.09,True
c6b21376,roman,XXXI,XXXI,True
c6c03357,gravity,15.75,15.75,True
c6c3376a,gravity,16.03,16.03,True
c6c75305,symbol,,/\}%,False
c6ccffe6,roman,LXII,LXII,True
c6d3c9a4,gravity,66.78,66.78,True
c6da25af,symbol,,121,False
c6e60b82,symbol,,@),False
c6f31b15,roman,IX,IX,True
c6f514af,cipher,teacher reads secret,teacher reads secret,True
c6fa3e3f,bit,00110011,00110011,True
c6fe6285,roman,XLII,XLII,True
c70056a7,roman,XCVII,XCVII,True
c7010f8f,gravity,11.84,11.84,True
c7077b21,bit,00010110,00010110,True
c708be9a,gravity,19.04,19.04,True
c70fbbb3,unit,64.25,64.25,True
c711f9dd,bit,11000000,11000000,True
c7135daa,roman,LXXI,LXXI,True
c7178491,unit,11.78,11.78,True
c71f26d6,bit,10111011,10111011,True
c728dd09,bit,10100001,10100001,True
c73562bf,unit,28.39,28.39,True
c73dc70f,unit,28.88,28.88,True
c73f87c4,unit,25.94,25.94,True
c7420a23,symbol,,33,False
c744d26e,symbol,,#>/,False
c748b04f,symbol,,651,False
c7492d2e,gravity,61.63,61.63,True
c75c45b2,gravity,38.93,38.93,True
c75d1d59,roman,VII,VII,True
c763054a,symbol,,85,False
c763ba87,cipher,knight imagines puzzle,knight imagines puzzle,True
c7660833,bit,01010000,01010000,True
c76fc189,symbol,,-(<,False
c778da87,roman,LXVIII,LXVIII,True
c77b6f81,roman,XCII,XCII,True
c7844441,symbol,,:/$^,False
c7849be5,unit,35.78,35.78,True
c78a5deb,unit,46.98,46.98,True
c79321e4,unit,23.80,23.79,False
c793c44d,unit,18.98,18.98,True
c7a37cda,bit,10110010,10110010,True
c7a4e09f,unit,8.12,8.12,True
c7a7b13a,symbol,,35,False
c7a95fda,gravity,22.80,22.8,False
c7aae192,symbol,,">""(",False
c7ad9cd4,roman,LVI,LVI,True
c7b79a3f,roman,XLVIII,XLVIII,True
c7bcab48,symbol,,5899,False
c7be75f8,bit,01000000,01000000,True
c7c8a024,gravity,17.24,17.24,True
c7c9f6a1,gravity,8.31,8.31,True
c7dd7d75,unit,14.18,14.18,True
c7e03ea1,unit,18.56,18.55,False
c7e1ae7d,gravity,99.81,99.81,True
c7e6e08f,bit,10001110,10001110,True
c7f785b6,unit,31.44,31.44,True
c7f88491,roman,IX,IX,True
c8009e3f,roman,III,III,True
c8059d42,gravity,118.46,118.46,True
c8068f69,unit,53.05,53.04,False
c8084977,bit,10001100,10001100,True
c80b985a,cipher,the colorful turtle discovers,the colorful turtle discovers,True
c81411a2,symbol,,05,False
c8199213,unit,26.78,26.78,True
c81e8ff4,roman,LXXXII,LXXXII,True
c8200012,gravity,17.22,17.22,True
c825ac2a,bit,00000111,00000111,True
c82c0984,gravity,14.30,14.3,False
c82e47bf,roman,XXXV,XXXV,True
c83c70a6,roman,LXXIV,LXXIV,True
c83ef461,gravity,88.25,88.25,True
c8443803,unit,32.50,32.50,True
c84544db,symbol,,2024,False
c84c150e,bit,00010001,00010001,True
c857a727,symbol,,429,False
c8594a19,gravity,101.89,101.9,False
c86663f4,cipher,knight draws the golden key,knight draws the golden key,True
c869b4f6,bit,10010001,10010001,True
c8730ea5,bit,,00101011,False
c87a87ec,unit,28.07,28.07,True
c87ce9ea,symbol,,"""""%",False
c87d761a,symbol,,'`(,False
c885e697,symbol,,8234,False
c887d78e,unit,34.74,34.75,False
c88eb75e,roman,V,V,True
c88eca54,cipher,teacher watches the wise crystal,teacher watches the wise crystal,True
c89ee779,unit,72.40,72.40,True
c8a8aaab,roman,XXXII,XXXII,True
c8b57f1d,symbol,,""")",False
c8bcb6a5,cipher,the strange mouse discovers,the strange mouse discovers,True
c8c3c654,gravity,56.70,56.7,False
c8c3eb99,gravity,91.00,91.0,False
c8c65001,bit,00010000,00010000,True
c8d6d308,unit,54.90,54.90,True
c8e4fac7,unit,32.78,32.78,True
c8eb3ecc,gravity,208.53,208.54,False
c8f3be11,unit,42.46,42.46,True
c8f9a468,unit,21.34,21.34,True
c90fa3a6,bit,00010110,00010110,True
c910716e,roman,LV,LV,True
c9151e86,symbol,,9421,False
c9168be9,cipher,wizard writes potion,wizard writes potion,True
c91ba3ac,unit,36.62,36.61,False
c922dbb4,symbol,,>@,False
c92650e9,roman,XXXVIII,XXXVIII,True
c934ffa1,symbol,,||,False
c93a4fa1,cipher,mouse imagines the wise story,mouse imagines the wise story,True
c93fdc3a,cipher,king watches door,king watches door,True
c943ba5b,cipher,the secret hatter sees,the secret hatter sees,True
c9463bb4,symbol,,)!!!,False
c951be72,cipher,dragon explores above mountain,dragon explores above mountain,True
c953db00,roman,XII,XII,True
c956a7f7,unit,53.92,53.92,True
c95e023a,cipher,the dark king chases,the dark king chases,True
c96016ff,unit,30.02,30.02,True
c964ad34,roman,XX,XX,True
c9780577,symbol,,)?,False
c97896c2,gravity,23.41,23.41,True
c987c34f,bit,10001001,10001001,True
c9892f7b,unit,40.53,40.53,True
c9a63747,unit,9.23,9.23,True
c9c26b92,symbol,,2151,False
c9c5c755,roman,XLII,XLII,True
c9d0a16d,gravity,110.92,110.92,True
c9e16aff,symbol,,]:(],False
c9e2bade,roman,LXXI,LXXI,True
c9e7110a,unit,24.10,24.10,True
c9e990de,gravity,3.26,3.26,True
c9eac667,roman,LXII,LXII,True
c9ed8124,bit,01010011,01010011,True
ca055f19,roman,XXXVI,XXXVI,True
ca09e0c5,roman,VIII,VIII,True
ca109b5e,symbol,,?#?,False
ca14582d,bit,10101111,10101111,True
ca1637ed,unit,48.33,48.33,True
ca27fcab,unit,9.49,9.49,True
ca28d400,gravity,36.72,36.72,True
ca2bb5f5,gravity,10.66,10.66,True
ca43107b,symbol,,?,False
ca439170,roman,LXI,LXI,True
ca4d10f5,gravity,26.18,26.18,True
ca529afc,roman,LXXXIX,LXXXIX,True
ca5db1c0,symbol,,^,False
ca72b5b3,bit,11111101,11111101,True
ca7325ee,gravity,10.02,10.02,True
ca7944ee,cipher,king dreams through village,king dreams through village,True
ca79b453,unit,51.70,51.70,True
ca85809b,symbol,,%!^&,False
ca8929f5,symbol,,49,False
ca8d32e6,bit,,10001100,False
ca9db731,unit,36.34,36.34,True
cabc0445,gravity,19.93,19.93,True
cacc0b56,gravity,47.92,47.92,True
caccfafe,roman,LXXV,LXXV,True
cad363de,roman,LXXIV,LXXIV,True
cad4b9a7,symbol,,"#""^",False
cad64a33,gravity,66.09,66.09,True
cae68989,roman,LXXXIII,LXXXIII,True
cae7a6bb,unit,4.38,4.38,True
caf5574a,gravity,150.45,150.45,True
caf7fbe3,unit,41.94,41.94,True
caf8a95c,cipher,mouse writes map,mouse writes map,True
cb0a13b8,roman,XXXV,XXXV,True
cb0f3fc2,gravity,66.11,66.11,True
cb11a232,bit,,11111111,False
cb1a3a76,cipher,princess found near village,princess found near village,True
cb2035e1,cipher,princess reads mirror,princess reads mirror,True
cb239867,bit,10000011,10000011,True
cb288348,unit,40.00,40.00,True
cb2d7718,roman,LII,LII,True
cb2fdb6b,symbol,,54,False
cb31384b,bit,00100000,00100000,True
cb32b049,roman,LII,LII,True
cb3317fe,bit,00101001,00101001,True
cb39720b,unit,9.57,9.57,True
cb3a91d0,roman,XXIV,XXIV,True
cb57aeca,gravity,30.22,30.22,True
cb59c08c,gravity,112.53,112.53,True
cb5ddb11,bit,00000000,00000000,True
cb5e222e,gravity,29.89,29.89,True
cb5fa22d,symbol,,8007,False
cb7475e5,unit,66.03,66.03,True
cb796a2b,symbol,,114,False
cb7bb0d0,symbol,,}!,False
cb7bd3d2,symbol,,[[?,False
cb7c2230,bit,10100000,10100000,True
cb7ddf6a,roman,LI,LI,True
cb7e15f1,cipher,the silver knight dreams,the silver knight dreams,True
cb811c6b,cipher,king chases through island,king chases through island,True
cb91b493,roman,XXIX,XXIX,True
cb9af4ff,roman,III,III,True
cbab2a46,unit,54.43,54.43,True
cbc82f91,cipher,the mysterious knight draws,the mysterious knight draws,True
cbceed92,cipher,dragon dreams forest,dragon dreams forest,True
cbd76ba8,gravity,86.27,86.27,True
cbe4288b,symbol,,411,False
cbece006,bit,,00010001,False
cbf00fd5,unit,6.58,6.58,True
cbf13263,gravity,92.02,92.02,True
cbfb5002,gravity,156.55,156.55,True
cc0fd7a8,roman,LXV,LXV,True
cc23bdaa,roman,VI,VI,True
cc266e04,roman,XCIX,XCIX,True
cc3214e2,cipher,the mysterious dragon sees,the mysterious dragon sees,True
cc3ea471,symbol,,-!!,False
cc4a4b69,gravity,154.85,154.85,True
cc4ee1b4,roman,XI,XI,True
cc5011ac,bit,11011101,11011101,True
cc580e04,unit,47.43,47.43,True
cc5d037a,gravity,134.68,134.68,True
cc6a45f8,unit,27.94,27.94,True
cc716361,gravity,24.63,24.64,False
cc735e46,symbol,,4482,False
cc7dd4ae,bit,00000011,00000011,True
cc800930,symbol,,131,False
cc812383,cipher,mouse dreams the wise book,mouse dreams the wise book,True
cc861605,bit,00000101,00000101,True
cc92d89f,symbol,,)[,False
cca64860,symbol,,(,False
cca882b8,symbol,,>)<|,False
cca9f6af,gravity,78.56,78.56,True
ccb53663,unit,27.24,27.24,True
ccbae35a,unit,48.73,48.73,True
ccbbac0e,gravity,129.50,129.5,False
ccc42ec2,bit,,01101011,False
cccb1db6,unit,49.28,49.28,True
ccd2dbe4,cipher,dragon writes under palace,dragon writes under palace,True
ccd5baec,cipher,the clever hatter chases,the clever hatter chases,True
ccddd1be,gravity,72.09,72.09,True
cce4b469,roman,I,I,True
ccede4a0,bit,10101010,10101010,True
cceeca1e,roman,LXXX,LXXX,True
ccf02dee,bit,,10111001,False
ccf4b43c,symbol,,-%#,False
ccfd3fe3,bit,11110010,11110010,True
ccff9e13,cipher,rabbit follows the secret book,rabbit follows the secret book,True
cd013121,roman,II,II,True
cd1280b0,unit,13.94,13.93,False
cd149ff8,symbol,,921,False
cd17f040,bit,00000000,00000000,True
cd1c5cc3,symbol,,!`,False
cd1ecf8d,cipher,princess reads inside wonderland,princess reads inside wonderland,True
cd263ee9,gravity,51.97,51.97,True
cd2e20b9,symbol,,||`,False
cd3021c1,cipher,the strange student sees,the strange student sees,True
cd37d0d3,bit,,00011101,False
cd42f555,gravity,16.03,16.03,True
cd4d7537,cipher,the wise king imagines,the wise king imagines,True
cd4fb97c,cipher,student discovers the mysterious castle,student discovers the mysterious castle,True
cd581510,roman,XIII,XIII,True
cd5e23c7,symbol,,]{&,False
cd6cdb84,cipher,knight discovers the secret map,knight discovers the secret map,True
cd7b5aed,unit,25.63,25.63,True
cd84db78,unit,29.42,29.42,True
cd85cfae,roman,LXVIII,LXVIII,True
cd8b5299,gravity,28.88,28.88,True
cd8d9d82,gravity,54.33,54.34,False
cd93713c,bit,00000000,00000000,True
cd944c7a,roman,LXXIX,LXXIX,True
cd94ec17,symbol,,451,False
cd9c0930,gravity,55.43,55.43,True
cd9d50e2,symbol,,5293,False
cda3796e,unit,46.58,46.58,True
cda551e4,roman,XXVII,XXVII,True
cda9b5c3,cipher,dragon sees inside wonderland,dragon sees inside wonderland,True
cdbeab98,unit,13.85,13.85,True
cdc86263,roman,XXXVIII,XXXVIII,True
cde140d3,unit,24.96,24.96,True
cde6cc3c,gravity,35.56,35.56,True
cde9f7ba,symbol,,81,False
cdec898a,symbol,,<?/,False
cdfa4933,roman,XIV,XIV,True
ce00ffe4,bit,11110001,11110001,True
ce017bb0,cipher,the ancient knight explores,the ancient knight explores,True
ce03529d,cipher,cat explores story,cat explores story,True
ce064ad8,cipher,dragon imagines treasure,dragon imagines treasure,True
ce094207,bit,00101011,00101011,True
ce140627,roman,XVII,XVII,True
ce195c74,unit,32.03,32.03,True
ce1e1f23,gravity,78.60,78.6,False
ce2df062,gravity,51.21,51.21,True
ce2e0e08,gravity,72.84,72.84,True
ce2f47a9,cipher,princess creates message,princess creates message,True
ce32bb72,gravity,12.78,12.78,True
ce338e63,gravity,35.60,35.6,False
ce3b9926,gravity,51.00,51.0,False
ce42ad50,gravity,80.74,80.73,False
ce507d39,symbol,,2861,False
ce5367dc,cipher,the clever knight chases,the clever knight chases,True
ce5650d9,cipher,cat follows the colorful treasure,cat follows the colorful treasure,True
ce57e3d0,unit,11.69,11.69,True
ce595dcd,cipher,wizard explores through mountain,wizard explores through mountain,True
ce5e0fc1,unit,13.11,13.11,True
ce6f3ab9,unit,71.80,71.80,True
ce7138bf,symbol,,3,False
ce75523c,unit,29.19,29.19,True
ce7ab108,roman,XLV,XLV,True
ce8212b8,unit,19.65,19.65,True
ce862776,bit,01000000,01000000,True
ce90a920,gravity,11.81,11.81,True
ce9e73a0,unit,72.32,72.32,True
cea926f8,cipher,turtle sees in garden,turtle sees in garden,True
cead963f,roman,XXXIV,XXXIV,True
ceb69396,gravity,194.97,194.97,True
cebaa9b5,bit,10011000,10011000,True
ced947c8,bit,01001011,01001011,True
cee07c09,symbol,,4281,False
cee73e91,cipher,wizard explores castle,wizard explores castle,True
ceeaa3ca,cipher,the mysterious queen dreams,the mysterious queen dreams,True
cef15a1b,cipher,hatter writes beyond castle,hatter writes beyond castle,True
cef4c8a9,symbol,,]`,False
cef50c24,symbol,,?,False
cf06a7ce,roman,LXXX,LXXX,True
cf0f56d2,unit,42.95,42.96,False
cf1cca51,bit,00000001,00000001,True
cf250a13,cipher,the magical knight reads,the magical knight reads,True
cf26d29e,roman,LXXV,LXXV,True
cf29b8dc,unit,21.22,21.22,True
cf2a4028,symbol,,"!""{{",False
cf356d18,symbol,,6,False
cf3629fc,bit,11101000,11101000,True
cf447906,bit,,10000111,False
cf463245,roman,LVI,LVI,True
cf49ae7a,roman,XCVII,XCVII,True
cf4c04c0,symbol,,-[,False
cf4c2ead,cipher,wizard dreams treasure,wizard dreams treasure,True
cf4de024,roman,LXI,LXI,True
cf4df746,unit,35.23,35.23,True
cf517124,symbol,,24,False
cf54a8d8,roman,XV,XV,True
cf5b4ab4,bit,01101100,11101100,False
cf684dbe,gravity,68.88,68.88,True
cf6dcfce,roman,LI,LI,True
cf79c10e,symbol,,?(,False
cf7a503e,gravity,28.16,28.16,True
cf821623,cipher,turtle writes door,turtle writes door,True
cf8405a9,unit,19.10,19.10,True
cf84c023,symbol,,13,False
cf8c8ff7,unit,80.92,80.92,True
cf8f0b16,roman,XII,XII,True
cf9195dc,cipher,the dark rabbit draws,the dark rabbit draws,True
cf97b73f,cipher,princess watches the strange key,princess watches the strange key,True
cf9bebe9,bit,,10111001,False
cfa59b38,symbol,,233,False
cfb1b2c1,bit,10100001,10100001,True
cfbef74c,cipher,knight draws castle,knight draws castle,True
cfc594f6,unit,56.15,56.15,True
cfc7103b,unit,29.12,29.12,True
cfd312b1,symbol,,{[\?,False
cfe3c50f,roman,LXVIII,LXVIII,True
cfe840b0,gravity,80.39,80.39,True
cfe89737,roman,XCI,XCI,True
cfea27e3,gravity,9.72,9.72,True
cfebb054,gravity,94.58,94.58,True
cfebd5f8,gravity,134.01,134.0,False
cff450fd,unit,38.42,38.42,True
cff75782,cipher,wizard draws potion,wizard draws potion,True
d006c326,cipher,alice explores beyond cave,alice explores beyond cave,True
d008b0b6,symbol,,131,False
d00b9ac8,roman,C,C,True
d016485f,cipher,dragon sees above palace,dragon sees above palace,True
d01aeeda,bit,,01101111,False
d01b69aa,cipher,queen studies potion,queen studies potion,True
d030b265,bit,11000000,11000000,True
d03223ca,bit,00011100,00011100,True
d033513f,symbol,,93,False
d035c02e,unit,13.68,13.68,True
d04a6603,roman,XXXIV,XXXIV,True
d062642e,bit,00010010,00010010,True
d065968c,bit,,10011001,False
d065d320,cipher,student follows the magical garden,student follows the magical garden,True
d069bd12,gravity,7.33,7.33,True
d06ab558,unit,77.95,77.95,True
d074c5db,unit,13.81,13.81,True
d076d135,roman,XLIX,XLIX,True
d07a1052,unit,32.02,32.02,True
d080f2a8,gravity,15.73,15.73,True
d082bc99,roman,LXXXV,LXXXV,True
d0853cbf,unit,13.93,13.93,True
d08ef8d1,bit,00011111,00011111,True
d096a492,symbol,,-65,False
d09b7685,unit,37.01,37.01,True
d0a6832f,gravity,77.50,77.5,False
d0b08b79,gravity,108.88,108.88,True
d0b1e41a,symbol,,"#{""!",False
d0b20175,gravity,73.74,73.74,True
d0b6dc53,unit,11.53,11.53,True
d0c0712f,roman,XCVI,XCVI,True
d0db0217,gravity,21.69,21.69,True
d0dd2df7,gravity,16.03,16.03,True
d0dd8e4e,roman,VII,VII,True
d0def878,gravity,127.82,127.82,True
d0e1010b,symbol,,!&&},False
d0e13cee,unit,44.62,44.62,True
d0ea0990,roman,XXXVII,XXXVII,True
d0ea0b5f,bit,10110001,10110001,True
d0ea94a2,cipher,knight follows the wise garden,knight follows the wise garden,True
d0f0e1ed,unit,69.90,69.90,True
d102679b,unit,21.97,21.97,True
d1080c04,unit,46.86,46.86,True
d10d6a1f,roman,LVII,LVII,True
d10efb1f,roman,XX,XX,True
d10f3988,cipher,the clever turtle found,the clever turtle found,True
d1141de1,roman,XVII,XVII,True
d117113e,bit,00000000,00000000,True
d129b085,symbol,,##$,False
d12ac19d,cipher,queen watches above forest,queen watches above forest,True
d13302ca,bit,11110101,11110101,True
d137bdb0,cipher,knight studies the wise book,knight studies the wise book,True
d13e92ec,symbol,,?&,False
d14923e2,gravity,139.68,139.69,False
d155a508,bit,,01010110,False
d15c3b07,roman,X,X,True
d1611217,cipher,dragon follows beyond mountain,dragon follows beyond mountain,True
d162c3d8,gravity,85.03,85.03,True
d165af22,unit,14.56,14.56,True
d17632d2,symbol,,571,False
d1767dbe,unit,15.72,15.72,True
d1770b73,gravity,20.45,20.45,True
d17d3a7a,symbol,,-01,False
d19be23b,roman,XII,XII,True
d1a67a7b,gravity,28.84,28.84,True
d1b8c81c,gravity,3.35,3.35,True
d1bd7478,symbol,,30,False
d1c3ed77,bit,11111110,11111110,True
d1c6beb0,symbol,,|/,False
d1c8d740,cipher,hatter writes the mysterious map,hatter writes the mysterious map,True
d1d0211f,roman,LXVI,LXVI,True
d1e79ef8,cipher,the colorful student reads,the colorful student reads,True
d1ecdd11,bit,11001100,11001100,True
d1f80c94,roman,LXXV,LXXV,True
d1fec46f,cipher,the ancient alice chases,the ancient alice chases,True
d1ff4b0b,gravity,10.24,10.24,True
d202a876,cipher,queen follows inside school,queen follows inside school,True
d204b9cc,symbol,,231,False
d20e766d,gravity,38.65,38.65,True
d20e7c41,gravity,124.41,124.41,True
d211d3f8,gravity,4.90,4.9,False
d212aa05,cipher,the magical queen watches,the magical queen watches,True
d2198656,roman,LXVI,LXVI,True
d21c7677,symbol,,8544,False
d22e10ef,cipher,student watches map,student watches map,True
d22f2d08,symbol,,*26,False
d23b8633,gravity,10.31,10.31,True
d23f4166,symbol,,{|)@,False
d2503f8b,bit,,00111010,False
d250fcc5,symbol,,<%,False
d25a49a0,symbol,,}},False
d25d3b5f,bit,11100011,11100011,True
d26230fc,gravity,41.88,41.88,True
d2695f15,bit,11111110,11111110,True
d26cb122,roman,II,II,True
d26f22c3,bit,,11101100,False
d27473b8,unit,34.57,34.57,True
d290b24e,bit,01011100,01011100,True
d2957330,unit,54.85,54.85,True
d29824cf,gravity,45.60,45.6,False
d29d899d,roman,XLVIII,XLVIII,True
d29e19a4,symbol,,?|,False
d29f786b,roman,LXXIX,LXXIX,True
d2a6a864,gravity,30.10,30.1,False
d2ac699b,bit,10001011,10001011,True
d2b4560f,bit,00101001,00101001,True
d2b97186,roman,XCVI,XCVI,True
d2d230d5,bit,01100000,01100000,True
d2d2de70,gravity,29.88,29.88,True
d2d8c935,cipher,the curious student follows,the curious student follows,True
d2fc4490,bit,,01010110,False
d2fe9d04,symbol,,)}),False
d2fea2ca,cipher,rabbit reads the ancient map,rabbit reads the ancient map,True
d2ff6b6f,roman,XLIV,XLIV,True
d300a576,cipher,alice writes around garden,alice writes around garden,True
d303ae8e,symbol,,39,False
d304eec8,gravity,48.26,48.26,True
d3092ac1,symbol,,-7,False
d3242e0c,roman,LII,LII,True
d34446f5,gravity,112.71,112.71,True
d3461858,roman,XXIII,XXIII,True
d3492ebf,gravity,106.09,106.09,True
d34ac20d,unit,15.32,15.32,True
d350828e,symbol,,}!||,False
d352064b,unit,46.35,46.34,False
d3552bf9,gravity,11.02,11.02,True
d35b279d,gravity,24.68,24.69,False
d3926533,roman,XLIII,XLIII,True
d3a291ee,roman,VI,VI,True
d3b20e29,symbol,,3922,False
d3bb9253,cipher,dragon chases under island,dragon chases under island,True
d3c1d2fb,symbol,,)/,False
d3c2eac5,gravity,140.80,140.8,False
d3c6596e,bit,10111010,10111010,True
d3c6f8e4,cipher,alice writes around wonderland,alice writes around wonderland,True
d3d30b86,symbol,,!!$,False
d3d630b9,bit,00000000,00000000,True
d3d82844,unit,14.79,14.79,True
d3daee34,unit,2.74,2.74,True
d3f8c793,gravity,50.75,50.75,True
d40112ae,cipher,teacher creates potion,teacher creates potion,True
d407570e,symbol,,)}}&,False
d408af38,bit,10000011,10000011,True
d40b3aa3,bit,00000010,00000010,True
d40ce15d,bit,00010000,00010000,True
d414f1df,cipher,the hidden wizard discovers,the hidden wizard discovers,True
d422604a,cipher,turtle studies the secret key,turtle studies the secret key,True
d42dc469,roman,XL,XL,True
d4377d71,gravity,31.81,31.81,True
d441b4aa,cipher,the bright knight creates,the bright knight creates,True
d4483d51,symbol,,3752,False
d44b77f7,gravity,26.80,26.8,False
d44ef285,symbol,,988,False
d4519f28,cipher,turtle imagines treasure,turtle imagines treasure,True
d452141e,bit,11111011,11111011,True
d4535e4a,roman,XXI,XXI,True
d45dc67f,symbol,,(%(,False
d4612468,bit,00000000,00000000,True
d46a570b,roman,XIV,XIV,True
d46df3b0,symbol,,3955,False
d46f3a25,bit,00000000,00000000,True
d480fabc,roman,XIII,XIII,True
d48fd9b2,roman,XXXIII,XXXIII,True
d490911e,symbol,,139,False
d49d2838,roman,LXXIII,LXXIII,True
d4b08884,symbol,,2,False
d4b85539,cipher,queen explores above island,queen explores above island,True
d4bea0cd,unit,15.74,15.74,True
d4d4a2c2,gravity,185.81,185.8,False
d4d7bca5,unit,32.84,32.84,True
d4dde366,cipher,cat watches inside forest,cat watches inside forest,True
d4e29ed7,bit,11111011,11111011,True
d4f1257b,cipher,teacher draws castle,teacher draws castle,True
d50683b4,bit,00100110,00100110,True
d5071155,bit,00000100,00000100,True
d50746e7,bit,01000010,01000010,True
d50a479c,gravity,22.72,22.72,True
d5142ee5,unit,93.99,93.99,True
d515bcf6,roman,XXXVI,XXXVI,True
d5220697,bit,11111111,11111111,True
d527f819,unit,28.21,28.21,True
d52d0c62,unit,18.13,18.13,True
d5400bdd,unit,47.68,47.67,False
d546fd90,symbol,,\]@,False
d547f717,bit,00000000,00000000,True
d54f5b26,gravity,206.61,206.61,True
d556f501,unit,56.53,56.53,True
d5602cc5,symbol,,(%,False
d566ff0e,unit,17.44,17.44,True
d56a1b4c,symbol,,"{/""",False
d56a5588,unit,29.72,29.72,True
d570c63b,roman,LXX,LXX,True
d57d85e1,cipher,cat imagines mirror,cat imagines mirror,True
d58269de,roman,LXVI,LXVI,True
d582c492,bit,,00010111,False
d58f81ad,roman,LV,LV,True
d59bfd5f,cipher,princess explores inside village,princess explores inside village,True
d5a03a2e,symbol,,>>,False
d5a28743,bit,00000011,00000011,True
d5aa5564,symbol,,45,False
d5ad5106,roman,XXXVIII,XXXVIII,True
d5bf6bb9,roman,XCIX,XCIX,True
d5c5d624,bit,01010000,01010000,True
d5db7182,cipher,turtle explores the dark map,turtle explores the dark map,True
d5e5d7e1,unit,6.75,6.75,True
d5f4c3a9,gravity,87.04,87.04,True
d600988d,symbol,,-<|,False
d61269a7,gravity,85.79,85.79,True
d6187157,bit,01001000,01001000,True
d61d6d58,roman,LXI,LXI,True
d61f4e24,gravity,102.04,102.03,False
d623e937,bit,,01010111,False
d6280b68,gravity,65.26,65.26,True
d62cf15d,gravity,93.60,93.6,False
d631af8f,roman,LVII,LVII,True
d63c1fb0,symbol,,"""|""%",False
d64151c0,unit,10.66,10.66,True
d64a6578,symbol,,2626,False
d662a4c4,unit,14.15,14.15,True
d662e6ef,roman,XII,XII,True
d66ea753,gravity,34.47,34.46,False
d67cbe5f,symbol,,'@,False
d67d6687,roman,XIX,XIX,True
d67f28ad,symbol,,131,False
d682aabd,cipher,the magical king creates,the magical king creates,True
d6844056,bit,00001011,00001011,True
d68daa97,bit,01011001,01011001,True
d691d4f5,gravity,79.70,79.7,False
d6938f81,roman,XCI,XCI,True
d695e2b2,unit,41.86,41.87,False
d696e9f4,unit,12.89,12.89,True
d697ceed,cipher,hatter discovers the dark puzzle,hatter discovers the dark puzzle,True
d6a2e332,symbol,,582,False
d6b2525a,gravity,63.74,63.74,True
d6b9970a,cipher,rabbit follows in island,rabbit follows in island,True
d6baf5e6,symbol,,7847,False
d6be4244,roman,XXX,XXX,True
d6be4b0e,gravity,74.81,74.81,True
d6c03e21,symbol,,&(`#,False
d6cd7d14,cipher,student follows message,student follows message,True
d6ce6010,roman,LXXXII,LXXXII,True
d6ceda8e,bit,01000101,01000101,True
d6e5cd59,bit,01101111,01101111,True
d6e6f8b5,bit,11100001,11100001,True
d6ecc2c7,cipher,king found the hidden key,king found the hidden key,True
d6f18fc8,symbol,,-},False
d6f4e854,bit,00101110,00101110,True
d7032308,gravity,186.40,186.4,False
d70beb33,cipher,princess imagines door,princess imagines door,True
d7149bfd,unit,78.49,78.49,True
d719f427,gravity,184.04,184.04,True
d71b6359,unit,7.42,7.42,True
d71bb1fc,gravity,30.40,30.4,False
d727ad5f,bit,00000010,00000010,True
d72c3779,unit,20.91,20.91,True
d72ca3bf,bit,10010111,10010111,True
d72d8c1c,symbol,,&@&%,False
d732ecf9,unit,15.20,15.20,True
d73ef5bf,symbol,,\(|,False
d75b53c7,bit,11010000,11010000,True
d75ea138,cipher,bird imagines castle,bird imagines castle,True
d7662688,symbol,,]&]],False
d7682996,symbol,,157,False
d7724bc2,gravity,79.25,79.25,True
d777480b,roman,LXXIV,LXXIV,True
d77e6fa6,gravity,78.44,78.44,True
d78128b2,symbol,,52,False
d784ec07,unit,42.05,42.05,True
d7869538,gravity,81.42,81.41,False
d78ce112,symbol,,7042,False
d78cff7e,gravity,100.19,100.19,True
d7995be0,cipher,the mysterious queen chases,the mysterious queen chases,True
d79d0cfd,roman,XXXVIII,XXXVIII,True
d79f2974,unit,60.64,60.64,True
d7aec90d,symbol,,^>\,False
d7b7fe29,gravity,89.89,89.89,True
d7b97d83,roman,XLIX,XLIX,True
d7ba9244,roman,XXI,XXI,True
d7bcb4a6,symbol,,}{,False
d7c58753,cipher,the hidden dragon follows,the hidden dragon follows,True
d7c5be92,roman,LXIX,LXIX,True
d7cd3375,bit,,01101111,False
d7d12d51,cipher,king explores key,king explores key,True
d7d182c5,cipher,alice sees the hidden story,alice sees the hidden story,True
d7d21615,roman,XIII,XIII,True
d7dea2ba,bit,00000000,00000000,True
d7e5414c,symbol,,|%\\,False
d7eb5139,roman,XXV,XXV,True
d7ec900e,gravity,28.76,28.76,True
d7f56a8c,cipher,king found above castle,king found above castle,True
d8053ec2,roman,LXXVIII,LXXVIII,True
d806d161,unit,31.03,31.03,True
d809394c,symbol,,9099,False
d80cc3fe,unit,17.91,17.90,False
d8126121,symbol,,$$(:,False
d8181488,roman,XCV,XCV,True
d8194ec4,unit,17.13,17.13,True
d82cb8c1,cipher,hatter reads beyond school,hatter reads beyond school,True
d82f5933,symbol,,86,False
d8390d72,gravity,134.30,134.3,False
d83aa558,gravity,33.66,33.66,True
d83f2d20,roman,VI,VI,True
d8457e76,bit,00010010,00010010,True
d8479476,unit,21.27,21.27,True
d84a557a,unit,45.19,45.20,False
d855f20e,gravity,4.54,4.54,True
d8590d73,cipher,teacher found inside library,teacher found inside library,True
d85d7964,bit,10101010,10101010,True
d86032a7,unit,36.64,36.64,True
d864f0fb,bit,00101101,00101101,True
d8690fa5,cipher,teacher sees the dark castle,teacher sees the dark castle,True
d8735cc4,symbol,,35,False
d8798f2e,roman,LXXXVI,LXXXVI,True
d87a13ce,gravity,50.74,50.74,True
d87caad1,bit,10101111,10101111,True
d8852afb,unit,8.08,8.08,True
d88d9800,unit,23.58,23.58,True
d89e0ff8,roman,LXXIII,LXXIII,True
d8a47cb7,symbol,,49,False
d8b028ad,unit,27.39,27.39,True
d8b240fd,gravity,11.83,11.83,True
d8b3310a,symbol,,5491,False
d8b4a429,cipher,the clever rabbit draws,the clever rabbit draws,True
d8b9e109,unit,81.05,81.05,True
d8bc44b3,symbol,,31,False
d8cb40ce,unit,22.79,22.79,True
d8d3648f,bit,01100100,01100100,True
d8d87a89,symbol,,{,False
d8d91d01,cipher,knight creates in mountain,knight creates in mountain,True
d8e070fa,bit,,11111011,False
d8e57ee5,roman,XLII,XLII,True
d8e7483c,cipher,turtle sees the curious forest,turtle sees the curious forest,True
d8ef1dae,bit,11011011,11011011,True
d8f40319,gravity,72.46,72.46,True
d8f650b4,roman,XXIV,XXIV,True
d9069e8f,unit,20.62,20.62,True
d90cb50d,roman,LXXV,LXXV,True
d90cbba1,roman,LXXXII,LXXXII,True
d90fd533,cipher,bird draws the clever potion,bird draws the clever potion,True
d911e8e1,symbol,,:\:,False
d9210b27,unit,21.72,21.72,True
d93c4bb0,roman,XCI,XCI,True
d93db124,cipher,the clever alice studies,the clever alice studies,True
d9441d16,bit,01000010,01000010,True
d9515aac,unit,72.00,72.00,True
d9516e43,roman,IX,IX,True
d95344df,cipher,the clever bird writes,the clever bird writes,True
d9549b88,unit,26.89,26.89,True
d954d688,roman,III,III,True
d955cffb,gravity,70.01,70.01,True
d9575f79,symbol,,|`/},False
d9622cb6,gravity,79.87,79.87,True
d96607f8,symbol,,"""!<}",False
d96e06fa,cipher,the silver student found,the silver student found,True
d96f8ed9,roman,L,L,True
d976a7e9,unit,55.39,55.39,True
d9771d98,unit,19.70,19.70,True
d97da22d,unit,18.15,18.16,False
d98d85c0,symbol,,?(&@,False
d996d0b8,bit,00000011,00000011,True
d99baa5f,cipher,hatter sees story,hatter sees story,True
d9a186d1,roman,LXXIV,LXXIV,True
d9a2b78f,symbol,,901,False
d9a46958,roman,LXXXVI,LXXXVI,True
d9a4924d,unit,53.22,53.22,True
d9ae48ad,bit,01110000,01110000,True
d9b40d08,gravity,25.99,25.99,True
d9bb4212,unit,50.27,50.27,True
d9bdf754,bit,,00011111,False
d9bedb64,symbol,,(1,False
d9cd73c2,bit,11001001,11001001,True
d9ce7d0d,bit,,00000111,False
d9d764f9,gravity,11.78,11.78,True
d9d85c78,unit,92.16,92.16,True
d9da2a54,bit,00011001,00011001,True
d9e00612,cipher,bird found the bright garden,bird found the bright garden,True
d9e76e9e,gravity,60.65,60.65,True
d9f1416e,cipher,dragon follows treasure,dragon follows treasure,True
d9fa2215,roman,XXI,XXI,True
d9fed13d,roman,LXXXIII,LXXXIII,True
da040da4,cipher,teacher imagines potion,teacher imagines potion,True
da062350,symbol,,<[,False
da0c7a5e,gravity,171.79,171.79,True
da10a947,symbol,,^$!^,False
da13ee5e,unit,20.46,20.46,True
da164301,unit,26.74,26.74,True
da1754e3,cipher,princess draws inside mountain,princess draws inside mountain,True
da2998b6,symbol,,-?|,False
da353dee,symbol,,"@@@""",False
da38592d,bit,01001110,01001110,True
da3f727d,symbol,,/14,False
da419164,roman,V,V,True
da4c92a3,bit,10000000,10000000,True
da51295d,symbol,,@]`,False
da616170,bit,,00010111,False
da61dedc,symbol,,/|{#,False
da64ce9e,roman,XXXV,XXXV,True
da7288cb,bit,01101101,01101101,True
da778b21,bit,,11000111,False
da7c1a80,unit,68.13,68.13,True
da7f04b5,cipher,cat follows the magical potion,cat follows the magical potion,True
da85bf04,unit,28.40,28.40,True
da900804,gravity,65.92,65.92,True
da931308,symbol,,-(],False
daa00e4c,roman,LXXXIX,LXXXIX,True
daa97b6b,roman,X,X,True
daae01eb,roman,XCV,XCV,True
dabffb8a,roman,XXX,XXX,True
dac75343,symbol,,#@@`,False
dad2fa6c,gravity,166.54,166.54,True
dad3bf21,symbol,,-}},False
dad73c21,roman,XLV,XLV,True
dadc24d7,symbol,,{{,False
dadcd2c7,roman,V,V,True
dade00e5,roman,LV,LV,True
dae576ce,bit,01000100,01000100,True
dae6dea8,unit,63.16,63.16,True
daf021c5,gravity,9.68,9.68,True
daf04fee,bit,11110101,11110101,True
daf87b91,roman,XXXVI,XXXVI,True
dafd11de,symbol,,(',False
dafea26e,roman,LXVI,LXVI,True
db1e0603,symbol,,![},False
db2fa45c,unit,28.76,28.76,True
db300a05,gravity,98.29,98.29,True
db360db0,bit,,11000110,False
db3da411,gravity,6.54,6.54,True
db4383f3,symbol,,175,False
db45b1dd,gravity,11.65,11.65,True
db4f43ef,symbol,,"%""|@",False
db4f6493,cipher,mouse dreams near village,mouse dreams near village,True
db564ba9,symbol,,(`#,False
db56bba9,bit,11001000,11001000,True
db5a5b71,symbol,,31,False
db66c42c,symbol,,'},False
db677e8c,cipher,the dark dragon follows,the dark dragon follows,True
db6a5663,symbol,,2945,False
db7b3454,cipher,the mysterious bird found,the mysterious bird found,True
db88075e,cipher,bird found the silver message,bird found the silver message,True
db89abd9,cipher,princess chases through village,princess chases through village,True
db9a4dee,cipher,turtle sees around island,turtle sees around island,True
db9d916c,cipher,wizard explores beyond library,wizard explores beyond library,True
db9eb3f2,unit,31.83,31.83,True
dba045b0,symbol,,`,False
dbabfbdd,bit,11000000,11000000,True
dbb29dac,roman,XIV,XIV,True
dbb611da,bit,00000001,00000001,True
dbb789cc,bit,10101101,10101101,True
dbbc0dab,gravity,14.15,14.15,True
dbc197e0,bit,10111011,10111011,True
dbc31a23,gravity,28.12,28.12,True
dbc4194a,bit,00000000,00000000,True
dbc542da,unit,9.82,9.82,True
dbc6defc,symbol,,1886,False
dbd0e3c9,symbol,,5631,False
dbd0ee35,roman,LVIII,LVIII,True
dbd2be34,cipher,bird sees secret,bird sees secret,True
dbdbbaa3,symbol,,>'',False
dbde4396,gravity,95.49,95.48,False
dbf2b40f,bit,10001101,10001101,True
dbf6fb13,unit,12.39,12.39,True
dbfa4f53,roman,XX,XX,True
dc05de11,cipher,alice reads the golden treasure,alice reads the golden treasure,True
dc0f5e5e,symbol,,%%}#,False
dc10ca9b,cipher,student reads inside garden,student reads inside garden,True
dc178d1c,symbol,,04,False
dc1e89c9,unit,30.08,30.08,True
dc240ebd,symbol,,`}:},False
dc4632cf,roman,XLII,XLII,True
dc583bdb,bit,11101101,11101101,True
dc593799,bit,10001010,10001010,True
dc64cb23,unit,25.17,25.17,True
dc6c0d49,symbol,,:>?#,False
dc73d295,symbol,,86,False
dc7a5e7b,symbol,,4445,False
dc7e2689,gravity,78.29,78.29,True
dc7f150a,bit,11001011,11001011,True
dc83c9dc,roman,XCIV,XCIV,True
dc8c22f7,cipher,student discovers through library,student discovers through library,True
dc93896e,symbol,,[?<,False
dc99f250,bit,00000010,00000010,True
dcad18e9,bit,00000111,00000111,True
dcaf44c4,symbol,,8742,False
dcb76cdf,roman,XXXVII,XXXVII,True
dcb9e01d,symbol,,}@`,False
dcbb86f4,unit,11.46,11.46,True
dcbf2073,symbol,,124,False
dccaafc2,roman,XXVIII,XXVIII,True
dcd0c81a,unit,12.27,12.26,False
dceb9ba2,roman,XCIV,XCIV,True
dcf4518b,cipher,student imagines the silver forest,student imagines the silver forest,True
dcf49d02,roman,XXXIX,XXXIX,True
dd01103a,unit,28.46,28.46,True
dd0f5fc9,unit,59.99,59.99,True
dd24b691,cipher,alice writes inside castle,alice writes inside castle,True
dd2549dd,cipher,rabbit watches inside garden,rabbit watches inside garden,True
dd3449c5,gravity,205.87,205.86,False
dd3d9046,bit,10100000,10100000,True
dd41e621,roman,XV,XV,True
dd450450,cipher,the magical turtle writes,the magical turtle writes,True
dd49412d,roman,XC,XC,True
dd56d4f9,roman,LV,LV,True
dd626fd0,symbol,,1671,False
dd7893f2,unit,9.52,9.52,True
dd8fdfbf,roman,XLVI,XLVI,True
dd900b68,bit,,11111111,False
dd919625,unit,13.58,13.58,True
dd9249a9,gravity,32.17,32.17,True
dd9ee40c,bit,11111011,11111011,True
dda3b85d,gravity,90.49,90.49,True
ddaa5f84,cipher,queen creates the secret map,queen creates the secret map,True
ddafe911,unit,23.19,23.19,True
ddb4bc42,unit,32.02,32.01,False
ddb82859,gravity,23.69,23.69,True
ddb9aafd,symbol,,5544,False
ddc0b4e2,roman,XIII,XIII,True
ddc39a31,cipher,princess chases the curious garden,princess chases the curious garden,True
ddc5aefe,bit,00000001,00000001,True
ddc8ab31,roman,XXIV,XXIV,True
ddd199dd,gravity,16.48,16.48,True
ddd4edb3,cipher,the colorful student sees,the colorful student sees,True
dde0558e,bit,00011000,00011000,True
dde06528,symbol,,8452,False
dde816ef,cipher,rabbit writes the strange forest,rabbit writes the strange forest,True
ddeac876,unit,34.49,34.49,True
ddedebc3,unit,51.38,51.38,True
ddf721dc,roman,XLIII,XLIII,True
de036bbf,symbol,,''#,False
de06069c,cipher,cat explores beyond palace,cat explores beyond palace,True
de11a23a,bit,00000001,00000001,True
de25affe,roman,IX,IX,True
de3ea27c,symbol,,!|%],False
de488cd3,gravity,66.97,66.97,True
de4b882e,roman,XXX,XXX,True
de4fc6b3,gravity,112.64,112.64,True
de6beab9,unit,21.60,21.60,True
de78c53f,gravity,61.65,61.65,True
de790d18,gravity,28.13,28.13,True
de7b7271,roman,LXV,LXV,True
de91def4,bit,10000111,10000111,True
de96d691,cipher,turtle found beyond library,turtle found beyond library,True
de98159a,unit,38.22,38.22,True
dea42835,symbol,,['[/,False
deb4943f,roman,LXVII,LXVII,True
debff779,symbol,,94,False
dedce87a,cipher,wizard dreams puzzle,wizard dreams puzzle,True
dedd66f7,bit,,01010111,False
deeb0f72,gravity,48.86,48.86,True
deed3497,symbol,,\^]],False
df06c393,roman,XCVII,XCVII,True
df0b4071,roman,LXI,LXI,True
df0eadf0,gravity,63.29,63.29,True
df0ee633,unit,28.85,28.85,True
df19097a,unit,60.51,60.52,False
df1a2e09,cipher,dragon watches potion,dragon watches potion,True
df1e3788,symbol,,>^>,False
df2fd240,gravity,145.29,145.29,True
df309eeb,symbol,,77,False
df3262bc,symbol,,]/,False
df5f2aa8,unit,25.82,25.82,True
df68ebdd,cipher,princess studies beyond forest,princess studies beyond forest,True
df6ead3d,cipher,king follows the curious mirror,king follows the curious mirror,True
df81fd9b,cipher,student draws inside cave,student draws inside cave,True
df876b61,roman,LXXVIII,LXXVIII,True
df884c83,cipher,the colorful wizard follows,the colorful wizard follows,True
df8b803c,roman,XLV,XLV,True
df92aa6a,symbol,,7682,False
df9609fd,roman,XXIV,XXIV,True
dfa175ce,roman,LXXXI,LXXXI,True
dfad71ea,cipher,the ancient rabbit reads,the ancient rabbit reads,True
dfadfe55,bit,00110101,00110101,True
dfbcf27a,unit,3.41,3.41,True
dfbf4e0e,bit,00110111,00110111,True
dfbf6cc3,cipher,cat watches crystal,cat watches crystal,True
dfc4839c,bit,10000001,10000001,True
dfd704f8,bit,11101110,11101110,True
dfda1b37,gravity,21.24,21.24,True
dfec0ed4,symbol,,9370,False
dfecf5f5,symbol,,',False
dff2a315,bit,10111110,10111110,True
dffa1522,cipher,the secret turtle draws,the secret turtle draws,True
e00abbbb,bit,00000010,00000010,True
e01c7e3a,gravity,30.03,30.03,True
e01f7a71,gravity,155.89,155.89,True
e02a19fe,unit,10.53,10.53,True
e03315c8,roman,VII,VII,True
e0351b72,unit,23.15,23.15,True
e040cfe6,cipher,knight draws the mysterious door,knight draws the mysterious door,True
e042dedb,unit,44.71,44.71,True
e04f0fb4,roman,LXVIII,LXVIII,True
e05203f5,cipher,rabbit draws book,rabbit draws book,True
e0545ff2,roman,LI,LI,True
e0564ae4,cipher,mouse dreams the secret castle,mouse dreams the secret castle,True
e056abdc,cipher,hatter found under garden,hatter found under garden,True
e05908dd,cipher,teacher writes message,teacher writes message,True
e05e32da,roman,XXII,XXII,True
e05e9ed2,bit,00000111,00000111,True
e061a54f,roman,LXXXIII,LXXXIII,True
e063d66b,unit,35.01,35.01,True
e07fffa6,symbol,,04,False
e0819bcd,cipher,student watches the silver garden,student watches the silver garden,True
e0918834,bit,10000111,10000111,True
e099a43a,bit,,01111110,False
e0a4942d,roman,LXXXII,LXXXII,True
e0ad7a6d,cipher,the clever queen discovers,the clever queen discovers,True
e0b993bd,bit,10100001,10100001,True
e0be33cc,unit,47.93,47.93,True
e0c9f5bb,roman,XXXVIII,XXXVIII,True
e0d2db0b,unit,9.01,9.01,True
e0d92248,bit,00000000,00000000,True
e0eba119,bit,00010010,00010010,True
e0ee5c99,cipher,bird discovers garden,bird discovers garden,True
e100c796,gravity,9.93,9.93,True
e102a09d,symbol,,-02,False
e109d7d4,unit,19.37,19.38,False
e11a18af,cipher,student found in library,student found in library,True
e11c9f89,bit,,00111011,False
e124d12a,bit,11111101,11111101,True
e125822b,roman,XVII,XVII,True
e126a1e3,symbol,,"<"":",False
e13c832b,cipher,turtle watches treasure,turtle watches treasure,True
e141dc83,symbol,,:>,False
e143283e,gravity,133.11,133.11,True
e14ae2d7,unit,56.80,56.80,True
e1536141,cipher,the colorful wizard chases,the colorful wizard chases,True
e164fac5,unit,31.62,31.61,False
e16aaf48,roman,LXXXVII,LXXXVII,True
e16e7f6d,bit,01110100,01110100,True
e1728524,symbol,,1089,False
e172a24e,unit,52.54,52.54,True
e17d606c,unit,59.01,59.01,True
e17e76cc,cipher,the dark alice reads,the dark alice reads,True
e18a1f70,roman,XCI,XCI,True
e192e12e,cipher,hatter follows the clever message,hatter follows the clever message,True
e199cb39,cipher,the mysterious alice discovers,the mysterious alice discovers,True
e19a85da,gravity,61.76,61.76,True
e19d89e9,cipher,rabbit dreams the clever forest,rabbit dreams the clever forest,True
e1a8087e,gravity,72.70,72.7,False
e1beed16,cipher,rabbit reads under valley,rabbit reads under valley,True
e1c0ae13,symbol,,4968,False
e1e86520,unit,51.32,51.32,True
e1f3ffbb,bit,11111010,11111010,True
e1fa1e3c,gravity,20.52,20.52,True
e206c8e6,unit,8.85,8.85,True
e20aa7b7,bit,01111101,01111101,True
e20b6ce3,roman,C,C,True
e20d3f48,bit,10110101,10110101,True
e212c6fd,unit,23.45,23.45,True
e219d127,gravity,77.12,77.11,False
e22b6888,cipher,the silver rabbit explores,the silver rabbit explores,True
e23235bd,unit,63.57,63.57,True
e2361a00,symbol,,',False
e244d069,unit,47.96,47.96,True
e247d364,symbol,,11,False
e24b1277,bit,11101111,11101111,True
e24c8980,bit,,01111011,False
e266959e,bit,,11100110,False
e2838065,gravity,26.34,26.34,True
e2896720,cipher,rabbit discovers mirror,rabbit discovers mirror,True
e28a9676,cipher,bird imagines the bright garden,bird imagines the bright garden,True
e29baa31,unit,19.31,19.31,True
e2a32727,roman,V,V,True
e2b02e13,bit,01111110,01111110,True
e2b4543a,unit,18.63,18.63,True
e2bb1d9f,symbol,,-91,False
e2bd1d40,roman,XXIX,XXIX,True
e2c069ae,symbol,,/{,False
e2d4bfe6,unit,41.31,41.31,True
e2d7cd9d,unit,13.19,13.19,True
e2e355b5,unit,6.45,6.45,True
e2efe5d3,roman,XCVI,XCVI,True
e2f184b4,bit,00000001,00000001,True
e2f2bea4,symbol,,3075,False
e2f56016,gravity,47.86,47.86,True
e306dd5d,cipher,the golden queen follows,the golden queen follows,True
e307429d,symbol,,6523,False
e31b46ff,cipher,turtle reads mirror,turtle reads mirror,True
e31bbb85,roman,XVII,XVII,True
e31f11c5,roman,XXIV,XXIV,True
e3248f5e,gravity,28.57,28.57,True
e32c84ec,gravity,63.63,63.63,True
e33f1695,symbol,,5554,False
e346233f,unit,53.14,53.14,True
e34cc6dd,bit,00000001,00000001,True
e3590284,bit,01111110,11111111,False
e35b4378,gravity,71.02,71.03,False
e35e9d2c,unit,29.22,29.22,True
e368d23f,bit,00001101,00001101,True
e36a0065,bit,01110110,01110110,True
e36ceeaa,cipher,dragon draws under school,dragon draws under school,True
e379414c,cipher,bird found the bright map,bird found the bright map,True
e3890bf7,symbol,,{@%],False
e38c423b,symbol,,"""(@""",False
e38d2718,gravity,50.90,50.9,False
e38e6518,cipher,king found key,king found key,True
e394bdac,roman,XXI,XXI,True
e3960bec,roman,XLIII,XLIII,True
e3a17aee,roman,XLI,XLI,True
e3a5f597,cipher,bird chases story,bird chases story,True
e3adf639,roman,XV,XV,True
e3b06854,symbol,,/&:,False
e3b3573a,symbol,,7265,False
e3b511d6,roman,XLIX,XLIX,True
e3b5373a,roman,L,L,True
e3b8096e,gravity,29.29,29.29,True
e3bf0c2c,symbol,,"""`",False
e3c672be,bit,10010011,10010011,True
e3cd5a35,gravity,87.31,87.31,True
e3dfefaf,roman,XCVIII,XCVIII,True
e3e3c723,cipher,teacher follows under school,teacher follows under school,True
e3e70e8e,gravity,60.56,60.56,True
e3fbc768,symbol,,'(^),False
e3ff3a78,unit,74.07,74.07,True
e401ee4f,symbol,,^^@},False
e40635a7,bit,10101111,10101111,True
e406f8e6,gravity,36.28,36.28,True
e4105227,roman,LXIX,LXIX,True
e41eac0a,cipher,rabbit reads crystal,rabbit reads crystal,True
e4240858,roman,XXVIII,XXVIII,True
e4351236,cipher,mouse explores the wise crystal,mouse explores the wise crystal,True
e43520a7,gravity,3.89,3.89,True
e43d067d,roman,LII,LII,True
e44415b8,unit,46.76,46.76,True
e4456e1d,gravity,106.29,106.3,False
e4479bb1,symbol,,(35,False
e44b5be4,gravity,74.45,74.45,True
e44fed1a,gravity,50.93,50.92,False
e4525488,bit,00011011,00011011,True
e45a4109,cipher,the secret student writes,the secret student writes,True
e477385c,roman,VII,VII,True
e4835530,bit,01001010,01001010,True
e483e127,symbol,,#''>,False
e48bc40f,gravity,68.50,68.5,False
e495b8e7,bit,01000111,01000111,True
e4ac1777,cipher,the colorful hatter studies,the colorful hatter studies,True
e4aeed67,symbol,,@`,False
e4af1185,roman,XCVII,XCVII,True
e4b61718,cipher,wizard found the silver potion,wizard found the silver potion,True
e4b6ce82,symbol,,669,False
e4bfcaa9,gravity,120.59,120.59,True
e4c4c861,unit,66.15,66.15,True
e4c7709f,cipher,the curious knight reads,the curious knight reads,True
e4ca4f9e,symbol,,'#{,False
e4cc7639,symbol,,113,False
e4e1cd56,cipher,princess follows puzzle,princess follows puzzle,True
e4e7833b,gravity,180.44,180.44,True
e4ea8dbc,bit,11001001,11001001,True
e4ebb7e9,gravity,125.61,125.6,False
e4ebe7ed,gravity,15.26,15.26,True
e4f3a31c,gravity,57.35,57.35,True
e4fc442c,cipher,alice found secret,alice found secret,True
e4fc9ec8,gravity,34.75,34.75,True
e4fce54d,roman,XXVIII,XXVIII,True
e4ff7676,gravity,86.48,86.48,True
e50b2f36,gravity,28.56,28.56,True
e513f990,cipher,turtle found under mountain,turtle found under mountain,True
e51410da,roman,LXXVII,LXXVII,True
e518256e,symbol,,84,False
e51f5899,roman,XXIX,XXIX,True
e526fae1,cipher,the hidden student dreams,the hidden student dreams,True
e52fb8bd,bit,00110011,00110011,True
e5318535,roman,XXIV,XXIV,True
e553bd78,bit,00010010,00010010,True
e555400c,gravity,11.36,11.36,True
e55d1044,bit,00000010,00000010,True
e55f610f,gravity,55.09,55.09,True
e55fd0b8,cipher,student watches beyond garden,student watches beyond garden,True
e560f574,gravity,21.06,21.06,True
e563e1b3,roman,XXXIII,XXXIII,True
e56546cc,cipher,turtle discovers key,turtle discovers key,True
e568d07b,bit,11110001,11110001,True
e5695d36,roman,XIV,XIV,True
e56e24d1,roman,XXXVII,XXXVII,True
e582df31,symbol,,}@,False
e585410a,symbol,,"$""!@",False
e58759c0,gravity,55.97,55.97,True
e5956ffa,symbol,,821,False
e598c0ba,roman,LXXXV,LXXXV,True
e5a54a53,cipher,rabbit dreams beyond school,rabbit dreams beyond school,True
e5a5fdef,bit,11001011,11001011,True
e5ae10ea,unit,30.72,30.72,True
e5ae7b47,bit,00000000,00000000,True
e5b3f73b,bit,,10111011,False
e5b65a4c,symbol,,``#,False
e5bb9b26,bit,01110001,11110001,False
e5bebe50,gravity,19.60,19.59,False
e5d0d497,bit,,01101101,False
e5d4eeb8,symbol,,1162,False
e5d6e090,symbol,,#<@,False
e5dd205d,gravity,157.60,157.6,False
e5de2bef,roman,XXXVI,XXXVI,True
e5e29014,symbol,,'%,False
e5e3c22b,bit,00100000,00100000,True
e5e4f442,cipher,mouse studies under garden,mouse studies under garden,True
e5eb5d40,unit,10.95,10.95,True
e60752d5,unit,26.46,26.46,True
e612387f,bit,,01011001,False
e6157d05,unit,9.64,9.64,True
e61c8872,unit,16.14,16.14,True
e62041e4,gravity,32.74,32.74,True
e620b293,gravity,9.23,9.23,True
e625f5a7,bit,00100101,00100101,True
e62b6ae9,symbol,,[[`<,False
e634344a,gravity,45.52,45.52,True
e641791f,bit,00010001,00010001,True
e6491c2b,roman,XXIX,XXIX,True
e651c3ee,bit,01101001,01101001,True
e661b7dc,gravity,19.22,19.22,True
e667f2d7,symbol,,*4,False
e66b3d65,unit,87.34,87.35,False
e6705765,cipher,the curious knight follows,the curious knight follows,True
e6737768,cipher,teacher studies the dark forest,teacher studies the dark forest,True
e676b5ed,cipher,turtle reads around island,turtle reads around island,True
e67cbe88,bit,11010111,11010111,True
e6a0585e,roman,LXXVI,LXXVI,True
e6af1658,symbol,,)})/,False
e6af1a6e,roman,XVII,XVII,True
e6af8e6f,bit,00010001,00010001,True
e6b04620,roman,LXX,LXX,True
e6baee52,unit,38.38,38.39,False
e6c5de97,unit,38.64,38.64,True
e6c946e0,bit,01010010,01010010,True
e6cbc2bd,bit,00000011,00000011,True
e6cf4381,gravity,65.72,65.72,True
e6d2a064,bit,,11100011,False
e6d3a97b,bit,,11010010,False
e6de0ad5,cipher,turtle discovers through mountain,turtle discovers through mountain,True
e6f59041,roman,LXIII,LXIII,True
e6f974e9,gravity,169.02,169.02,True
e6fe8770,unit,8.95,8.95,True
e70d5739,symbol,,6257,False
e72155f3,bit,01100000,01100000,True
e727fd6c,gravity,70.94,70.94,True
e738b135,unit,69.86,69.86,True
e75d6620,unit,27.89,27.89,True
e75dfe6b,bit,00100110,00100110,True
e76b11df,roman,XXVIII,XXVIII,True
e776562e,symbol,,@\%,False
e7795622,unit,90.07,90.07,True
e78796d3,gravity,158.41,158.41,True
e79c8c5a,bit,10000011,10000011,True
e7a2c86c,roman,X,X,True
e7b87b82,symbol,,10,False
e7c4366c,roman,XCVIII,XCVIII,True
e7c4abdb,unit,6.55,6.55,True
e7c7010f,cipher,student writes story,student writes story,True
e7c7486e,bit,10000111,10000111,True
e7c970eb,gravity,38.29,38.29,True
e7cf0394,symbol,,9783,False
e7ddff5c,unit,13.28,13.28,True
e7dfe7d3,symbol,,0,False
e7f1ac8e,bit,01001100,01001100,True
e800a0d1,gravity,21.02,21.02,True
e8011eb6,symbol,,]$|%,False
e80d8872,bit,,00000111,False
e810591c,bit,01110110,01110110,True
e818def8,bit,10101010,10101010,True
e8218e9d,bit,01000001,01000001,True
e821a3ca,bit,,00110111,False
e821b39e,roman,XLVIII,XLVIII,True
e82ed6be,symbol,,/'?,False
e830b594,unit,27.55,27.55,True
e832cf4b,unit,49.63,49.63,True
e8361d47,cipher,the hidden king writes,the hidden king writes,True
e836fb20,symbol,,68,False
e839885d,cipher,hatter explores around ocean,hatter explores around ocean,True
e8447ea9,cipher,princess imagines secret,princess imagines secret,True
e864916f,roman,LXXVII,LXXVII,True
e866cf9d,cipher,teacher chases the hidden book,teacher chases the hidden book,True
e870e852,bit,10011110,10011110,True
e87de13e,unit,47.83,47.84,False
e893d523,bit,11001000,11001000,True
e8970401,bit,,00011111,False
e89851b9,bit,,01001101,False
e89c56a6,roman,XI,XI,True
e8ab0c7f,roman,LXXVII,LXXVII,True
e8abdc14,gravity,91.48,91.48,True
e8c4a0bf,unit,22.08,22.08,True
e8cc1380,roman,XXXV,XXXV,True
e8d85e13,bit,00010000,00010000,True
e8de8b47,symbol,,1,False
e8deeee0,roman,LXXXVII,LXXXVII,True
e8e3924d,cipher,dragon discovers the magical message,dragon discovers the magical message,True
e8f13284,roman,LXXXI,LXXXI,True
e8f32d12,gravity,53.31,53.31,True
e8f79d26,bit,00110101,00110101,True
e903bc06,cipher,alice imagines around library,alice imagines around library,True
e9053301,gravity,28.46,28.46,True
e9096a58,unit,15.03,15.03,True
e90d9fcc,roman,XLIX,XLIX,True
e90e186c,unit,49.34,49.34,True
e912794a,bit,10000011,10000011,True
e915879a,bit,00100000,00100000,True
e918d7a0,roman,LXXIII,LXXIII,True
e928acf8,bit,10001111,10001111,True
e93a1610,gravity,95.87,95.86,False
e93a7809,roman,LXXXVIII,LXXXVIII,True
e93aca45,unit,21.14,21.14,True
e9461e93,unit,33.61,33.61,True
e952f61f,symbol,,4699,False
e960bc46,roman,LXIV,LXIV,True
e9631059,gravity,186.11,186.11,True
e9634ab2,gravity,51.96,51.96,True
e965574f,cipher,dragon chases the mysterious garden,dragon chases the mysterious garden,True
e9675928,roman,LXIV,LXIV,True
e969d8b1,gravity,32.24,32.24,True
e97073be,roman,XC,XC,True
e977d0b7,symbol,,&[/{,False
e97d9519,bit,10011001,10011001,True
e97e6f3a,unit,49.01,49.01,True
e98106b7,bit,,11100011,False
e998079c,bit,00110110,00110110,True
e9a34016,cipher,wizard dreams garden,wizard dreams garden,True
e9a4a228,unit,69.92,69.92,True
e9a84dd6,symbol,,771,False
e9a9b51f,bit,00110001,00110001,True
e9a9f047,symbol,,|(,False
e9aece37,symbol,,"[`""`",False
e9afa4a0,symbol,,}51,False
e9b69bf8,symbol,,15,False
e9d0e60e,cipher,dragon imagines the golden treasure,dragon imagines the golden treasure,True
e9d5d653,cipher,the hidden teacher sees,the hidden teacher sees,True
e9dff6f8,gravity,14.95,14.95,True
e9e64466,gravity,9.56,9.56,True
e9e6b620,symbol,,25,False
e9eab1d5,gravity,5.84,5.84,True
e9ed78f7,gravity,16.39,16.39,True
e9f338b7,gravity,36.52,36.52,True
e9f53408,bit,11111111,11111111,True
e9f8559a,symbol,,!|:',False
e9fc1822,roman,LVIII,LVIII,True
ea04ed35,symbol,,"|""",False
ea0deb13,bit,01110100,01110100,True
ea10e59c,bit,10101010,00101010,False
ea1c5fd9,gravity,16.45,16.45,True
ea23402d,roman,LXVIII,LXVIII,True
ea279733,gravity,9.32,9.32,True
ea2e88ca,bit,,00110111,False
ea3036b3,roman,IX,IX,True
ea34e037,roman,XXIII,XXIII,True
ea3f72ee,bit,11010010,11010010,True
ea44eb4d,unit,35.93,35.93,True
ea514252,gravity,66.69,66.69,True
ea587ea8,unit,71.25,71.25,True
ea5def07,bit,,11111111,False
ea62231c,gravity,124.73,124.73,True
ea66273c,cipher,hatter watches near school,hatter watches near school,True
ea670351,cipher,princess follows key,princess follows key,True
ea67a727,bit,,10100011,False
ea6859d7,bit,,01101110,False
ea6d926a,symbol,,87,False
ea79a0b1,gravity,70.30,70.3,False
ea7ba028,gravity,25.56,25.56,True
ea829b32,symbol,,151,False
ea838aea,unit,62.79,62.79,True
ea8977e0,unit,83.20,83.20,True
ea92e509,gravity,46.27,46.27,True
ea99f092,gravity,95.15,95.15,True
ea9f3811,symbol,,}13,False
eaa89f57,unit,32.63,32.63,True
eabc719f,symbol,,"/$""""",False
eabeb5d2,unit,61.21,61.21,True
eac0e775,symbol,,<@<(,False
eac4329c,cipher,mouse studies mirror,mouse studies mirror,True
eac57538,roman,LXXVII,LXXVII,True
ead0b0ae,unit,52.53,52.53,True
ead0e1dd,symbol,,911,False
ead8e193,unit,35.07,35.07,True
ead8fe28,symbol,,141,False
eade322c,cipher,the secret knight creates,the secret knight creates,True
eae192e0,unit,56.26,56.26,True
eae81189,bit,00100000,00100000,True
eaee053d,roman,LXXIII,LXXIII,True
eaf49e67,roman,LXV,LXV,True
eafc7e67,symbol,,9044,False
eaff1801,gravity,26.15,26.15,True
eb0ad1d2,unit,30.29,30.29,True
eb0b6c1f,roman,XXIV,XXIV,True
eb0dcb97,symbol,,${,False
eb12e80d,bit,11000111,11000111,True
eb15487a,cipher,dragon studies near tower,dragon studies near tower,True
eb1a62f7,symbol,,>!>},False
eb20ea88,bit,00110000,00110000,True
eb252a80,bit,,01110011,False
eb26f607,unit,32.61,32.61,True
eb26fb93,gravity,8.74,8.74,True
eb27e9e9,unit,78.72,78.72,True
eb2d32ba,roman,XLIV,XLIV,True
eb30ac27,cipher,mouse discovers book,mouse discovers book,True
eb354353,symbol,,\%<%,False
eb359ea5,bit,01100100,01100100,True
eb40d1f3,bit,10000001,10000001,True
eb59e331,gravity,131.38,131.38,True
eb5ffb87,gravity,210.09,210.1,False
eb68289b,symbol,,-82,False
eb6a20e4,cipher,dragon chases inside cave,dragon chases inside cave,True
eb8161ef,unit,23.95,23.95,True
eb821933,gravity,20.82,20.82,True
eb83a44c,roman,VIII,VIII,True
eb99214c,cipher,the wise student creates,the wise student creates,True
eb9963a8,roman,I,I,True
eba1891f,gravity,66.91,66.91,True
eba7188d,unit,20.11,20.11,True
eba7b40a,cipher,the golden cat sees,the golden cat sees,True
ebb0495a,unit,29.01,29.01,True
ebb4871c,cipher,the bright dragon follows,the bright dragon follows,True
ebb96f33,roman,LXXXVIII,LXXXVIII,True
ebbb5293,gravity,31.46,31.46,True
ebc369ad,gravity,19.61,19.61,True
ebc56423,symbol,,-(`,False
ebc7f250,unit,25.40,25.40,True
ebcd8131,unit,40.82,40.82,True
ebcf541d,cipher,knight writes garden,knight writes garden,True
ebd70c52,roman,LVII,LVII,True
ebe82de2,gravity,26.42,26.42,True
ebfdefbe,unit,29.54,29.54,True
ec14170e,cipher,rabbit creates in wonderland,rabbit creates in wonderland,True
ec192379,bit,00011111,00011111,True
ec1a957f,roman,LVII,LVII,True
ec1ee4b2,gravity,95.03,95.02,False
ec2099f5,symbol,,:]'\,False
ec2e58ea,bit,10100000,10100000,True
ec37a5e7,symbol,,-17,False
ec43b213,roman,XXXIV,XXXIV,True
ec466776,cipher,teacher creates the magical castle,teacher creates the magical castle,True
ec46d596,bit,,10111111,False
ec4c21e4,cipher,cat sees the silver key,cat sees the silver key,True
ec60620b,cipher,cat writes around school,cat writes around school,True
ec606cbb,cipher,cat dreams under school,cat dreams under school,True
ec694941,symbol,,1261,False
ec695c4d,unit,23.01,23.01,True
ec6fc7d9,unit,28.17,28.17,True
ec770b31,unit,15.13,15.13,True
ec780392,unit,41.92,41.91,False
ec897854,unit,13.55,13.55,True
ec8b4875,symbol,,"|""]",False
ec8e6754,gravity,95.78,95.78,True
ec92f091,symbol,,</,False
ec95e6e7,cipher,hatter imagines treasure,hatter imagines treasure,True
ec9ccba4,roman,XCIX,XCIX,True
eca3925a,gravity,44.07,44.07,True
ecbec7bf,unit,4.91,4.91,True
ecc1cf14,unit,59.84,59.84,True
ecc958de,roman,IX,IX,True
ecd328ef,bit,10110100,10110100,True
ecdc511b,unit,23.88,23.88,True
ecdef821,cipher,hatter found the curious book,hatter found the curious book,True
ece0babd,bit,10010100,10010100,True
ece1ab97,unit,47.69,47.69,True
ece27af7,unit,56.11,56.11,True
ecf2a23b,bit,00000000,00000000,True
ecfe68cb,roman,C,C,True
ed09402c,unit,49.86,49.86,True
ed09d71b,unit,67.32,67.32,True
ed0e359f,unit,31.56,31.56,True
ed0f2d1e,roman,XCVII,XCVII,True
ed24e7af,bit,00001001,00001001,True
ed2cf92d,cipher,the dark alice imagines,the dark alice imagines,True
ed2e3c8c,gravity,33.56,33.56,True
ed333177,unit,59.70,59.70,True
ed43dd53,gravity,31.05,31.05,True
ed55a613,unit,28.74,28.74,True
ed561f79,symbol,,38,False
ed56c862,cipher,alice watches key,alice watches key,True
ed5a4c11,cipher,the curious cat draws,the curious cat draws,True
ed5b5c60,unit,12.49,12.49,True
ed5c81ae,bit,00100000,00100000,True
ed61a9d6,symbol,,"!""""!",False
ed7780b9,cipher,queen studies castle,queen studies castle,True
ed80cf3e,symbol,,1431,False
ed85393d,roman,V,V,True
ed9827dc,unit,46.11,46.11,True
eda44942,bit,11000001,11000001,True
eda92556,unit,28.83,28.83,True
eda9e743,cipher,queen explores the colorful book,queen explores the colorful book,True
edb43422,symbol,,@^$,False
edb72283,gravity,53.83,53.83,True
edc86cbd,cipher,teacher chases puzzle,teacher chases puzzle,True
edc9de66,gravity,27.70,27.7,False
edcb339f,roman,LXXXI,LXXXI,True
edce434e,roman,XXII,XXII,True
edcee257,unit,34.71,34.71,True
edceeb09,cipher,the silver student found,the silver student found,True
eddb2f6a,bit,10010011,10010011,True
ede7dc2b,roman,XXXVI,XXXVI,True
edee6c08,unit,78.16,78.15,False
edf364da,symbol,,$(%,False
ee025239,unit,30.03,30.03,True
ee055f10,bit,,10001001,False
ee065f40,unit,28.13,28.13,True
ee07fd5c,roman,XV,XV,True
ee2e608e,bit,10101101,10101101,True
ee348712,gravity,16.72,16.72,True
ee3bbe87,bit,01110011,01110011,True
ee3d84c5,cipher,cat dreams potion,cat dreams potion,True
ee429a2d,bit,01011001,01011001,True
ee453cb4,unit,86.51,86.51,True
ee49f4b7,symbol,,)(^(,False
ee4ed522,cipher,the bright rabbit dreams,the bright rabbit dreams,True
ee4f1423,bit,01101111,01101111,True
ee5c05f4,gravity,53.99,53.99,True
ee61df9f,bit,01000100,01000100,True
ee7ce543,bit,00110011,00110011,True
ee7e7899,gravity,38.83,38.83,True
ee891900,unit,10.82,10.82,True
ee9239e9,symbol,,2629,False
ee96930b,roman,XXXIV,XXXIV,True
eea4368c,unit,16.12,16.12,True
eea90764,cipher,the magical king studies,the magical king studies,True
eea91b82,bit,,00101111,False
eea9f770,unit,28.26,28.27,False
eeac10f6,bit,,11011110,False
eeae398e,symbol,,3770,False
eeb33e03,roman,LXII,LXII,True
eeb60061,bit,00000101,00000101,True
eebac653,bit,10011111,10011111,True
eebbc531,unit,43.37,43.37,True
eebbd231,unit,5.72,5.72,True
eecc4256,unit,27.34,27.34,True
eed2f3ae,bit,11101111,11101111,True
eeda9bd9,bit,11111011,11111011,True
eedd22d7,unit,22.91,22.91,True
eee4f234,unit,16.98,16.98,True
eee99d16,gravity,83.25,83.25,True
eefdd08e,gravity,78.64,78.64,True
ef032cce,roman,VI,VI,True
ef0e74cb,roman,LXXXIV,LXXXIV,True
ef1351ad,bit,,10100110,False
ef14f398,cipher,knight studies the colorful crystal,knight studies the colorful crystal,True
ef18d132,roman,LXXVI,LXXVI,True
ef1aded6,cipher,cat follows above wonderland,cat follows above wonderland,True
ef1b13ac,symbol,,8,False
ef1f435e,cipher,dragon explores around wonderland,dragon explores around wonderland,True
ef260f7c,gravity,6.04,6.04,True
ef2dec53,unit,60.26,60.26,True
ef2fe526,bit,01011010,01011010,True
ef33fed5,unit,19.09,19.09,True
ef3757ed,unit,23.61,23.61,True
ef37f544,bit,10000000,10000000,True
ef37f996,gravity,23.85,23.85,True
ef3c7703,gravity,29.30,29.3,False
ef544a25,unit,78.76,78.76,True
ef580378,cipher,turtle writes near mountain,turtle writes near mountain,True
ef6b6bc3,cipher,alice writes message,alice writes message,True
ef6bc241,symbol,,$55,False
ef7dec9c,unit,20.39,20.39,True
ef7fde0e,roman,XXXIV,XXXIV,True
ef817ec9,gravity,24.16,24.16,True
ef904eeb,unit,32.29,32.29,True
ef919762,unit,16.26,16.26,True
ef9b4967,cipher,alice sees the magical puzzle,alice sees the magical puzzle,True
efa77fa0,unit,39.42,39.42,True
efa7edc3,symbol,,//:},False
efb39cd2,bit,10011000,10011000,True
efb78214,roman,V,V,True
efc2b69d,bit,10111100,10111100,True
efc5b861,unit,81.99,81.99,True
efc773d7,gravity,98.58,98.58,True
efc95486,symbol,,'/,False
efc9691d,symbol,,+$(,False
efdbb83a,cipher,dragon studies garden,dragon studies garden,True
eff63b8c,unit,17.95,17.95,True
f0007ca0,bit,11000110,11000110,True
f0039d4e,cipher,bird reads message,bird reads message,True
f01f112b,symbol,,$^>,False
f036c80e,unit,19.76,19.76,True
f03e67fd,unit,9.30,9.30,True
f0417bc1,cipher,alice creates puzzle,alice creates puzzle,True
f04202d4,roman,XXXIX,XXXIX,True
f047727f,unit,9.10,9.10,True
f04a63e5,unit,23.37,23.37,True
f05dc9a6,bit,00001100,00001100,True
f05e77f3,cipher,wizard follows inside wonderland,wizard follows inside wonderland,True
f05f2f50,unit,48.80,48.80,True
f06051ac,cipher,the magical bird writes,the magical bird writes,True
f06202ea,cipher,queen found above school,queen found above school,True
f06547b1,symbol,,"[%""",False
f06bd0ca,cipher,the ancient hatter discovers,the ancient hatter discovers,True
f06d66f7,gravity,184.97,184.97,True
f0816613,gravity,147.70,147.7,False
f083ceb1,roman,XXXIV,XXXIV,True
f0884872,unit,22.48,22.48,True
f09672d3,symbol,,@],False
f0a16a86,roman,VII,VII,True
f0a2d457,symbol,,22,False
f0b8dc9b,unit,15.03,15.04,False
f0bc64ea,unit,75.83,75.83,True
f0bd8010,unit,27.44,27.44,True
f0c8102d,roman,XLIII,XLIII,True
f0c96085,roman,LXV,LXV,True
f0ccc56e,gravity,22.93,22.93,True
f0d774c0,gravity,11.81,11.81,True
f0f19c66,unit,31.33,31.33,True
f1106935,cipher,mouse sees near school,mouse sees near school,True
f119f794,cipher,queen chases secret,queen chases secret,True
f1229d5b,roman,VI,VI,True
f1247832,cipher,hatter explores the colorful crystal,hatter explores the colorful crystal,True
f140dd5b,unit,21.88,21.88,True
f15c5106,bit,,00001110,False
f15f1307,roman,XVI,XVI,True
f1680db9,symbol,,:|#>,False
f17db8d6,bit,11000011,11000011,True
f18522a6,cipher,dragon watches the strange key,dragon watches the strange key,True
f18abb65,bit,,01011101,False
f194560a,roman,X,X,True
f197d953,cipher,knight writes inside school,knight writes inside school,True
f19b29c6,gravity,19.77,19.77,True
f19ffbf1,roman,LXXXVII,LXXXVII,True
f1a05733,bit,,01110101,False
f1b0d213,cipher,student discovers inside library,student discovers inside library,True
f1c1ed58,bit,,01111111,False
f1d60ece,unit,71.35,71.35,True
f1d6e384,gravity,210.80,210.79,False
f1e4b165,unit,26.55,26.55,True
f1e4cf96,roman,XXXVI,XXXVI,True
f1f023dd,roman,XLIV,XLIV,True
f1faac46,unit,39.45,39.45,True
f2014638,bit,10011010,10011010,True
f201b48d,gravity,21.90,21.9,False
f20bf656,bit,10100000,10100000,True
f20e64f5,gravity,221.54,221.54,True
f2164aa5,gravity,14.73,14.73,True
f2209ca5,symbol,,>#<,False
f2399f16,symbol,,">}""",False
f249f4c2,cipher,knight creates the secret potion,knight creates the secret potion,True
f24b8bee,bit,11011000,11011000,True
f2514b46,roman,LXXXIV,LXXXIV,True
f2664367,gravity,87.20,87.2,False
f2692ee7,cipher,cat follows crystal,cat follows crystal,True
f26970b3,cipher,knight studies the golden castle,knight studies the golden castle,True
f26e47a4,cipher,knight dreams castle,knight dreams castle,True
f278c735,unit,56.65,56.65,True
f28681ad,symbol,,4314,False
f290228c,bit,11110100,11110100,True
f29193ea,symbol,,@%^,False
f297547e,symbol,,@},False
f299569f,symbol,,7992,False
f2a167e5,bit,,10101110,False
f2a25cf9,symbol,,:!,False
f2ae9e31,cipher,the dark alice sees,the dark alice sees,True
f2afa350,gravity,63.02,63.02,True
f2afd89d,symbol,,6102,False
f2b1b6a7,roman,II,II,True
f2b23d11,bit,10000000,10000000,True
f2b4fd96,cipher,alice writes above cave,alice writes above cave,True
f2c26521,roman,LXXXIX,LXXXIX,True
f2d67c62,unit,38.76,38.76,True
f2e64e32,cipher,dragon writes the colorful puzzle,dragon writes the colorful puzzle,True
f2ea5b5e,cipher,hatter reads book,hatter reads book,True
f2ec1685,bit,00100111,00100111,True
f2f257ed,bit,11100001,11100001,True
f2f3d224,gravity,113.81,113.81,True
f2f586cb,unit,43.68,43.68,True
f2fa334a,symbol,,545,False
f2fb04d8,unit,45.33,45.33,True
f2fe103b,gravity,112.16,112.16,True
f2ff37b2,symbol,,2639,False
f304e11f,roman,VIII,VIII,True
f30a640c,roman,XII,XII,True
f30b205e,bit,10001011,10001011,True
f323ddca,gravity,203.48,203.47,False
f32745f1,cipher,the silver hatter watches,the silver hatter watches,True
f333b67f,symbol,,100,False
f336b423,gravity,178.37,178.37,True
f35a488d,symbol,,162,False
f35aa1ea,unit,24.28,24.28,True
f360b419,gravity,85.72,85.72,True
f36fe07e,symbol,,"?""}",False
f370fab8,bit,01011000,01011000,True
f376c085,bit,11010101,11010101,True
f3792ef2,unit,66.34,66.34,True
f37b8a8c,gravity,93.53,93.53,True
f382afce,gravity,9.26,9.26,True
f3959455,symbol,,:$,False
f3971b9a,bit,00011001,00011001,True
f3a3ca7e,unit,65.67,65.66,False
f3acfe77,roman,XXXVII,XXXVII,True
f3b4769d,unit,47.79,47.79,True
f3b6828b,gravity,26.61,26.61,True
f3be9e82,unit,35.16,35.16,True
f3bfb3bf,bit,10001011,10001011,True
f3c73290,symbol,,`[$,False
f3ca35e2,unit,18.21,18.21,True
f3cb45f3,cipher,knight writes the ancient message,knight writes the ancient message,True
f3cc989a,bit,01000000,01000000,True
f3cdeb29,bit,,01101110,False
f3ce6fa4,symbol,,"""{",False
f3cecf2f,symbol,,031,False
f3d9cd4b,unit,24.20,24.20,True
f3e08a24,symbol,,0548,False
f3e9b192,unit,14.41,14.41,True
f3ebf8bc,bit,00100011,00100011,True
f3edbc62,gravity,55.30,55.3,False
f3f76c82,gravity,28.40,28.4,False
f3fc7209,bit,10001000,10001000,True
f40140b3,unit,39.75,39.74,False
f405e41d,roman,XIII,XIII,True
f40d88b6,unit,11.63,11.63,True
f417b927,bit,,10100011,False
f42d5e08,cipher,king discovers the ancient door,king discovers the ancient door,True
f42d89af,roman,LXXXI,LXXXI,True
f431cf03,gravity,81.91,81.91,True
f4324ac2,unit,17.80,17.80,True
f43f6142,bit,01111101,01111101,True
f4470b02,cipher,the hidden hatter writes,the hidden hatter writes,True
f4579e02,cipher,turtle studies key,turtle studies key,True
f459b7b4,bit,00000000,00000000,True
f45dd620,symbol,,-??,False
f463ee16,symbol,,78,False
f466ba6d,cipher,the clever rabbit found,the clever rabbit found,True
f469f4d7,bit,11010001,11010001,True
f47276a4,roman,XLI,XLI,True
f47f9d17,unit,20.86,20.86,True
f4804b50,gravity,19.01,19.01,True
f4925854,bit,01011100,01011100,True
f49ec314,bit,,01110100,False
f4a1b386,unit,52.85,52.85,True
f4bb4d9c,bit,00001100,00001100,True
f4c0f677,roman,LIX,LIX,True
f4c4c324,unit,32.79,32.79,True
f4cc7e98,unit,8.13,8.13,True
f4d0e3d0,cipher,the silver cat writes,the silver cat writes,True
f4d3e67f,symbol,,%(,False
f4e1031d,gravity,50.98,50.98,True
f4eab30a,gravity,61.69,61.69,True
f4ebce25,unit,16.81,16.81,True
f4ecefa4,symbol,,86,False
f4f27085,bit,11100101,11100101,True
f4f41e1c,roman,LXXXI,LXXXI,True
f4f586f4,gravity,5.36,5.36,True
f4f92956,symbol,,(`)),False
f5031c32,roman,XL,XL,True
f5032cba,roman,LV,LV,True
f5059127,bit,11111100,11111100,True
f507b7f1,bit,,11001100,False
f5082693,bit,11110011,11110011,True
f508886a,roman,II,II,True
f5126d48,symbol,,${&@,False
f519ace9,symbol,,-(,False
f52edbc1,symbol,,?{,False
f53719ce,unit,27.38,27.38,True
f557284b,bit,10101111,10101111,True
f55c1bf0,bit,11010111,11010111,True
f55d7a75,cipher,mouse discovers the dark map,mouse discovers the dark map,True
f5631f08,unit,61.92,61.92,True
f568465f,cipher,alice follows the mysterious message,alice follows the mysterious message,True
f56e4d94,cipher,queen follows the strange door,queen follows the strange door,True
f5724d52,unit,32.17,32.17,True
f58232a6,unit,39.12,39.12,True
f582b202,unit,66.09,66.09,True
f5918499,unit,21.76,21.76,True
f5927098,roman,LXII,LXII,True
f598a715,cipher,the dark bird discovers,the dark bird discovers,True
f59e5a40,roman,LXXVII,LXXVII,True
f5b86c6e,unit,69.44,69.44,True
f5bd70c7,cipher,queen creates above wonderland,queen creates above wonderland,True
f5c57d9e,unit,12.30,12.30,True
f5c7d545,gravity,31.56,31.56,True
f5c84933,cipher,the secret king chases,the secret king chases,True
f5ca573f,unit,37.38,37.38,True
f5cb333a,bit,00000000,00000000,True
f5d096da,bit,00011101,00011101,True
f5d74f50,bit,11100001,11100001,True
f5e4615b,roman,LXXXIII,LXXXIII,True
f5e70398,gravity,20.21,20.21,True
f5fd3e29,cipher,king sees in valley,king sees in valley,True
f6009480,cipher,knight writes potion,knight writes potion,True
f607a27e,gravity,14.52,14.52,True
f611045a,gravity,22.38,22.38,True
f61f3d46,gravity,63.24,63.24,True
f622a8c3,unit,46.64,46.64,True
f624f57c,symbol,,[,False
f62bea45,roman,III,III,True
f62c1fa3,bit,,00110110,False
f639a4f1,unit,62.69,62.70,False
f63c1191,cipher,dragon found the colorful message,dragon found the colorful message,True
f63f77f8,gravity,66.84,66.83,False
f640b8aa,cipher,the golden princess chases,the golden princess chases,True
f640c781,gravity,184.19,184.19,True
f642e7b5,symbol,,-74,False
f6478b9f,gravity,31.34,31.34,True
f64796dc,cipher,the hidden king watches,the hidden king watches,True
f64eb796,bit,,01101101,False
f64f1dca,cipher,mouse creates the colorful puzzle,mouse creates the colorful puzzle,True
f65919a4,unit,22.04,22.04,True
f661a4d3,unit,5.07,5.07,True
f66415c0,cipher,dragon creates around cave,dragon creates around cave,True
f66f0fe0,symbol,,7793,False
f67b8172,gravity,24.16,24.16,True
f68a0b15,gravity,15.66,15.66,True
f68bcf46,cipher,rabbit writes the hidden puzzle,rabbit writes the hidden puzzle,True
f68f8c60,gravity,136.05,136.05,True
f692a1d8,cipher,turtle found under ocean,turtle found under ocean,True
f6948af3,roman,XVIII,XVIII,True
f69df322,unit,12.96,12.96,True
f6a05295,gravity,25.69,25.69,True
f6a7fc15,roman,LIX,LIX,True
f6a95641,bit,10111001,10111001,True
f6afb6b5,cipher,the wise knight found,the wise knight found,True
f6b107bc,cipher,student studies the magical message,student studies the magical message,True
f6b3076f,cipher,mouse explores map,mouse explores map,True
f6ba766e,unit,41.00,41.00,True
f6c019b6,cipher,the colorful knight dreams,the colorful knight dreams,True
f6ca90f6,symbol,,31,False
f6cdae94,cipher,queen imagines secret,queen imagines secret,True
f6db706e,symbol,,4,False
f6eef71c,gravity,31.76,31.76,True
f7033c9d,cipher,the ancient princess found,the ancient princess found,True
f7074a8f,roman,LXXIX,LXXIX,True
f71d0599,roman,LXXIX,LXXIX,True
f728db66,gravity,10.93,10.93,True
f729dd51,unit,66.01,66.01,True
f72b004a,roman,VI,VI,True
f731876f,gravity,174.61,174.62,False
f73349d4,gravity,43.99,43.99,True
f7346f0c,bit,11100101,11100101,True
f737eeea,unit,40.46,40.45,False
f745d8a2,bit,00010001,00010001,True
f7471414,cipher,student draws the strange castle,student draws the strange castle,True
f757b0f0,unit,12.71,12.71,True
f759bbc0,cipher,the golden queen imagines,the golden queen imagines,True
f75f4753,unit,25.67,25.67,True
f77a4bde,cipher,the hidden alice explores,the hidden alice explores,True
f78227f1,gravity,5.55,5.55,True
f7828fc1,symbol,,"@${""",False
f79f80f8,roman,XCII,XCII,True
f7a5cacd,cipher,hatter sees in village,hatter sees in village,True
f7a78457,roman,III,III,True
f7ab60d6,cipher,the curious rabbit studies,the curious rabbit studies,True
f7aeb894,bit,00000111,00000111,True
f7d26b8d,symbol,,/@,False
f7d53288,roman,LXXXII,LXXXII,True
f7d90ae3,symbol,,9819,False
f7da6f8b,unit,24.92,24.92,True
f7e6a877,cipher,teacher writes in forest,teacher writes in forest,True
f7e8ca63,symbol,,>}{`,False
f7eddd9b,cipher,princess discovers in school,princess discovers in school,True
f7f91582,roman,LXXXVI,LXXXVI,True
f7f9ba17,cipher,the strange student studies,the strange student studies,True
f80d2e10,symbol,,{)^],False
f81867e1,cipher,knight discovers in castle,knight discovers in castle,True
f819455a,cipher,hatter creates story,hatter creates story,True
f82a6f1c,roman,LXXXV,LXXXV,True
f82aaac4,roman,XXVII,XXVII,True
f83118d7,cipher,rabbit studies through valley,rabbit studies through valley,True
f83e6ef3,gravity,13.16,13.16,True
f83ff670,gravity,130.06,130.06,True
f84652b8,unit,7.93,7.93,True
f846fc66,gravity,201.31,201.31,True
f848a15f,roman,XXXIV,XXXIV,True
f84c009a,bit,00011001,00011001,True
f84c25f1,gravity,92.05,92.05,True
f85074ab,bit,00001010,00001010,True
f852f234,cipher,knight watches forest,knight watches forest,True
f860e46e,roman,XIV,XIV,True
f8640728,bit,00000000,00000000,True
f8731f21,symbol,,<)$<,False
f878c966,unit,8.87,8.87,True
f886b9af,roman,LXXIII,LXXIII,True
f8967c15,cipher,teacher chases beyond forest,teacher chases beyond forest,True
f89efc7d,cipher,student creates treasure,student creates treasure,True
f8aa53b8,gravity,32.44,32.44,True
f8bbabab,symbol,,>^`>,False
f8bd40c0,unit,54.74,54.74,True
f8c6ea2c,bit,00000000,00000000,True
f8d6abd1,symbol,,5543,False
f8e87e01,gravity,70.83,70.83,True
f8f0c5cb,roman,II,II,True
f8f4c3b4,bit,10001101,10001101,True
f8f50a29,gravity,51.17,51.17,True
f8fc43d2,bit,11100100,11100100,True
f901d1cc,symbol,,-<),False
f907b099,gravity,41.52,41.52,True
f90aff89,unit,18.12,18.12,True
f9103e02,unit,52.52,52.52,True
f9205e80,roman,XXXIII,XXXIII,True
f9215fe9,unit,90.71,90.71,True
f922f81c,bit,00000000,00000000,True
f929abdc,roman,XCIV,XCIV,True
f929c6cc,bit,10010001,10010001,True
f93475e9,symbol,,4443,False
f94810f5,symbol,,1592,False
f9483351,cipher,princess chases beyond palace,princess chases beyond palace,True
f94d250a,gravity,13.49,13.49,True
f94ed862,bit,11110001,11110001,True
f951b8a1,bit,11100111,11100111,True
f960e029,gravity,60.46,60.46,True
f964eb0e,roman,XXIII,XXIII,True
f96e1e6e,symbol,,041,False
f971f8dd,symbol,,131,False
f9799a68,symbol,,&:/?,False
f97bfcd3,roman,LXXXV,LXXXV,True
f98554f8,unit,43.58,43.58,True
f987326d,gravity,41.03,41.03,True
f9983eb7,symbol,,1983,False
f9a33aa1,symbol,,/((`,False
f9a40426,roman,XLII,XLII,True
f9a60673,cipher,the hidden hatter studies,the hidden hatter studies,True
f9b4f59c,cipher,the wise knight watches,the wise knight watches,True
f9bd3119,symbol,,)2,False
f9c104fa,unit,34.25,34.25,True
f9c59b61,bit,01001011,01001011,True
f9d9b3fd,roman,XXIII,XXIII,True
f9ddf958,roman,LXI,LXI,True
f9e27693,roman,XV,XV,True
f9e5dc75,unit,26.28,26.28,True
f9e92cb2,unit,58.32,58.32,True
f9f20a7a,gravity,13.28,13.28,True
f9fa506d,cipher,teacher creates story,teacher creates story,True
f9fee551,bit,00011010,00011010,True
f9ff29fa,symbol,,8482,False
fa106ea3,gravity,120.02,120.02,True
fa15ba19,cipher,dragon found mirror,dragon found mirror,True
fa2026b7,gravity,120.34,120.35,False
fa270930,unit,18.80,18.80,True
fa34cd1e,gravity,67.23,67.23,True
fa35a971,unit,55.74,55.74,True
fa3cd146,bit,,00001111,False
fa41bbc5,unit,18.00,18.00,True
fa4a1468,gravity,79.87,79.88,False
fa4d703a,symbol,,"^^""""",False
fa553b92,bit,,11000011,False
fa59b3f1,cipher,the golden rabbit writes,the golden rabbit writes,True
fa5dfa46,symbol,,-^},False
fa6705d0,roman,LXVII,LXVII,True
fa67da07,bit,11101011,11101011,True
fa6bd888,unit,27.88,27.88,True
fa6df7a1,cipher,knight follows in garden,knight follows in garden,True
fa6f754d,bit,11000000,11000000,True
fa714b83,symbol,,/,False
fa7426d3,symbol,,65,False
fa75d325,roman,LXXXIV,LXXXIV,True
fa8316db,unit,12.43,12.43,True
fa900ac8,bit,00001111,00001111,True
fa90729b,cipher,teacher watches message,teacher watches message,True
fa90c027,cipher,teacher writes above village,teacher writes above village,True
fa952980,symbol,,71,False
fa995fce,roman,IV,IV,True
faa24059,roman,XCV,XCV,True
faae7ce4,roman,LXXVI,LXXVI,True
fab4a4c1,roman,XIV,XIV,True
fab7251a,cipher,the mysterious turtle reads,the mysterious turtle reads,True
fab9831d,gravity,181.80,181.79,False
fac94c9f,roman,XXI,XXI,True
facc9bc2,unit,38.85,38.85,True
facd738c,gravity,21.97,21.97,True
face5252,bit,,11001110,False
fad3219a,cipher,student creates door,student creates door,True
fad59444,unit,37.05,37.05,True
fae0c63b,roman,LXXXVII,LXXXVII,True
fae0f471,cipher,the bright rabbit reads,the bright rabbit reads,True
fae24ad1,unit,64.08,64.08,True
fae3ee40,symbol,,{$,False
faf1121c,symbol,,))[,False
faf4865b,roman,LXVII,LXVII,True
faf60df9,unit,23.27,23.27,True
faf8e57f,gravity,119.44,119.45,False
fafe9174,roman,XV,XV,True
fb0b10be,gravity,103.02,103.02,True
fb0df6ae,gravity,59.54,59.55,False
fb15fcfa,bit,00011000,00011000,True
fb184e97,bit,00000000,00000000,True
fb23edcb,roman,LXIX,LXIX,True
fb37f51d,gravity,54.22,54.22,True
fb3f7b77,symbol,,62,False
fb440865,symbol,,@@,False
fb4bc935,symbol,,-6,False
fb5a7b9e,bit,11111010,11111010,True
fb5b3034,unit,25.19,25.19,True
fb623471,symbol,,-21,False
fb6b038d,cipher,the magical dragon dreams,the magical dragon dreams,True
fb71eaed,gravity,16.29,16.29,True
fb81a733,gravity,26.64,26.64,True
fb87d8fd,unit,29.59,29.59,True
fb8ae661,unit,32.84,32.84,True
fb8d5804,roman,LXXXII,LXXXII,True
fb955790,bit,01000010,01000010,True
fb9ef67d,roman,LXXXII,LXXXII,True
fba1e3c2,bit,00000000,00000000,True
fba40625,symbol,,'>&,False
fba8ec2d,unit,45.20,45.20,True
fbbe43a3,bit,00010101,00010101,True
fbc5dfbf,roman,IX,IX,True
fbcf88ad,gravity,141.75,141.75,True
fbd16bf8,gravity,114.71,114.71,True
fbd58e38,cipher,bird draws near garden,bird draws near garden,True
fbd5fe63,symbol,,$[>,False
fbda33d1,unit,20.90,20.90,True
fbdc95f2,roman,XXXVIII,XXXVIII,True
fbdf7656,bit,10100100,10100100,True
fbe4e6f6,cipher,alice discovers key,alice discovers key,True
fbe70ef5,cipher,student studies potion,student studies potion,True
fbf89e5d,cipher,teacher draws in palace,teacher draws in palace,True
fc027060,unit,14.44,14.44,True
fc0f513d,cipher,mouse creates the hidden map,mouse creates the hidden map,True
fc115718,gravity,31.00,31.0,False
fc137acd,symbol,,^^{>,False
fc174f21,bit,00000000,00000000,True
fc2b2fc9,symbol,,@:@,False
fc2f2ded,cipher,wizard found book,wizard found book,True
fc3982df,symbol,,"#\[""",False
fc4a85ad,bit,10110111,10110111,True
fc5f511e,roman,XVII,XVII,True
fc759a1a,symbol,,127,False
fc799f0a,symbol,,021,False
fc7d8708,cipher,the mysterious mouse creates,the mysterious mouse creates,True
fc7e4f9b,symbol,,?<,False
fc7e53c7,symbol,,42,False
fc800721,roman,XLVII,XLVII,True
fc83f7b4,roman,VII,VII,True
fc8bc8b2,gravity,49.79,49.79,True
fc9318d6,gravity,23.71,23.71,True
fc9b063b,gravity,116.87,116.86,False
fca0e8bf,cipher,the ancient mouse draws,the ancient mouse draws,True
fca76459,gravity,17.78,17.78,True
fcad9241,symbol,,}?,False
fcb9068b,unit,20.35,20.35,True
fcbb35e3,bit,,10101101,False
fcbc2935,unit,18.92,18.91,False
fcc5f83d,bit,00000000,00000000,True
fcc6dff6,bit,,00111010,False
fce40924,roman,LXVI,LXVI,True
fceb5045,roman,XLIII,XLIII,True
fcf75728,cipher,teacher creates forest,teacher creates forest,True
fd03c3d3,bit,11001000,11001000,True
fd0d1430,gravity,130.20,130.2,False
fd1078a6,cipher,knight discovers potion,knight discovers potion,True
fd108519,roman,LXI,LXI,True
fd13b7fd,bit,00011001,00011001,True
fd15ed49,bit,00000100,00000100,True
fd1b59f7,unit,94.23,94.23,True
fd1c8f66,symbol,,-}@,False
fd1d72d0,bit,00011001,00011001,True
fd21dc17,cipher,the secret knight dreams,the secret knight dreams,True
fd225d00,gravity,14.53,14.53,True
fd2c352d,bit,01010001,01010001,True
fd37b70f,roman,XCVII,XCVII,True
fd38d6f0,gravity,52.17,52.17,True
fd3920e2,cipher,hatter watches in island,hatter watches in island,True
fd40e54e,unit,34.75,34.75,True
fd48ee2f,bit,10110100,10110100,True
fd4a7808,roman,XL,XL,True
fd560247,gravity,13.09,13.09,True
fd5bb962,unit,73.45,73.45,True
fd663423,gravity,73.18,73.18,True
fd683004,symbol,,19,False
fd683d67,cipher,turtle found the dark crystal,turtle found the dark crystal,True
fd699316,bit,01011100,01011100,True
fd6caecf,unit,90.38,90.38,True
fd6eab47,gravity,188.87,188.87,True
fd724227,gravity,137.11,137.11,True
fd7712cc,roman,XCIII,XCIII,True
fd7920d3,bit,11111011,11111011,True
fd98d650,roman,XLII,XLII,True
fda48b48,cipher,queen imagines door,queen imagines door,True
fdaca283,roman,XVIII,XVIII,True
fdada8cd,roman,XXIII,XXIII,True
fdae34f8,gravity,189.74,189.74,True
fdb8ef71,unit,86.85,86.86,False
fdbdf50c,symbol,,"-\""",False
fdc2741a,roman,LXXXVIII,LXXXVIII,True
fdc51c5c,gravity,21.95,21.95,True
fdcf8451,gravity,131.79,131.79,True
fdd9ff2b,symbol,,825,False
fde6f39e,unit,37.73,37.73,True
fe13d2e7,roman,XXIII,XXIII,True
fe1f98a2,gravity,16.42,16.42,True
fe35c8c6,roman,LXVI,LXVI,True
fe393711,symbol,,1291,False
fe3c4763,cipher,mouse creates in valley,mouse creates in valley,True
fe407d0f,cipher,cat studies the silver message,cat studies the silver message,True
fe441a4b,cipher,bird writes puzzle,bird writes puzzle,True
fe44dfa9,roman,XXI,XXI,True
fe5ba68b,cipher,queen reads beyond valley,queen reads beyond valley,True
fe6adb7c,unit,38.95,38.96,False
fe6c17ab,roman,XCV,XCV,True
fe6d24f4,gravity,14.01,14.01,True
fe6d3aa3,bit,10100010,10100010,True
fe6da79d,symbol,,:&]!,False
fe6eaa3e,gravity,61.39,61.39,True
fe6fb7b4,unit,88.59,88.59,True
fe74312a,roman,XC,XC,True
fe85caf2,cipher,queen chases through mountain,queen chases through mountain,True
fe864eb7,roman,XXVI,XXVI,True
fe8728e9,gravity,42.12,42.12,True
fe97cd6f,cipher,turtle watches inside mountain,turtle watches inside mountain,True
fe998921,cipher,student draws inside mountain,student draws inside mountain,True
fe9ca47a,roman,XCVIII,XCVIII,True
fea71e16,bit,01001100,01001100,True
febd3442,symbol,,13,False
fec1ea92,bit,11001111,11001111,True
fecad63c,symbol,,09,False
fecfb467,bit,00101100,00101100,True
fed1b3e5,gravity,85.32,85.32,True
fed81e96,cipher,rabbit watches the clever potion,rabbit watches the clever potion,True
fed866eb,gravity,135.05,135.05,True
feda1e0a,gravity,58.51,58.51,True
fee15cc5,roman,III,III,True
fee5976e,bit,11100000,11100001,False
fee66e16,symbol,,3910,False
fee760c2,unit,7.17,7.17,True
fee8805e,roman,XVII,XVII,True
feef2d98,bit,00000000,00000000,True
fef61ca1,symbol,,111,False
fef8ce80,gravity,58.09,58.09,True
fef92296,unit,11.09,11.09,True
fefc4400,roman,I,I,True
ff039a4e,gravity,84.59,84.59,True
ff07a5c6,unit,29.42,29.42,True
ff084e14,cipher,cat explores the colorful key,cat explores the colorful key,True
ff0e37ae,symbol,,"%'""`",False
ff121f08,symbol,,#<,False
ff148329,unit,24.46,24.46,True
ff1518be,roman,XXXVII,XXXVII,True
ff16a080,gravity,20.29,20.29,True
ff20f28e,unit,17.55,17.55,True
ff232b96,gravity,114.94,114.94,True
ff2bb2a6,cipher,cat follows story,cat follows story,True
ff2e376c,gravity,190.03,190.03,True
ff4abb3e,cipher,queen draws the curious message,queen draws the curious message,True
ff5cb472,roman,V,V,True
ff5f4ff2,roman,LI,LI,True
ff612478,roman,XXI,XXI,True
ff650fc3,roman,XXXVI,XXXVI,True
ff746806,bit,11000000,11000000,True
ff7ffa87,cipher,rabbit explores mirror,rabbit explores mirror,True
ff8409cd,symbol,,9,False
ff85238e,gravity,57.61,57.61,True
ff86cd34,symbol,,)|((,False
ff8b36e7,bit,01010111,01010111,True
ff90228b,gravity,32.39,32.39,True
ff937315,cipher,turtle reads potion,turtle reads potion,True
ff948917,bit,00000001,00000001,True
ff9540e2,gravity,107.70,107.7,False
ffa4e736,bit,,00110111,False
ffa81415,unit,18.53,18.53,True
ffaf05c5,roman,XLVIII,XLVIII,True
ffb06ece,unit,18.47,18.47,True
ffb0ea22,cipher,hatter reads garden,hatter reads garden,True
ffce9e31,bit,01100110,01100110,True
ffd5bada,unit,32.45,32.45,True
ffd89354,cipher,student sees the curious mirror,student sees the curious mirror,True
ffdfb678,cipher,the curious mouse creates,the curious mouse creates,True
ffe680c2,gravity,57.00,57.0,False
